frame_idx,tracker_id,vx,vy
1,2,-0.03999320381717553,-0.5830910973663777
2,2,0.48908037247838365,2.7024022231075833
3,2,0.9613544828544036,1.532418518941995
4,2,-0.6764443750471401,0.8420037870732813
5,2,-0.5665649288539498,-3.2002987558335008
6,2,-1.689721794761681,6.037694139297855
7,2,0.08478184759133,0.8880598983901109
8,2,3.9784165359287726,8.705904639996788
9,2,2.4092805674627016,7.476385047668828
10,2,1.5838533029254904,2.999840899636638
11,2,1.3537073338839036,10.543252922393549
12,2,-0.4934089839516673,11.208649525448891
13,2,-0.2944550001038806,13.826067889240676
14,2,-0.5417624127449017,10.902373825921131
15,2,-0.07326200222814805,9.45471470493112
16,2,-0.24950375422758952,6.173135208672193
17,2,-0.06239307536816341,2.3399564768178607
18,2,-0.5249303737446098,-0.17675486781445215
19,2,-0.03959167139691999,-0.6112262721285333
20,2,-0.058738966029523,-1.1386588768073125
21,2,-0.0966950049796651,-1.2958538371340182
22,2,-0.5193889797355951,0.8816140060343969
23,2,-0.12437579394463683,0.4126349806624603
24,2,0.517473480946137,0.5245744330536581
25,2,0.5425079020724297,5.640525397755027
26,2,-0.24955698192570708,8.466963081741142
27,2,-0.05207691972191242,8.05931059110344
28,2,0.9899093591475321,8.021907935830313
29,2,0.3935119080797449,9.247371194590869
30,2,0.2751224868461577,10.49012511312867
31,2,0.30681108514272637,10.377894120534165
32,2,1.0126421462109647,8.322452093795164
33,2,-0.20750909892103664,4.910159267723429
34,2,-0.11555808389130107,4.277923003726755
35,2,0.0015489398911086028,2.6790224879209745
36,2,0.021922242593063856,2.092507580176971
37,2,-1.296931475506426,2.3881270237775425
38,2,-1.421322588736075,5.182575925728997
39,2,-0.9396659663470928,8.15496237635216
40,2,0.5272147277664772,6.8379718186388345
41,2,-0.6115365924624712,6.1641200333383495
42,2,18.97745985185702,15.209857887990893
43,2,15.955641626002944,17.13585022574034
44,2,13.942531500911173,13.18307824793419
45,2,12.369629458130476,10.874555574122041
46,2,9.39531192580489,9.453574770827345
47,2,7.3713219833925905,9.411456511244069
48,2,6.41950666712728,9.053929557678202
49,2,5.516616454500763,9.520873275070244
50,2,5.157172613377043,7.706760516222403
51,2,3.2480016798081124,7.444048830486281
52,2,3.426986969697282,13.718177115651997
53,2,0.9078333334327908,14.050921234276302
54,2,1.9192737767270955,12.520183919022202
55,2,-1.8494793420113638,8.935695591494095
56,2,-3.125399352356908,6.315595589485838
57,2,-3.4593880165029987,5.001523699304471
58,2,-3.0965648147666798,7.173303507501714
59,2,-4.1608177152766075,5.0158000019046085
60,2,-4.68987229512004,3.3842296719139995
61,2,-7.161546279751747,2.1438265074980336
62,2,-5.933554180516694,-4.995982849700795
63,2,-7.022971825466811,-5.297577179393102
64,2,-6.855658179415514,-6.766992984555145
65,2,-6.25240095656136,-3.0927149505532725
66,2,-7.0701227647587075,-2.5637205683719912
67,2,-5.78052723498422,-10.485006959754173
68,2,-7.287476156438061,-7.525854356477339
69,2,-7.165661211332008,-7.386165359425377
70,2,-6.981137283324642,-7.736018366242206
71,2,-5.700788471584019,-4.014307151783214
72,2,-4.800266195412405,-1.5149029726408116
73,2,-3.4871018409639873,-0.5997650259632792
74,2,-2.564553398102362,1.2937823324550664
75,2,-3.283753784837245,-1.1523935064456055
76,2,-4.0510869652189285,-2.633102274578505
77,2,-6.176391889397564,-3.084134824744524
78,2,-6.325166795572841,-1.5566517058655336
79,2,-6.333273665871275,0.01574794471207497
80,2,-7.4421003677107365,9.26280159592261
81,2,-7.586149365885831,8.827870858133792
82,2,-9.563331520422253,6.530903030664831
83,2,-11.989225330040426,4.858432285499475
84,2,-9.130955069644187,10.690654771311529
85,2,-7.849087342842722,11.530660079887639
86,2,-6.377961687036986,14.266763563708082
87,2,-6.647487791496133,6.7411170063187456
88,2,-5.003500827306198,7.664557481555676
89,2,-3.508623753980828,13.089589639373116
90,2,-10.030402335962208,6.905353526022736
91,2,-11.702390764616212,6.850715739532916
92,2,-4.73099420356175,8.32806427432115
93,2,-7.197638394154637,-1.2117007894194103
94,2,-10.02506881228328,-3.193791636709193
95,2,-11.344679344833821,-3.9433684438704404
96,2,-2.4115484249450674,9.880259898522581
97,2,-1.8834750192627325,10.980119731427294
98,2,-1.7611627248088553,6.763667451079527
99,2,-1.2383669900082168,8.787638978921223
100,2,0.23219786898607708,1.956073383637431
101,2,-0.08174350704757671,0.5117197728081919
102,2,-2.377275752715832,-1.6660105546861814
103,2,-3.434392684024715,-0.038332571433329576
104,2,-2.1416234801545215,0.7871612144758728
105,2,-2.9816972727167013,-1.4452643797126257
106,2,-4.086030843043773,-2.63563403905664
107,2,-6.512569352058563,-4.078152827423764
108,2,-4.998170759707136,-7.147241259989187
109,2,-4.006177270179251,-6.176367921338169
110,2,-3.822682394379626,-6.088079636202565
111,2,-5.2476191073146765,-9.171058012232152
112,2,-5.6838873800797955,-2.6890528127091784
113,2,-4.55111492621927,0.2516317318659276
114,2,-4.731227220675464,-1.5717476437957885
115,2,-3.102889358405264,-3.822290491149488
116,2,-3.5489391231149057,-0.6079800040060945
117,2,-3.325758402294923,-1.0569696282259429
118,2,-2.6581489021027664,-1.046634537553473
119,2,-2.6583451763663106,-0.13600906847796068
120,2,-4.181687359773605,0.7300271931321731
121,2,-4.6218549512168465,0.28469735594308077
122,2,-4.916264531685556,0.9571370183930412
123,2,-3.999034681086414,-1.800786486081961
124,2,-4.3335125339972365,1.4597395692990176
125,2,-3.4029991627849085,1.5053625029090654
126,2,-3.042015734470624,3.374295072449513
127,2,-2.6525858237164357,1.7718701937196784
128,2,-3.198859302056917,0.6552450713757025
129,2,-2.2818586953517297,4.283553896651938
130,2,-1.3722573557897704,3.485593434508246
131,2,-2.0286773446441657,2.3272002319586136
132,2,-2.178594633582179,-1.4723909689137145
133,2,-1.3076771367350375,1.6630167279545276
134,2,-1.7276967187553964,-0.6685900907332325
135,2,-2.2275049229428987,1.9900639300572038
136,2,-2.922421619445231,2.539667819316037
137,2,-2.1793454398966787,3.460721117291996
138,2,-8.383797675960523,5.406585407753937
139,2,-6.722366789841544,-0.8135911877734543
140,2,-6.887556576666611,5.227574643171465
141,2,-6.309976142324558,3.426965408968499
142,2,-6.001454359916352,4.06998007579341
143,2,-4.389032714317182,5.9876388914094605
144,2,-3.8839766218416116,5.0375164759880136
145,2,-3.9562315707617017,1.7112009529214447
146,2,-3.2878811847585894,0.46982920481696056
147,2,-3.0362043432123755,2.5474609402062924
148,2,-2.7031711567187813,-0.5090647720971901
149,2,-3.4228879916099686,0.29539160395188446
150,2,-1.7526664651559258,3.742459898783636
151,2,-2.842698195423509,3.5580010071116703
152,2,-2.7203139633948012,5.881230807309748
153,2,-1.7751717460896543,5.183120244150814
154,2,-2.2770635193182898,4.700437084824898
155,2,-3.2902033987193136,5.469009074972746
156,2,-3.178828157564567,3.74977321725828
157,2,-3.550223995946908,-0.38647110848660304
158,2,-4.491636247191309,-3.1385876138351705
159,2,-4.501634353793634,-2.5400618653684433
160,2,-3.6448348682406504,-1.5677515946190397
161,2,-3.6209226898336055,-3.775808756011884
162,2,-3.418485230137776,-2.534947623492826
163,2,-3.7842247544267593,-2.315265785592146
164,2,-3.3128572238174456,0.879612696636741
165,2,-3.39409588034232,3.7966464552755497
166,2,-2.658513924850922,4.0388675822100595
167,2,-1.9129162628569247,6.242569286206617
168,2,-4.2340779819496674,0.7686537118779597
169,2,-3.218065505024242,0.7728552746730202
170,2,0.14219983255770785,1.416044876086744
171,2,-0.2616075480782456,0.027229391402670444
172,2,0.2555286265833274,-2.8216771759171024
173,2,0.9246111797019694,-2.5419888711999192
174,2,1.9702171719336548,-0.2072072066544024
175,2,2.859416500050429,-1.5301646598645675
176,2,3.2264637117959865,-1.1713855527864325
177,2,3.588865588841145,-0.6099582005758748
178,2,3.623982866665756,-0.6804703244961274
179,2,3.1652048024761825,-1.0318756853798732
180,2,3.491970431527079,-0.15401311696541597
181,2,3.424734590767912,0.859728846984126
182,2,3.5668932024464084,2.990943213902028
183,2,4.188933133984392,1.031810239153856
184,2,4.272801556392551,2.3853320991725013
185,2,4.913903186833522,3.0274639659583045
186,2,4.746678297211474,3.817998042111867
187,2,4.017851014664302,6.611321830294855
188,2,4.24072295527094,5.660982113861337
189,2,4.459626342976662,4.557680220897964
190,2,4.153664627948274,-0.31504974655399565
191,2,4.978257997044238,0.7611390007350565
192,2,2.256088905638535,-6.177703344594647
193,2,5.977498462763833,-2.9649374887417252
194,2,5.684451161987454,-3.9811607392211954
195,2,5.671369266389775,-3.427740614277809
196,2,4.607231479864822,-5.060102962905603
197,2,6.024720922497181,-0.8512181497940219
198,2,5.195851115231562,-1.4549000526631062
199,2,5.5591715872315035,-4.3720263946866
200,2,5.567514120095439,-1.2994107618046655
201,2,10.289789023519916,-15.225858394479474
202,2,9.843722937584062,-9.586502900599953
203,2,9.320015628563851,-7.029366173449944
204,2,7.615493407256508,-8.145825456309467
205,2,7.269537565069186,-7.236184213546494
206,2,6.895227834594152,-3.617103530646091
207,2,6.848621963800724,-2.116253699950903
208,2,5.536422141429284,-3.289140283247889
209,2,5.431859491513933,-2.519531451906005
210,2,6.975517117341951,-4.1698526570976355
211,2,5.85468474038953,-5.503205066114788
212,2,5.5085131587393334,-3.777603412866938
213,2,5.476883841693052,-3.999060283333165
214,2,5.724622519351215,-3.0535058385439697
215,2,5.11864831053299,-2.268880421927406
216,2,4.8352921922423775,0.16977660347629353
217,2,4.688382120410097,-3.610164435598108
218,2,4.406371822981782,-5.869670799002051
219,2,4.505968172693429,-7.221244375401511
220,2,4.351775949398871,-7.353806871557481
221,2,3.1380934092376265,-7.153253927756396
222,2,4.140617048545209,-4.187634153406179
223,2,4.215611231563344,-5.469955144946198
224,2,3.495888831492266,-4.853037146597671
225,2,5.05984748701303,-5.937786610845706
226,2,4.794705770582368,-5.159688344453116
227,2,4.977212238606626,-3.9603116053554004
228,2,4.2007038303381705,-5.736777627586434
229,2,3.138610720503493,-2.7943168818706
230,2,3.32611683367395,-4.019269853902188
231,2,3.5742787507506364,-4.683292489670293
232,2,3.3184821033682965,-6.393336051371534
233,2,4.637540522919153,-4.769498846417719
234,2,1.9125011797168554,-6.373479295823017
235,2,1.9807343172315086,-7.995878266503496
236,2,1.918447062334053,-7.355167362175052
237,2,1.380974822747703,-8.715511672477987
238,2,1.948496791751495,-8.926353350298086
239,2,4.362912322782904,-6.207325057163871
240,2,3.2498619644620703,-4.038291849197321
241,2,2.8727532407929175,-5.057850524091009
242,2,2.9118997659252273,-5.788306524955715
243,2,2.0026818278374776,-3.0059938392532786
244,2,-1.4413224365125643,-2.3445357725940994
245,2,0.07481952042599005,-5.267685611629531
246,2,-0.1806374797506578,-6.891881639685835
247,2,0.20865397918532835,-8.101937623578578
248,2,0.4614283076243737,-10.975757328292275
249,2,-0.9156923235832437,-1.7742892381770616
250,2,-1.4022672947521642,-5.664518703214981
251,2,-2.2822843060375817,-4.931735526623015
252,2,-2.6499141490621696,-5.700076962605635
253,2,-2.024762747634668,-5.6840854995625705
254,2,-0.9278864313964732,-8.631462867859682
255,2,0.38696905019605765,-10.001519679910416
256,2,0.9903234063776836,-8.232199570704324
257,2,1.7482293323082558,-4.4789319794767835
258,2,3.779397539709862,-5.84814401900212
259,2,5.526968072445015,-5.349505192887136
260,2,8.350148879544577,-4.297162213473257
261,2,8.903575010186614,-3.9066292193101617
262,2,9.831254362578875,-5.376684044875674
263,2,9.74374532526599,-5.987194468431426
264,2,9.42355249924276,-2.180918139104506
265,2,8.826316781175592,-3.2167444974406862
266,2,8.687148929156137,-8.034294611560199
267,2,8.351219874628441,-5.685302841487555
268,2,8.407247165629087,-7.741633890039338
269,2,8.441560444513016,13.108794026778924
270,2,10.557373897656362,3.2632200472507975
271,2,12.792980912949133,1.9570282490358295
272,2,15.983747761864834,-7.992967972602855
273,2,11.612780482649214,-2.8883059602922003
274,2,10.552967655076827,-5.693453196280643
275,2,11.700609554191033,-2.707652393844455
276,2,12.022730566069185,0.02163584723348322
277,2,10.602976471952388,-0.9764107516830336
278,2,8.597472234417182,0.9339895994553444
279,2,8.903608823416107,3.8113953814518027
280,2,7.513592771572803,-1.2119657828629897
281,2,8.018797900749632,-4.093212081687398
282,2,7.15388692335182,1.0881155540282634
283,2,7.194775700318132,1.4270117070141168
284,2,7.818738787098482,0.005237594621121389
285,2,6.282753834299001,3.414773284697276
286,2,5.9087022550002075,4.25676407598894
287,2,4.477325060312069,1.7388584308869213
288,2,2.7914264470191483,1.936168123112111
289,2,2.8729789130902645,-0.015207340941742586
290,2,1.8743598109731465,-0.5941361056434289
291,2,1.2587507545249537,-2.698167769709471
292,2,1.6381280911282374,-9.148461311730443
293,2,0.9713151684345576,-8.500703220039668
294,2,0.6221271896329199,-7.651200665266515
295,2,1.0097196952783634,-0.41463546628256154
296,2,1.52974161754355,-2.97831250516856
297,2,-0.6420100538380211,-1.3650917842023773
298,2,0.08851762038557354,-7.548647450605131
299,2,-2.0509488821298874,-7.007441317135999
300,2,-1.1816148772686574,-8.77620656190902
301,2,4.76898484566118,-6.244363260819227
302,2,-3.078148741745281,-15.134761034523308
303,2,4.0577436542935175,-7.570239881351881
304,2,3.286210912949173,-11.70583247429795
305,2,-2.3981130417569148,-23.733164667512483
306,2,-4.192803177322276,-17.965218899816136
307,2,-5.8798103396284205,-14.44246141424992
308,2,0.5833401072186462,-9.34220826471119
309,2,-0.6235217101857415,-8.560514070264617
310,2,-2.4218568574042365,-5.873123552028119
311,2,-5.051434045984934,-5.406488274466938
312,2,-4.13754066641377,-8.74601658187521
313,2,-4.388078661855616,-14.412254094057971
314,2,-3.8704746097346288,-22.01390848869096
315,2,-3.49039775816982,-18.910158164992026
316,2,-4.732946346734934,-16.42694956835112
317,2,-4.441722765391205,-13.384296478805027
318,2,-4.422759636158844,-10.629453465950064
319,2,-3.373373553023157,-11.171822946569591
320,2,-3.576117183255519,-15.37990469555234
321,2,-2.8243674632576585,-23.643797825152888
322,2,-3.8701340396091837,-18.48561326129675
323,2,-3.734790007567426,-11.442081363387388
324,2,-3.0401229121116558,-15.14049616101147
325,2,-3.6968686331574645,-11.117065473033108
326,2,-3.278951795508874,-8.383513016962297
327,2,-3.004142618879996,-11.422330894018614
328,2,-2.091127558554035,-16.154565440107945
329,2,-2.088053089127243,-15.658509748547203
330,2,-1.1903214068015586,-18.15698549634635
331,2,-1.3539389091347402,-13.312706887670629
332,2,-1.89275291299964,-11.143644517654138
333,2,-2.5150719612665853,-9.742571087000215
334,2,-1.4706793875338917,-9.995910128523974
335,2,-1.916859828921588,-14.577620006575216
336,2,-1.0641574734954702,-15.664028448824865
337,2,-0.1169395493607226,-15.586557952400653
338,2,1.9159833568701288,-22.303908051813778
339,2,2.2885985589937263,-23.451319376941683
340,2,2.1202196966232805,-20.666410785773678
341,2,1.8662733943092462,-17.51922057717411
342,2,1.6493401462812471,-13.549111631721644
343,2,1.1083201952997115,-13.014774409920847
344,2,1.5694064966519363,-11.133527604959
345,2,2.2668648812978063,-13.058761296382727
346,2,2.716727396751594,-14.916092973327977
347,2,3.1933109174624406,-18.497753839554207
348,2,2.7849966176772796,-14.846831687923896
349,2,2.531975285021872,-16.266898662609947
350,2,-6.398196951335194,-16.016484304971982
351,2,3.4382806610265106,-14.089196852902205
352,2,3.6662938598674373,-9.360452704529962
353,2,3.8024954355360023,-9.093079863396724
354,2,4.751072366889275,-10.91988455975843
355,2,5.9696307674330455,-13.609119352327525
356,2,4.986077688739897,-13.677518363000218
357,2,3.1705307789243307,-19.29343566019452
358,2,3.1896369803198468,-25.254609481519765
359,2,4.880647583458085,-18.89257577335684
360,2,3.0254216783405354,-14.575973783629706
361,2,1.0341584980587868,-12.52524577690474
362,2,2.378006852692124,-14.35963679149836
363,2,3.867146698371471,-7.463098067007195
364,2,4.418353238557756,-9.530106599272585
365,2,3.7226252791497245,-13.059040411339083
366,2,1.5257597188492582,-14.497451350583106
367,2,0.6992889115254002,-9.208117327179707
368,2,-0.032996593890857184,-7.801669176292762
369,2,0.523315452081988,-11.859670611298498
370,2,-1.9128520385083903,-11.883847685678802
371,2,0.6593955443258892,-9.817574560949879
372,2,3.3940068686306404,-8.090721211035998
373,2,8.330891314467408,-12.580638158875445
374,2,4.685873813665239,-12.480585701288646
375,2,4.152337959014403,-13.435705498253355
376,2,8.753810868711298,-13.117917460741182
377,2,9.699470676565397,-13.275586838656636
378,2,6.447683900969423,-11.462747308693451
379,2,3.2455368433375043,-10.139072392274556
380,2,4.19746839401796,-6.526014703709507
381,2,4.500514974740327,-5.620210247125669
382,2,7.213703437460026,-7.8472145137734515
383,2,6.069857967941061,-10.809506069549343
384,2,9.281733976404212,-5.310741435430145
385,2,8.576219254273383,-11.672714127885683
386,2,6.441319740842118,-14.176960677744319
387,2,-4.727813666568181,-13.172616044308825
388,2,-0.8485706900682999,-5.400798734561704
389,2,2.8553300130915886,-0.5082620876003148
390,2,4.435422483272305,1.7847032441231931
391,2,6.362113033467722,-0.32464892883808716
392,2,5.106838997424347,-0.7474951087392583
393,2,-0.16885733952767623,-2.9275671629645785
394,2,-1.6616053847346848,-3.170555799056501
395,2,-2.393330857091314,-2.3927342097833844
396,2,-0.9027985248403638,-2.9058296874236476
397,2,1.73713143376699,-3.9344982775101016
398,2,1.4084281792338516,-2.66341632142894
399,2,2.437824233342326,1.284306083476622
400,2,4.313381554415173,-7.552808464929512
401,2,5.356016922855815,-3.65263695409476
402,2,7.2934956952985885,-0.12425352909644971
403,2,7.302641132003373,7.286228880189583
404,2,5.56255144901661,13.957044780174556
405,2,2.2908736376029992,13.297205881356376
406,2,-2.3900418815373996,11.154116068996018
407,2,1.8227137630947254,9.85811723133429
408,2,3.4818933338719944,7.173337509540033
409,2,3.771305527221557,4.878059089307953
410,2,2.693533117494553,4.793875183974933
411,2,0.28034339310943324,4.959469774229319
412,2,-1.5087613498444625,7.505063276223154
413,2,-1.3363117209955817,3.8865412116506377
414,2,-3.53383130389102,2.99541240958024
415,2,-4.023519433422734,6.42574121696498
416,2,-5.008940369541051,4.585871287756845
417,2,-3.305537751914926,4.240261988612929
418,2,-4.508463024788398,2.384138098506355
419,2,-3.4926189783282098,2.1077697023536075
420,2,-3.0379829384091863,1.7945294715027558
421,2,-3.9355581701147457,-0.1468655394101006
422,2,-3.016232232582297,3.855105728382796
423,2,-2.583542300890258,3.781232254960969
424,2,-2.7121145308246923,4.333569288864965
425,2,-2.6228633686241665,5.667045781518254
426,2,-2.8931563257619928,9.666989460389686
427,2,-6.603367201616493,10.919223074734418
428,2,-6.061948450143063,10.642001708506314
429,2,-7.964015229913457,9.157280719779237
430,2,-5.4104173724599605,10.23578650932609
431,2,-5.5339503717978005,5.48020483537357
432,2,-1.889949303485082,4.538059860748035
433,2,-2.865300663272137,2.8087980053601314
434,2,-1.6160390622162595,0.24792996083260732
435,2,-0.9418470880318637,2.8780812322283964
436,2,-3.069883376921098,6.212500182337635
437,2,-4.428584760949889,10.235834023091684
438,2,-3.1706380760215325,9.06810182601339
439,2,-2.3768883094162447,8.418820809949011
440,2,-0.7786563718618709,8.500566253997476
441,2,-0.31855770341007883,6.576553429791147
442,2,-0.5600463430228046,7.938790063877832
443,2,-0.7187507190856195,8.682381471099688
444,2,-1.9398790456825736,7.361589412111698
445,2,-1.3800671638482527,8.387474431682222
446,2,-3.8848937197744817,4.535241011285052
447,2,-5.299495334963467,4.241975092262237
448,2,-7.542143944177951,3.3098493795641843
449,2,-8.351640686691098,5.90533986022956
450,2,-8.45055034496363,9.383828616971641
451,2,-8.96182870035409,4.01144977856211
452,2,-25.99483443929057,-7.495659716339105
453,2,-22.592703362184693,-5.145100853103941
454,2,0.5031967954619176,4.235578670795348
455,2,-20.847826980711943,-6.201690755888649
456,2,-19.33503090198701,-8.866363049198753
457,2,-18.258571721256885,-9.329753715986953
458,2,-16.03773976044613,-2.566972422134768
459,2,-14.912627185175552,-2.535350677329461
460,2,-14.559616645246933,-3.1975511211444427
461,2,-14.018341246031014,-2.3166040451515073
462,2,-12.612554138140695,-3.2431875531706282
463,2,-11.440692336409484,-4.81187420469314
464,2,-9.716078048090822,0.40790063515441943
465,2,-8.332808202169872,2.0507741130149952
466,2,-8.68154192129714,8.750307566057927
467,2,-7.627241391618554,11.06975386319482
468,2,-9.554268739785584,9.279037092796443
469,2,-9.756688728316476,7.407025692970819
470,2,-8.792736649869767,8.922902070425607
471,2,-9.80332385786096,6.349904850271287
472,2,-10.6249350700582,6.8538924319577745
473,2,-10.368095159215045,4.252501199898234
474,2,-12.05535330832845,2.701129821759423
475,2,-12.626791899271666,3.240761194434981
476,2,-11.02056727600484,4.728140642384005
477,2,-10.891944469786722,5.597833406963673
478,2,-9.664438168199922,0.8798410054155283
479,2,-6.181637758623765,3.007812245673904
480,2,14.519072646824497,11.53676737608248
481,2,14.74526911266912,8.895445593349905
482,2,13.527826821074086,8.77002270408093
483,2,12.229932171851942,5.40506343191646
484,2,11.785668907699801,4.449965751456148
485,2,10.14971229728053,5.5963259796035345
486,2,10.589230094155937,5.561891952607311
487,2,12.00348215025042,5.598466585393908
488,2,9.614143091759615,9.837613919180512
489,2,7.853094346902253,9.533917231311989
490,2,6.3204311395029436,12.937498230752226
491,2,3.3670105884793884,8.76872944666502
492,2,2.5791204470451703,8.828574847043
493,2,3.3487917865377312,5.942075600432872
494,2,6.44738905059603,7.802645336682417
495,2,5.219468131806025,5.324848924218259
496,2,3.7399156608189514,3.582329043812024
497,2,4.1891826626842885,4.735876720846136
498,2,7.487955623432754,6.678563317745557
499,2,6.579455625247647,3.0179326964457687
500,2,6.452847501373071,6.4146379206958954
501,2,4.6082914795497345,5.023631749977994
502,2,2.0318226851932195,5.219820053732292
503,2,2.731338242678248,4.18667030927827
504,2,-19.21651076794751,-6.0077070239967725
505,2,4.016257708519333,4.299405173279865
506,2,2.860643049058126,3.457642741843756
507,2,4.449345414667732,2.124543941605225
508,2,7.307173392344339,2.2229500159587587
509,2,6.821142625485663,0.3328689461941394
510,2,-14.596314653023,-8.930087944143452
511,2,-12.234283467392743,-3.300793225522284
512,2,-12.511235710102483,-6.587168166858646
513,2,-8.811950340826115,-6.0198387727582485
514,2,-7.540860776810405,-0.7345961776827608
515,2,-6.166857044016069,1.295777292836192
516,2,-5.996025580557216,3.727711040129634
517,2,-3.8816851652818514,4.171116590742713
518,2,-2.251521804285403,0.8930831171710452
519,2,-2.4676594039947304,0.5402430828230536
520,2,-0.07221766836664756,2.0952022487444992
521,2,-1.3219286939392987,-3.1879273983154235
522,2,0.6002897974558437,-3.749153676772494
523,2,2.245168191945595,-2.8912308402323106
524,2,5.602065200498146,-1.253759930225442
525,2,5.462292527437057,-4.492271917121343
526,2,5.9776779280500705,-4.623139861679647
527,2,7.516782229020464,-6.3269056811413975
528,2,5.951591506895966,-3.9343496363617305
529,2,2.9932380514865145,-8.803997324084776
530,2,5.569598974620021,-4.348015729602139
531,2,7.003243506905164,-5.210808473130783
532,2,24.74249466982019,6.170026784566289
533,2,20.300324802986324,3.719810265065462
534,2,20.456944084459792,5.819184232424959
535,2,20.27480392330017,7.40897966559578
536,2,13.572031976768812,-3.4533147141983136
537,2,13.218323034006062,-1.3183706908866952
538,2,14.422762031755155,2.5194618235395865
539,2,13.846100502657464,-2.368840384432133
540,2,11.9873935643609,0.3270816439162445
541,2,7.318219831395254,-0.6138381958139689
542,2,18.07976904860425,-16.527974750471913
543,2,10.10554864840924,2.7651022372415355
544,2,17.577318068835666,8.206010039429657
545,2,10.374614061733155,-9.14015846598977
546,2,7.965269484725468,-10.479474653038778
547,2,7.3448566410170315,-10.627554986969699
548,2,8.155182715567207,-6.413304346830046
549,2,6.945216035412159,-1.7135551440733252
550,2,5.7452537053304695,-5.541675339175981
551,2,8.413353688953066,-3.354632483712976
552,2,7.541652169953522,-5.39827536296616
553,2,8.795769632526572,-1.5905942405101996
554,2,5.205326945241723,-1.1546900523280783
555,2,5.279886595400058,-3.3964169373230106
556,2,6.382768054716507,3.6735778555516845
557,2,6.634926009542141,3.8795858303774367
558,2,5.858327929653569,5.067162798043682
559,2,6.45317845921636,8.02813683240447
560,2,5.1983294327683325,4.880469401011396
561,2,4.67274949302282,0.11638383737090408
562,2,3.2911088286282393,-0.4103416695265878
563,2,2.212581671656153,-1.5438124423121735
564,2,2.818569292366192,1.0521703539420741
565,2,3.949125342366642,0.7625530698064722
566,2,1.2451551286912945,-15.293011138024212
567,2,1.2824093096060096,-13.700538414597759
568,2,2.5318183940316885,-11.309623521215599
569,2,3.253656088282696,-11.215091920364557
570,2,6.453615141935188,7.616858157221031
571,2,5.297752033125107,5.881170032595946
572,2,4.8517570669591805,4.329831509211999
573,2,4.176514243134079,5.833435401405495
574,2,-0.01609907886449946,-11.40172129138
575,2,0.853222418390942,-9.39161044830007
576,2,0.6366731880561929,-8.357021167639232
577,2,1.9109633004336501,-7.358484887527538
578,2,6.429566196795349,6.213155647387794
579,2,7.0871228548576255,7.491998774914919
580,2,3.29881200876207,-8.680534058183639
581,2,4.230326873740523,-9.34033005184574
582,2,5.466661912191739,-9.636796284309185
583,2,9.308370980628752,6.332179202374846
584,2,8.957316945089588,7.18662667959461
585,2,7.0963628228646485,9.540289731478424
586,2,4.457645884710473,8.404608490122428
587,2,2.7373521952376905,5.601003310776832
588,2,4.689701113591582,4.340654388908206
589,2,4.19609162236884,2.829903335414201
590,2,3.4712800479228463,4.373019846920215
591,2,3.991562560338025,0.21317583738300527
592,2,3.594678296129132,1.0737048546066035
593,2,4.277946048430749,6.614250590720076
594,2,2.083561079150968,5.44993824978701
595,2,2.2048984810135153,5.127857117455278
596,2,1.3079437598689765,5.3805754985964995
597,2,0.1752562583260442,5.975999211360886
598,2,-0.5862360569262819,6.408607900496918
599,2,0.4940377042576074,7.3447612719392055
600,2,0.7947180800929345,6.391239136640252
601,2,-0.12847198905274126,3.6706994154592394
602,2,-0.030810946474957746,5.173763422485536
603,2,-1.1373868495384158,0.0507106372178896
604,2,-1.1430560570697708,3.344842297638479
605,2,-3.526609134597493,4.006301909680587
606,2,-3.3898438179421646,9.443667596998239
607,2,-5.550774850397829,7.805779389886993
608,2,-5.586029980422609,8.5904575914401
609,2,-5.906103574466215,7.9201142762021846
610,2,-4.8597813295509695,9.309315967380371
611,2,-4.61139715574609,8.549917873258892
612,2,-4.995127991755908,7.338865870871814
613,2,-3.393202933102657,9.103625762915271
614,2,-0.7823788379282632,7.603975795550468
615,2,-0.6352479320967177,6.631181625328281
616,2,-0.4149055995649178,5.627995359160195
617,2,0.32443962029174145,6.611337655851457
618,2,-1.0979227109382919,9.396576067063961
619,2,-1.0662768552674606,10.038180513857242
620,2,-3.9932623121885626,15.405150172504364
621,2,-2.8213385853123327,15.00911016289183
622,2,-5.15171151364666,8.350071490942355
623,2,-4.360245263495017,10.20028015513526
624,2,-4.9118360153242975,10.99867397952903
625,2,-1.8079773569779718,9.550261888052773
626,2,-2.7748359202169013,17.57897700313424
627,2,-1.8860471081452488,6.269860912202603
628,2,-2.1177840036307316,15.698868954935733
629,2,-2.651540051813754,14.649462175567805
630,2,0.369770305504062,28.595817215051284
631,2,-1.5527504497677,27.729411414525202
632,2,-1.8750633126055618,24.606141422766086
633,2,-2.4545938400842715,21.252947331322048
634,2,-4.061335268645053,23.115724189987304
635,2,-2.4576255208830844,19.137764090288783
636,2,-5.159757047589665,25.023761122237374
637,2,-5.468640821113695,14.439113714361156
638,2,-2.4409345645563008,11.597779478816392
639,2,-3.325560187238807,12.235333700657975
640,2,-3.6943501386631397,3.861212161923504
641,2,-3.2446946927721,-1.3792261370576853
642,2,-1.5679422003286163,2.024634431350023
643,2,-1.5251711806313324,6.888654973442954
644,2,-24.467071216742625,-3.6609350409080434
645,2,-20.459757117305344,0.7296306590619679
646,2,-20.733995785109983,5.4929864804112185
647,2,-17.85538257397002,5.630637163798838
648,2,-13.12074421458874,3.140570362510971
649,2,-10.120885883983647,-1.0355240105377561
650,2,-9.300372078407236,7.23959929639841
651,2,-7.971849818330156,12.249815000331182
652,2,-8.446516779367812,10.802768538017062
653,2,-7.4524969157619125,14.675236021349065
654,2,-6.152506389546943,16.22839178217737
655,2,-5.57810190863529,17.355448167890245
656,2,52.602236579402415,33.69780293906797
657,2,23.71777981714422,42.58276584715804
658,2,15.58415192245775,48.207246851027776
659,2,11.217616399320832,49.19869462523275
660,2,9.78011113472985,39.87303837964146
661,2,5.441472904502007,45.94164753265068
662,2,2.604959145995963,44.025958453224575
663,2,-18.655623903328888,7.395458724318814
664,2,-20.359979416454735,2.8034056397559652
665,2,-18.685818412633125,0.011934802328141814
666,2,-16.305228880565664,3.391540054633424
667,2,-15.195827763174748,9.835250041061045
668,2,-16.581169236075766,4.23370550360778
669,2,-15.381170375158945,-0.6512053712226589
670,2,-11.515578242356241,0.8982171183715764
671,2,-8.017382140778864,8.159048877261739
672,2,-9.713408871750289,6.963714653250008
673,2,-8.25706610744237,3.360438996445737
674,2,-5.978872692061486,8.201291812108138
675,2,-2.5084693679118573,11.930883462749534
676,2,-2.681029873630905,12.213687421863142
677,2,-4.121532650246081,15.774951171660177
678,2,-5.355518711098739,23.431349689673425
679,2,-5.5188147847993605,33.808906441619456
680,2,-6.4620043807408365,40.91232836677818
681,2,0.059632377070556686,6.660500104152561
682,2,1.165172111666834,2.9525870837182993
683,2,38.37147531922437,15.538910532396585
684,2,35.25077090708055,13.619405959249889
685,2,31.226778453702536,10.454695796551732
686,2,24.957188531680913,12.25410660790294
687,2,20.505936739167737,10.731876026279679
688,2,16.088045347820298,13.714513275066565
689,2,13.705309205601225,12.893010948283973
690,2,11.587560979763111,9.695236278046195
691,2,9.755975039369332,10.96655555301004
692,2,8.155258188458902,7.875243188971126
693,2,6.320245317460831,5.106660005941649
694,2,5.169008882074195,5.0276699744467805
695,2,5.043904438654863,5.051545602173064
696,2,3.9534653972787055,5.393475165280051
697,2,2.1160270331174615,5.869929802966453
698,2,1.4351637972067692,4.135647424077433
699,2,1.618996096819501,4.153301150193329
700,2,1.4804987467441606,3.9317196120832705
701,2,0.8510942230168439,1.0985356757614682
702,2,0.8538891005946425,-0.1565103466500659
703,2,0.7543014711036449,-1.711736491071406
704,2,-0.25121285062505194,-1.576220823321819
705,2,-0.4964425750576993,-0.39860734633521133
706,2,-0.03235282376863324,-1.0087658940310575
707,2,-0.15729477906552347,2.0634994753395404
708,2,1.174505941258758,1.8782229393286798
709,2,1.6225313131199073,1.9378854752430925
710,2,3.7104242331952264,-0.00825580983519103
711,2,4.346947569812983,-0.10276648813032807
712,2,5.209292096769786,0.18580201451641187
713,2,5.2365788679253455,0.7062051704369878
714,2,5.0897535312315085,1.5237131729832072
715,2,5.175280936676245,3.8020317724913184
716,2,5.741495501313693,6.579134282828818
717,2,5.67365711173079,5.871910755565295
718,2,4.857131868007855,3.5721929954602274
719,2,3.333324584021284,1.9164815236313189
720,2,2.819067455032382,0.028479788481945434
721,2,2.4915741954755504,1.7526555017489045
722,2,2.4038136662920806,1.677600643853566
723,2,-37.38186948083785,-15.901995454942607
724,2,-32.30419219768373,-13.07664146087609
725,2,-27.693744940543183,-9.531994427384689
726,2,15.408006865292009,9.803368854559722
727,2,16.078375026358117,7.649973932720513
728,2,-27.666221207009585,-13.918008353734876
729,2,-24.81940779035631,-12.426982367014261
730,2,-21.269821185228466,-6.032317686503575
731,2,-16.775414214207558,-0.033084874834912625
732,2,-16.088305338845203,5.762197578513224
733,2,-12.279297614049938,24.62081904964498
734,2,-10.857095777540053,19.775236702992515
735,2,-5.233520327223232,-0.2434683363635486
736,2,1.025099176974436,-4.602603043623276
737,2,0.9773455239965188,-5.525964593358822
738,2,-2.692700109548241,-10.17617870288177
739,2,-0.4351957142298488,-8.607988574099636
740,2,1.3439887450658716,-3.145620779195724
741,2,-2.9594110727521183,-6.59210520863644
742,2,0.5991683196552913,-3.1299992650378954
743,2,-0.38795162035603425,1.8536115461497502
744,2,-0.7614995380718028,0.8309863876484087
745,2,-2.285450069230137,-0.15541009628077518
746,2,-1.5843573158308573,0.429568812467096
747,2,0.29055920090650034,6.708055418216645
748,2,3.4197777779363605,9.476470325873379
749,2,1.518650607104064,5.503813533586708
1,3,-0.15727388740197057,-0.63743769028315
2,3,2.2008238731632446,6.140079109398357
3,3,2.1173085534901475,8.218734666176715
4,3,0.31885394826076663,6.9577860965318905
5,3,-1.9104851459769634,5.4141798212385766
6,3,0.3000060255790231,12.45200346558886
7,3,-0.9797090699667024,10.519958617261182
8,3,-3.211779195915369,6.500383597836844
9,3,-1.6663575590910114,5.568995842187178
10,3,0.2038900989018657,2.170865268313719
11,3,0.7193100005451925,2.308750437242452
12,3,1.719478794526367,3.2735653945219383
13,3,3.032201866385549,7.340693056777127
14,3,3.3043254007352516,8.926223629084234
15,3,4.101393527964319,11.06345935133777
16,3,4.355153288795009,9.135789125441988
17,3,4.297191737657158,7.873664590640146
18,3,4.72425724513414,6.0035474092883305
19,3,5.2238616769091095,4.586503997653381
20,3,6.681744873350908,4.471778125705896
21,3,8.082641671441706,4.522216320973712
22,3,7.717808659042021,3.144314234077683
23,3,7.560521195332512,2.9238955193504808
24,3,7.140755483430439,2.813701596662213
25,3,8.296093860988549,4.638723352769375
26,3,9.55187958596889,4.743169118492915
27,3,9.081135558643837,3.9192433059779432
28,3,8.742874214453877,3.4978347665764886
29,3,8.575168324985498,1.2921535163213775
30,3,7.798868691891585,0.6270802945955438
31,3,8.876125769242208,-0.010714360986639804
32,3,4.078229290167656,-1.0311907709319712
33,3,4.078229290166746,-1.0311907709319712
34,3,8.656141952286816,-0.7849694869537416
35,3,9.488141556669689,0.3638840429703123
36,3,9.30063888942459,0.9298993071988662
37,3,10.41011448428435,1.827138418539107
38,3,9.248002811052174,5.44550784855528
39,3,8.540733993521826,5.4157088920110255
40,3,6.790092983190334,3.30410226100048
41,3,6.002088932532388,2.6606957939111453
42,3,-11.190122357712426,-20.74195859685915
43,3,-9.946081451970713,-18.110825957738598
44,3,-10.382268708036463,-23.468072316944017
45,3,-10.620930165421669,-25.21879177385017
46,3,-9.141435561559774,-26.206094815946926
47,3,-6.559098687925143,-20.738518008188294
48,3,-4.471462596510719,-18.250424222656875
49,3,-4.597658189651156,-14.940379328182644
50,3,-4.4298640393844835,-13.35818788380584
51,3,-3.346640811684665,-13.125096675582427
52,3,-3.810811722662038,-9.752356059705562
53,3,-2.905760187210035,-9.686168120743787
54,3,-4.036751289465428,-10.577524328004984
55,3,-3.302198971015059,-13.620212331877156
56,3,-2.609802598883107,-13.996698195644967
57,3,-1.3385139692090888,-11.594769188798637
58,3,-1.5739192884066142,-9.006310129904705
59,3,-0.35506192059710884,-8.055860160352495
60,3,-0.7007435625555445,-9.341504122552578
61,3,-0.4625303404418446,-11.255379082619584
62,3,-0.30895307400987804,-12.61461749127011
63,3,-0.05403901016416057,-12.267476957844337
64,3,0.5635445812758917,-12.078404929246972
65,3,1.1520150381857093,-10.271189791948927
66,3,5.278252868096388,-3.3709816672335364
67,3,-0.017974666010559304,4.106257361805547
68,3,0.8435757862698665,1.5052065279742237
69,3,1.1714115738923283,0.38650204272835254
70,3,1.1135407541569293,-2.0684508579970498
71,3,1.961194851084656,1.653292184352722
72,3,2.343092821396567,2.7985108592438337
73,3,2.8833463298433344,3.884492095862697
74,3,3.608797607910674,6.2129179790581475
75,3,3.3316702618476484,3.931611837759192
76,3,2.4386666780910673,1.775216626719157
77,3,1.1924142813786602,-1.9139376979692315
78,3,0.1313208415012923,-3.0650447308162256
79,3,-0.6671595088419053,-4.943150997470184
80,3,0.44106461530191154,-20.650434147268243
81,3,0.7631102485383963,-20.314644810901882
82,3,-0.14834873050222086,-20.548749030221188
83,3,1.6776255679569658,-22.181589357500343
84,3,1.796638975897622,-11.683134352575507
85,3,2.0506813342071837,-11.11864320243967
86,3,2.633667928200339,-9.662580659045489
87,3,1.8679011317899494,-10.776276128523023
88,3,2.2191449733709305,-4.360450327171748
89,3,3.1883593577576903,-1.8720203556895285
90,3,-4.127856650130525,-3.4236164163421563
91,3,-2.6432882015642463,-8.10036067270903
92,3,-6.235288903325454,-10.158099734112511
93,3,-5.679977851978947,-12.318245435491917
94,3,-5.4289311865450145,-14.271044195306786
95,3,-6.139842568812128,-14.135082124690598
96,3,0.06746492599631893,-9.32983600467196
97,3,-2.954438427987043,-10.944714794150059
98,3,-5.962783135534664,-14.412743669930933
99,3,-5.647431938542468,-9.29682849816254
100,3,-5.506443742482588,-10.34067991046868
101,3,-5.919926846995622,-9.716326591964389
102,3,-5.558651827542235,-10.233079875425574
103,3,-3.935294924937807,-5.478601966855422
104,3,-3.0447755491413773,-2.5099285099668123
105,3,-2.4200593816503897,0.8930924941951162
106,3,-3.343129008814685,1.5555474498414696
107,3,-3.4539568143218276,-2.0928384755407023
108,3,-4.564989563602467,-2.117732072068975
109,3,-2.523883174905677,0.18932797180423222
110,3,-3.252948698937871,-0.39520872608045465
111,3,-3.8716279570353436,0.8132729646231383
112,3,-4.212087528500888,4.670723694503067
113,3,-4.400768626296667,9.479836475477896
114,3,-3.5583541758669526,12.201753644615565
115,3,-3.5035840221344188,12.474949566461873
116,3,-1.508671866658915,14.211978984564666
117,3,-2.1549093475532572,11.203590077338959
118,3,-2.794328542609037,10.419910827297826
119,3,-2.4950293512547432,10.319285147683331
120,3,0.06027875853033038,17.70124627518362
121,3,1.8925850075775088,22.138462229449033
122,3,1.7163591925091168,23.681107986923053
123,3,1.1852223066516672,23.72323914358276
124,3,1.1716585300882798,23.2397811533383
125,3,-1.3048868454752665,20.500902895628315
126,3,-2.6877350628492422,18.975314642670128
127,3,-2.0560236439132495,21.87138943827449
128,3,0.9368550123108434,23.7374761670917
129,3,-0.5270330628582087,25.820922942178186
130,3,-3.6240247259911484,24.89810839998154
131,3,-3.70674839005369,24.73093782484375
132,3,-5.697073310834639,20.23343521411698
133,3,-6.11298568129223,17.49941308349571
134,3,-4.553931491573167,19.759210699509822
135,3,-0.07171197512980143,28.01982423697882
136,3,0.40693651669880637,26.83379584694194
137,3,-0.6008449261971691,26.868885025983218
138,3,-1.0555278264064327,24.44831452105518
139,3,1.4903871597562102,38.063122380146524
140,3,-1.9414700830675429,19.18194101941026
141,3,-1.9896679006387785,16.02504658846101
142,3,-3.481603328449637,12.992897225846718
143,3,-0.9654668315715753,18.855054297467177
144,3,1.0899413325068963,21.283869350533678
145,3,3.1145969391345716,20.89668586127482
146,3,4.9058296315488406,22.96846711051785
147,3,2.2478763517510743,19.84718667910147
148,3,2.566576679332684,17.69277805908041
149,3,4.178392189211081,13.490460671254368
150,3,4.855591370556795,14.029630797190293
151,3,6.253817040130343,13.268182514822911
152,3,6.536835703575889,12.66647558992463
153,3,6.6545841912584365,13.505929666896009
154,3,7.28093347977574,15.222103674636855
155,3,8.63626682792983,15.9867576387187
156,3,8.218240666629754,14.187189467789722
157,3,8.215067907573939,12.205693342730228
158,3,9.894391911277125,10.032175297771573
159,3,11.218982080395108,6.865902108253977
160,3,10.07622198752506,4.094040773950837
161,3,6.752343649666727,-0.8597509083401746
162,3,5.3774780170833765,-1.9913536962658327
163,3,4.319248491236067,-3.6204362336738996
164,3,5.090717884783771,-2.1246666845563595
165,3,5.8809527300854825,0.46559700023681216
166,3,6.254029619847643,2.080243014228472
167,3,7.74654704923887,4.621454144628842
168,3,6.254719357561044,20.037413555652165
169,3,4.809415610030555,17.237727084933795
170,3,5.268267757494868,2.0559838885164936
171,3,4.551070385280582,1.1859572262956135
172,3,2.8158669821077638,-0.17620145179898827
173,3,1.0280184778039256,-1.6861626476465972
174,3,0.32456219296364,-1.5172745281261086
175,3,-1.1653575464360983,-2.826164422218426
176,3,-2.9859790606979004,-4.918828871114783
177,3,-4.311467943942262,-7.107120561661759
178,3,-5.273348014475232,-7.903808245497203
179,3,-5.799748427986742,-9.668922204671617
180,3,-6.4027535000032,-8.970832547203827
181,3,-6.822114883008908,-8.4542762205474
182,3,-7.977070144111167,-8.644733510897822
183,3,-9.008214652661081,-7.454831010053567
184,3,-8.802854353344628,-5.712748454068787
185,3,-9.673350967129409,-7.526747613500447
186,3,-10.557434228227976,-9.359234356614252
187,3,-11.806375027643298,-10.057233513124629
188,3,-11.989330124228218,-9.765657904452382
189,3,-12.459720459610253,-9.552606115661547
190,3,-10.764488436957436,-6.2267809887644034
191,3,-9.966328756186158,-3.6120272300258875
192,3,-10.677777776709263,9.989756403732827
193,3,-9.683460839720283,-5.108887061142923
194,3,-9.764193588932358,-5.664904578218739
195,3,-9.045651382411052,-5.285920489156524
196,3,-8.074079133079977,-4.723742801696972
197,3,-7.8735864483933256,-5.799821221362436
198,3,-8.367415436926422,-10.375600465688876
199,3,-9.140537371432401,-10.746107311442756
200,3,-8.519402401483603,-7.568417981741732
201,3,-14.170321289926505,13.429157811659024
202,3,-14.675279407839298,12.19298988398532
203,3,-13.391407401837569,11.942273738236509
204,3,-12.663039821785787,9.542844437716667
205,3,-12.263268058713038,7.361065561824034
206,3,-10.966071638737958,8.102652224076337
207,3,-11.851988206142778,3.5422298073808633
208,3,-10.57196877545357,1.698568113211877
209,3,-9.506667245641438,-0.7739147029733431
210,3,-9.194389038121699,-2.7549472352966404
211,3,-8.805297007478657,-5.591112972708288
212,3,-7.536829470633165,-4.67809994036088
213,3,-6.749757118890557,-5.695863735237253
214,3,-5.5917365677669295,-5.13754825405158
215,3,-4.931504335511818,-3.802184411025337
216,3,-4.46404700074163,-4.4703988961882715
217,3,-5.132776160292451,-7.338041689095917
218,3,-3.3780140743256197,-4.375882596632437
219,3,-3.7431707640316745,-6.120374764109329
220,3,-4.508626176699181,-7.664825791702242
221,3,-3.9483469878268806,-6.659445555237653
222,3,-5.119691309183509,-7.509966029365387
223,3,-5.049361083509211,-7.131693652976537
224,3,-3.8283161800327434,-7.309242983688819
225,3,-4.131936434901036,-7.393431401923408
226,3,-3.224655876705583,-6.095939046447711
227,3,-3.1001915725710205,-5.8877197725933
228,3,-3.0397948953595915,-8.407717347896323
229,3,-1.6326036933005525,-4.649423074245533
230,3,-2.729098216677812,-6.487414360933144
231,3,-2.1841778061834702,-6.438655705598649
232,3,-3.7524784501429167,-10.697993817177121
233,3,-4.2788039148908865,-9.110523357840975
234,3,-0.6528428022220396,-9.765631954664968
235,3,0.331726150432587,-7.973153345895298
236,3,1.3887403240123604,-5.540680878368221
237,3,1.9118707983634522,-3.849454470676392
238,3,1.928667902469897,-2.5562002809174373
239,3,-3.4936913375286167,-2.627735914315963
240,3,-3.8599110899622247,-2.696160861685712
241,3,-3.7284314666603677,-3.357455710609429
242,3,-4.949818288662755,-7.28772929940078
243,3,-5.197156505840212,-8.772354264553542
244,3,-0.5995962153965593,-8.43055925090539
245,3,-1.2647673828023471,-8.4656518826705
246,3,-1.3371211598005175,-9.385601116808175
247,3,-1.4722632503026034,-9.92967737382969
248,3,-1.2829105657883701,-7.811500010043346
249,3,3.1942870723542,-27.41542074355948
250,3,3.0169626745155256,-24.759730512488204
251,3,3.5360608387418324,-21.57639873552762
252,3,2.93391493566196,-19.26458124445162
253,3,1.9052180576736646,-20.045442218064636
254,3,2.0321252044232097,-16.401548522062512
255,3,-1.27431143512149,-21.87822382615468
256,3,-0.8561702898214207,-18.718519537366774
257,3,-0.6804802608294267,-17.385279033082043
258,3,-0.9085583387104634,-13.724299042342864
259,3,-1.3822227070213557,-10.934817172229486
260,3,-2.3339589891584183,-9.45269340106097
261,3,-2.447750357143377,-6.600039579543591
262,3,-3.000526179048393,-5.163258773133748
263,3,-3.004040099285703,-3.874215880167867
264,3,-2.4699880880725686,-1.9197895619063274
265,3,-3.0520615764962713,-3.975482776753779
266,3,-2.257348159142566,-2.0371986016270967
267,3,-2.19667032160487,-1.3983102013298776
268,3,-2.8634840992954196,-3.344634225288246
269,3,-3.715127074801785,-6.291383967312868
270,3,-4.094326891738092,-7.449377388407811
271,3,-4.768743358648862,-4.891942959833614
272,3,-9.907574461753939,14.060175400932167
273,3,-2.6160199731675675,-6.689541176804596
274,3,-1.0408300445724308,-5.9990037183715685
275,3,-0.5108422140574476,-3.079815416170277
276,3,-0.8166949472888518,-3.5356440975156147
277,3,0.31874466148201464,-4.364026088667742
278,3,0.6921373308032344,-4.82113987878347
279,3,-0.6925356272031422,-6.573855859996911
280,3,-0.7191671178961769,-10.099303302105
281,3,-2.5917636795966246,-13.317881418087381
282,3,-1.7306274890297573,-12.232858149383901
283,3,-1.2713635980562685,-11.054113357835377
284,3,-1.6674990181954854,-10.01915433839622
285,3,-0.5526642517897926,-7.370658619490314
286,3,-1.0871137720050683,-6.30260240122243
287,3,-0.8740241189525477,-6.66225217736428
288,3,-1.0790688534589208,-5.120765898463105
289,3,-0.5825557668686088,-3.8698675478535733
290,3,0.8360242338167154,-1.7649367777403313
291,3,0.8270214066933477,-2.042625208163372
292,3,3.662873005752772,13.387709418142549
293,3,2.8771133150794412,10.51587819258657
294,3,2.3618161069553025,7.974213188776048
295,3,-3.990560809767885,-14.140413018886647
296,3,-2.09303241620637,-0.16634261302897357
297,3,-5.530264691403318,-16.392578754189344
298,3,-1.829774553973948,-0.08059535983011301
299,3,-3.8688994499452747,-14.737043840495971
300,3,-0.2636236758389714,3.750147889557411
301,3,-1.3170435753354468,-9.212466256210064
302,3,0.6259588069651727,5.443718538995199
303,3,-1.5683257825930923,-8.971555260669447
304,3,-0.5775305288007075,-8.527730326737583
305,3,-0.08817542235738074,6.111884790957447
306,3,0.25833341074030614,5.669152206789477
307,3,-1.3622856818892615,0.4289309391124334
308,3,-4.485921646592942,-18.359883252383042
309,3,-4.096959709591829,-16.54449424037739
310,3,-3.77657561977594,-15.671498030681505
311,3,-2.2398164119395005,-11.823421883219453
312,3,-2.0515971795584846,-10.47659894805929
313,3,-0.9870246494356252,-8.24377844074479
314,3,-1.0755172858735023,-7.063233101688638
315,3,-0.6115458556587328,-5.14568564052388
316,3,0.20814448722558154,-4.107522645499557
317,3,0.7541809592012214,-4.052621230058321
318,3,0.8327301074996285,-3.997192785329389
319,3,0.9547456264499488,-3.9806493723626772
320,3,0.880031821112425,-2.5071718951830917
321,3,0.2529773040841974,-2.9024563099083025
322,3,0.12686543581730803,-3.4457465988707554
323,3,-2.9877242708726044,-8.331863201242413
324,3,-3.7533252455359616,-9.29535227058841
325,3,-3.8062826582845446,-8.78533710591637
326,3,-3.082655115455964,-5.985228401336826
327,3,-3.0088325339493167,-5.994636139815157
328,3,-2.748747889945662,-4.99980344188134
329,3,-1.7530607431071985,-2.792216324040055
330,3,-1.9950993523980287,-2.9342973164830255
331,3,-1.5639418407099583,-3.837774524510678
332,3,-0.8035352761226022,-3.429624150462587
333,3,-0.0512914248774905,-2.9762054927032295
334,3,-0.030829251901195676,-3.5563428737477807
335,3,-0.6188208079356627,-5.9146288209003615
336,3,-1.4757817025028999,-7.424645717245767
337,3,-2.063701984007821,-9.377790906403789
338,3,-2.106442897393208,-8.56839588614912
339,3,-1.5300309613594436,-8.197762824739584
340,3,-0.7650529286074743,-8.325603688166666
341,3,-0.780271087735855,-8.650332655743114
342,3,-0.7386777598903791,-7.973239571630074
343,3,-0.9111763242708548,-8.468323862084617
344,3,-0.558707754767056,-6.372263735657725
345,3,-1.0867927139106541,-6.914156501119578
346,3,-2.2554568125124206,-8.727986589089596
347,3,-2.694532838600935,-9.341480849300751
348,3,-2.071558137480679,-8.329172570944138
349,3,-1.6474186274208478,-9.525247140796637
350,3,-1.523409397843352,-11.502032279112427
351,3,-2.1406815592808925,-11.458932943402942
352,3,-3.222020047683145,-12.726209607194505
353,3,-3.23776732076567,-11.916551947910193
354,3,-1.536883432837385,-5.851071165247049
355,3,-1.8902168805789188,-5.905222104708628
356,3,-1.1417320948648921,-5.448662022800818
357,3,-1.183728156151119,-10.923861299253986
358,3,0.1207061512823202,-9.36906021222967
359,3,0.5338564892454087,-3.656820772449464
360,3,1.4102156782992097,-3.997817713220684
361,3,2.5126978091639103,-3.425464519191337
362,3,1.101237337657949,-3.869789077637506
363,3,0.6816624223565668,-2.7046459275234156
364,3,-0.6567878003634178,-4.562395548997301
365,3,-0.8457782938958189,-6.304253236934528
366,3,-3.051499691340723,-12.682141749940456
367,3,-2.1583530595280536,-8.73613331092838
368,3,-3.180014756399032,-10.897373088945642
369,3,-2.4704093357140664,-7.275794057105486
370,3,-4.612923803980266,-14.60405382220415
371,3,-4.98730839232303,-11.839065217222014
372,3,-4.622348012198017,-8.844667287996344
373,3,-5.980346831896895,-5.829043013498449
374,3,-5.041852226222545,-10.225347133108698
375,3,-4.989327050381689,-8.394110020260996
376,3,-8.556454232088072,-7.623124326844845
377,3,-6.58621170879087,-4.095688995704222
378,3,-5.553372392885649,-6.558348645703518
379,3,-5.23200168434596,-9.3018824492965
380,3,-4.923402055284441,-6.4971377113633935
381,3,-3.5208660462117223,-4.150494039185105
382,3,-3.0679834550269334,0.23003722386238223
383,3,-2.8840638523861344,-3.6911127040721112
384,3,-5.664941928406279,-2.8574513363719234
385,3,-5.445125515313066,-6.48443484949712
386,3,-4.844152916431085,-10.020984096925531
387,3,-7.082613829853926,-20.81484333435037
388,3,-6.468108676089287,-16.93837510910089
389,3,-7.7562278094169415,-13.785911013686928
390,3,-6.484289494438599,-13.83087626233555
391,3,-7.03232560485003,-12.596172258183287
392,3,-5.135525015793064,-12.564442893051819
393,3,-2.1670038287520583,-13.581425431773823
394,3,-0.7390690773327151,-10.816325674783002
395,3,0.00797942497774784,-11.48500565782524
396,3,0.5778486999079178,-9.430969814208765
397,3,0.7626650988158872,-8.624472384860383
398,3,1.4486788915855868,-7.4332178760842
399,3,1.3616977595597746,-5.535960079102551
400,3,0.23312380481047512,-8.082192656846019
401,3,0.6154622485755681,-5.986323242193066
402,3,-1.2730259043919432,-5.028454931762099
403,3,-1.3198205232342843,-3.599659032798627
404,3,0.1227132953877117,-0.8287731574519057
405,3,-0.08102551996398688,-3.4412833569840586
406,3,3.349617759427474,-2.6283041857086573
407,3,0.31412502396551645,-5.4868356406968815
408,3,-2.128241978335609,-7.152321106167619
409,3,-2.087521539264344,-6.3779848513649995
410,3,-1.8321908385564711,-6.699300555143054
411,3,-0.512147056611866,-6.5861372874087465
412,3,-0.001738267153086781,-7.191974076198676
413,3,0.4596402574370586,-9.35689317811648
414,3,1.980659858000763,-8.684493544213183
415,3,1.9303101738237274,-8.71595389592676
416,3,2.722031719806637,-7.983698488251321
417,3,1.8684459180617523,-7.249557764303972
418,3,2.43417537755613,-8.869118428630827
419,3,1.088652869066209,-11.363942870661958
420,3,1.0905133255319015,-10.509341356788354
421,3,1.8185110652048024,-11.636711792089955
422,3,0.8658498397835501,-9.455117090796193
423,3,0.9983907844039095,-6.918133993583979
424,3,1.6349311782496443,-5.8832528917537275
425,3,1.7151664842408536,-3.0521672541017324
426,3,3.4671965235929747,-2.034642578227249
427,3,5.784128346412217,-4.01327510487954
428,3,6.0922249328336875,-2.8936405835956975
429,3,6.69445100565099,-2.184773217169095
430,3,5.402553189030186,-0.03718288696654781
431,3,5.594271078536622,-0.8333081005548593
432,3,3.17255848309469,0.09596308290565503
433,3,3.5326020277857424,-2.328944646137643
434,3,2.9876439800132175,-2.417923740553306
435,3,3.6467753622277996,-2.361515328650057
436,3,4.899269012776131,-3.1181454809548086
437,3,5.830650447634071,-1.1728138272519573
438,3,5.965565215981769,1.0215944025230783
439,3,5.5401044082109365,-0.6113661284716727
440,3,5.195573993839389,-2.0964773911555312
441,3,4.891497097184583,-2.3486748141176577
442,3,4.363182800961113,-1.0072404216216455
443,3,4.639363201848937,1.0278826397989178
444,3,4.301675797295502,0.15765755207939947
445,3,3.193230749749091,1.9798639780865415
446,3,3.382308656204259,-0.1643647345727004
447,3,3.4385862895178434,-1.248305001287008
448,3,2.8731244785303716,-0.8561503027158324
449,3,1.848362375495526,-0.48237273379345424
450,3,2.666163248793964,-0.35465072476563364
451,3,3.783719325892889,-1.6642974568485442
452,3,22.915096915893628,26.75268033509292
453,3,20.650013730913997,25.4119266920452
454,3,0.011736602951714303,-8.138982740147185
455,3,18.574625572002333,19.41193903860585
456,3,17.82952118407775,15.025396727727639
457,3,16.845522747023097,12.12648125785472
458,3,15.925644348925744,11.093201540416885
459,3,14.048051040052087,8.012016791607493
460,3,12.078311059046428,6.0915607443002955
461,3,10.713182825320473,4.12855318392576
462,3,8.765182073581855,4.992770123219088
463,3,7.458204046693936,4.1926150835033695
464,3,5.266085138136077,2.8972899087330006
465,3,4.1094548798491815,-0.19893803034847224
466,3,3.6736619288622023,-3.120068943851038
467,3,2.152528487791642,-4.274051296676589
468,3,2.1182072281544606,-5.174621449330516
469,3,2.3893931648899525,-5.391019267458432
470,3,3.0070692606932425,-3.0514428549067816
471,3,3.1788769375907577,-3.7695053092693342
472,3,2.812060186468443,-3.2226525778196446
473,3,2.552655452239378,-3.1390438098351297
474,3,2.6546991522163808,-4.2664061561190465
475,3,1.744281872749525,-3.8247927720040025
476,3,1.2843376042665113,-2.9753959856670917
477,3,0.5855970167585838,-1.9908145331901324
478,3,-0.180948644549062,-2.096788079772523
479,3,0.10096198195060424,-0.9271447076644108
480,3,-19.204388179818125,-25.127136160671398
481,3,-16.34975884383948,-22.142849524077064
482,3,-13.6955663894405,-18.051466679677105
483,3,-11.477309947284994,-16.215631703286817
484,3,-9.299331692483975,-13.909874022877375
485,3,-7.1936268060972,-12.110237158010932
486,3,-6.106543831986528,-10.25156627656088
487,3,-5.172770580679753,-6.9769101546362435
488,3,-4.3951396691927584,-7.28478081452613
489,3,-2.5187218566279626,-6.194234085780408
490,3,-1.963736898769639,-3.9031463148303374
491,3,-1.0612664273667178,-6.039839949720772
492,3,0.6883970104809123,-3.5605527901443565
493,3,-0.47480914047901024,-2.1285754645159614
494,3,-2.353239702322753,1.1199082522689423
495,3,-2.6544508372089695,-0.6427461749281065
496,3,-2.711242295275042,-3.80313752546499
497,3,-2.4022529184530867,-2.3627901251829826
498,3,-3.945548012789004,-0.7911283917483161
499,3,-2.8935381059473,-3.924633717130746
500,3,-3.0756664854188784,-2.791380073014807
501,3,-1.7651665312750993,-3.6068515944016326
502,3,-0.09438636168943049,-5.09535961718484
503,3,-0.4653901387937367,-4.064672811281525
504,3,21.04403718003141,16.662131916360522
505,3,-1.6213563051042001,-5.269308925421683
506,3,-0.8308560691721141,-4.847418212168122
507,3,-1.401332582935538,-4.9700470609332115
508,3,-2.1530447824861767,-2.5271175434399993
509,3,-0.8256442200190577,-3.9181078987867295
510,3,19.061343019857304,14.059810497710714
511,3,16.073779169773843,10.507701239786911
512,3,16.870994525423157,8.581242199962617
513,3,12.774588765568296,7.119149548718269
514,3,11.550973254719793,6.683222758138982
515,3,10.260500398441764,5.761914289170818
516,3,9.017893149917654,3.2248046294016603
517,3,6.932214912591917,3.334819854933812
518,3,4.349526348553809,2.9315676083451763
519,3,3.22334066530766,2.731793904751612
520,3,1.2608697033429053,3.5864535300588614
521,3,0.6070398601486886,0.27939293356939743
522,3,-0.6541395248596018,-1.6057159063557265
523,3,-0.398061866295393,-1.0657325094052794
524,3,-2.615589335925506,-1.8563249700846427
525,3,-2.7215706989200044,-6.1581765420442025
526,3,-4.697812316805539,-8.719377201826319
527,3,-4.844584610612401,-8.662745928932054
528,3,-4.034083448508682,-9.679970105462417
529,3,-3.5958400234858345,-14.564126509874768
530,3,-3.9172724659565574,-7.983599196961222
531,3,-4.896384507104813,-6.511001459974068
532,3,-21.082061511285247,-30.734053786504774
533,3,-18.414077069378436,-30.565630597766358
534,3,-16.732660897674577,-22.67373129257703
535,3,-16.138238641956377,-18.455956496866747
536,3,-12.99518773496311,-22.55027111617619
537,3,-11.179760502096542,-17.049984681950264
538,3,-9.800321201369115,-13.635175027650803
539,3,-10.440825525582113,-13.560809950727162
540,3,-7.088408732098287,-7.838422557488229
541,3,-4.683998321900617,-13.209384983278142
542,3,-10.346312098647104,-13.647578579213587
543,3,-5.3040348236499995,-5.723609813368057
544,3,-2.894558202677217,-0.7049271518599198
545,3,-0.275491490125205,3.71835149076378
546,3,-0.5497945599690865,-1.3806722306708252
547,3,-1.0245699725501254,-1.6113987345597707
548,3,-1.618038080743645,0.38000021732386813
549,3,-0.22882393432155368,4.784400630785967
550,3,0.045301194887542806,-0.1592342395997548
551,3,-0.42622990470590594,3.8951248767916695
552,3,0.15965250010049203,-1.5602906271315078
553,3,0.14913133107620524,1.4529651003795152
554,3,1.9715255314258684,-1.771275433558003
555,3,0.9881413305356546,-3.7752269774000524
556,3,0.05221472123321291,0.3379673965355323
557,3,0.1911639406798713,1.0763940286642537
558,3,1.520848728296187,2.627579866835731
559,3,0.6804296921263813,4.316014390786222
560,3,0.6157876769620998,2.613388206355012
561,3,0.907877737862691,-1.997519798711437
562,3,1.7155241722621213,-2.4919924661262485
563,3,1.5293342050526917,-5.213041917687406
564,3,1.280502153530506,-2.525908076529049
565,3,1.3543897740455577,-2.933311665770816
566,3,-3.6253607332519096,-2.017450834783631
567,3,-3.6453753489904557,-4.886036408743166
568,3,-3.1762310512676777,-3.422061637324987
569,3,-2.51225509809683,-1.9063864100353385
570,3,2.551692365501367,-3.8436697486013145
571,3,1.9807816465781798,-6.072536286799732
572,3,1.5669182807368998,-6.860411817870045
573,3,1.8287222608996672,-6.717516245929801
574,3,-3.8559606317812722,-5.9509646115329815
575,3,-3.143710749539423,-4.281770194388628
576,3,-1.6177862563017698,-3.058441991673135
577,3,-1.2089821523268256,-3.2336207345833827
578,3,4.527171367420124,-4.873373691537381
579,3,3.8550092742952984,-4.749785535252158
580,3,-0.9664751336513291,-3.673698082861847
581,3,-0.8167692526803876,-3.8711798273743625
582,3,-0.2925171476090327,-3.840100440324022
583,3,4.67986858878794,-5.463935131916514
584,3,4.080407379844473,-5.994141164647772
585,3,4.120192800611221,-4.134133577880675
586,3,3.9451511858842423,-5.243859372788393
587,3,4.007263985226928,-5.271749029284365
588,3,3.333079089320563,-2.7523377015158985
589,3,3.457139263108729,-1.1233968021115288
590,3,3.8039891536554933,-1.3363747292924018
591,3,3.8439290557871573,-0.3638781026893412
592,3,2.728355117420506,0.03282815026341268
593,3,2.4100292889570483,0.9324605878018701
594,3,3.004278589736714,-0.3965133992587653
595,3,2.4907002674817704,1.0542095328419236
596,3,2.3236507721248927,-0.3143742100082818
597,3,2.2780883854447893,-1.5122247964645794
598,3,2.287616134959535,0.31021210394555965
599,3,0.9107957184669431,2.1177299129631137
600,3,1.0943167127607012,4.066846056768554
601,3,1.3679827808082337,1.9690377527977034
602,3,1.3977087626662978,4.3692703529040955
603,3,2.2116367610278758,2.72926223075865
604,3,2.3548647233883457,5.917725686702397
605,3,2.6747885256081645,3.6187297334363393
606,3,3.5353023585457777,7.007740884438135
607,3,4.090937267669688,4.501907086125357
608,3,4.598852095060465,5.9814435831858646
609,3,3.8644605257268267,4.514736058075869
610,3,4.565427637140601,6.892826481820521
611,3,4.4946904314110725,5.272428632188166
612,3,4.4668555396183365,4.819285147417759
613,3,3.5637545149384096,4.839602804206152
614,3,0.9530877686183885,-3.53857438860814
615,3,0.7234264825419814,-3.2849684935690675
616,3,0.18157027625238698,-3.427232794268093
617,3,0.20787754770753963,-1.473809686376626
618,3,1.4657643264436047,-0.38985586180115206
619,3,2.220637760160571,0.3593921202555066
620,3,3.6729660383025475,10.68595040355649
621,3,2.4820241485213046,1.5982632887553336
622,3,3.7458002084540567,-1.4905526773545716
623,3,3.2209207695850637,0.4096002756159578
624,3,3.0821219516283236,0.5280303356457807
625,3,3.1822090995437975,1.8292167580557361
626,3,2.711647178084604,2.5327211222311234
627,3,4.4461463202624145,1.960988353727771
628,3,3.3102377316454294,4.608739779755524
629,3,3.4439804105504663,5.445245908425932
630,3,1.2923267270853103,7.974918003340463
631,3,2.499468914405952,5.582110373091382
632,3,3.1454260343025453,4.010901261814979
633,3,3.6785183707470424,2.5628074530568483
634,3,4.59943484201267,3.8785004234605367
635,3,3.9783673204692604,0.6714524142771552
636,3,4.015506237848058,-1.029414434788123
637,3,5.1200616421156155,-3.4533845786008897
638,3,5.2232414558257005,-0.21244270656279696
639,3,5.7386797859353464,0.02011463508279121
640,3,6.584040970326896,-2.506712116430208
641,3,6.224266306677237,-1.5846028755031512
642,3,6.0364282000382445,1.6387262534608453
643,3,5.497276605411571,-0.10828073712036712
644,3,23.272029481172467,28.378365604323335
645,3,20.764984683845796,25.89555495010427
646,3,19.92888699825562,15.410442844984573
647,3,18.688204234399564,5.986433646610749
648,3,16.718101018112066,4.0178178585856585
649,3,14.155227220035158,1.831308629313753
650,3,13.385933899066913,5.431700962644754
651,3,11.639099002525654,5.375943054126765
652,3,10.650709837332215,2.6009803325268877
653,3,9.480894818238994,5.2737017651270435
654,3,8.185702864360792,6.608389971395809
655,3,6.900203599252563,6.81600228827574
656,3,-17.20116268430411,-21.589829559466125
657,3,24.921331390180057,-55.24296736092401
658,3,23.743421382913766,-47.37458038740715
659,3,21.032947698942735,-37.109827189727184
660,3,18.620488970292172,-24.434885562168347
661,3,17.660172633011825,-14.544516191021103
662,3,13.821187493206708,-4.779701774919886
663,3,-5.478486553728544,47.137956509718606
664,3,-3.551576471992121,37.11585327294688
665,3,-4.768276520759173,32.578692337669054
666,3,-4.059207122999396,31.81980521564492
667,3,-2.483735322717621,35.380420233213044
668,3,-1.1006269758581766,27.165312885914318
669,3,-0.049046565565731726,20.51557739701002
670,3,0.11004743173180032,21.360758623434776
671,3,-0.6447445583344233,27.04212849828491
672,3,1.1674587067445827,22.32683956989422
673,3,0.8556873514089602,18.942085598746417
674,3,0.6227757997075969,18.82628032889079
675,3,-0.08622777828077233,18.46327855535219
676,3,0.07465918093021173,13.841827358789487
677,3,1.3887672318624027,11.292181283562968
678,3,1.9010076835966174,7.258302661757625
679,3,2.0028960111485503,8.918461941679197
680,3,1.2697697761659583,6.541150520227347
681,3,1.0764472965320238,6.391438091607597
682,3,1.4468921482457517,8.356053773448366
683,3,-15.24445067058241,-15.551092734457598
684,3,-14.639504161599689,-13.09967869564207
685,3,-12.65650651825581,-12.333565754209303
686,3,-10.867430684360443,-15.631357076848872
687,3,-9.076724392295546,-15.288842615075737
688,3,-6.397033794049094,-8.462437375056652
689,3,-5.227334169545429,-1.2238563099426756
690,3,-3.3255475835567267,1.4979689828942355
691,3,-1.7223476958106403,7.4402551937855606
692,3,0.33154347956497077,9.24555818823319
693,3,0.65777806859478,8.106673187896376
694,3,1.1455683487592978,8.943946257383686
695,3,0.21188934888778022,9.180967005282582
696,3,0.24642667184343736,9.209702113504136
697,3,0.4431080699641825,9.639548681503584
698,3,0.7990219975235959,13.325457638946318
699,3,1.2030806656421191,17.341280975333575
700,3,0.8622709971468794,14.095293779313579
701,3,0.7303525055231148,11.16645619154042
702,3,0.04794500209573016,9.342860600369931
703,3,0.492915579127839,9.09847825820998
704,3,-0.5598676912832161,7.603431962769719
705,3,0.22685877296407853,12.638800899104353
706,3,1.9241180476847148,17.057868498463904
707,3,3.582718645008754,20.44822974140152
708,3,3.6036776523351364,20.56851667312003
709,3,1.8443188668643415,20.273960556255588
710,3,-1.4786318473425126,18.012201933086544
711,3,-3.598196257503332,15.232769405583895
712,3,-6.100685673269254,12.390806306932973
713,3,-5.487634994880864,14.59257928351326
714,3,-4.088536727398605,17.238947034751618
715,3,-4.19203467263651,21.70370557892511
716,3,-4.647712028501701,24.976450239207225
717,3,-8.45263838215942,23.470317879022332
718,3,-11.611792490436528,15.0624191226334
719,3,-12.824702632753542,8.342759037993346
720,3,-11.717631116411212,7.2717378108454795
721,3,-8.69233429407359,14.865398902205015
722,3,-8.383513284457877,16.378958577923186
723,3,9.2754465150756,48.86879318024057
724,3,6.755012435954086,42.979188344264
725,3,4.191780310884496,39.63878072529951
726,3,-12.991464473871929,2.423154214728129
727,3,-13.322472611819649,5.4587664934842905
728,3,7.769107772849566,39.73226599975442
729,3,7.252880843717321,38.137557068738715
730,3,6.68702861226393,37.49168063783782
731,3,6.555876364810501,38.280544151490176
732,3,5.9338874779341495,37.410327949422935
733,3,0.46557315305108204,42.00931629353818
734,3,-2.264556276451003,31.66227595276814
735,3,3.066896056254336,27.470729876114092
736,3,2.1010178947935856,26.993594371918334
737,3,1.7806858552730773,23.44517119694865
738,3,3.1622846019154167,18.854016590901665
739,3,0.8438396016863408,16.404963263681566
740,3,0.7070995220574332,16.67647325505459
741,3,1.1957545963796292,9.2466818685416
742,3,-1.2057744839812585,8.749241351789351
743,3,0.2760439868307003,17.50494572232492
744,3,-0.7706359785715904,21.85586076272193
745,3,-1.9392906925240823,20.77810982162282
746,3,-3.41756563274339,21.388167828825317
747,3,-4.619009456992899,19.288538123305443
748,3,-5.672786915807592,18.82278906891952
749,3,-4.940871572200194,12.664166086543446
1,4,0.02895213527881424,-0.5412577154593237
2,4,1.5344737532395811,1.8496975485368239
3,4,1.7932945240063418,3.8671058154486673
4,4,1.3157720215749578,-2.9410763669311564
5,4,2.169573552417205,-2.643922802863017
6,4,2.125629048283372,3.0821386780598914
7,4,2.3727261045632986,4.401150717607379
8,4,3.7064308245362554,7.6081424333624454
9,4,3.372056916533438,11.937429530451482
10,4,3.1825749221543447,9.733802696365274
11,4,3.733717108395467,11.449293732003753
12,4,4.039541172465761,13.726820820163994
13,4,4.4215640937800345,19.56097420574679
14,4,3.819950650457031,16.79183412319344
15,4,3.650290864915405,15.588657067708482
16,4,3.582294799621195,11.51776546747169
17,4,3.740615408344638,8.444137372045589
18,4,4.05942956472154,5.0130459432066345
19,4,3.8909046404187393,3.939406694954414
20,4,3.8602221928240397,2.085429060893148
21,4,3.6972768836940304,2.018879726011619
22,4,3.3069387364239446,3.3675993494689465
23,4,3.3497366997971767,5.368232357184752
24,4,3.2870019839938323,6.4718583180456335
25,4,3.637877510321232,10.68305644613065
26,4,3.0031229894457283,12.538074797075751
27,4,2.432496938841723,13.204390544453418
28,4,2.2288711687215255,12.739635804671707
29,4,1.7402994032709103,11.35699340542942
30,4,1.3577032888115355,12.161040223012606
31,4,0.8236773705866653,11.46651414515054
32,4,0.5623164877151794,10.977705006145698
33,4,0.19245592756669794,8.501944664722942
34,4,0.1158187465125593,7.658810839323451
35,4,0.5905325068788443,9.468458688718783
36,4,0.7024114862397255,11.359802050638791
37,4,0.8510882340360695,9.755655208946337
38,4,0.5133517691101588,14.573704569522306
39,4,0.244597167824395,14.470558765595342
40,4,0.12103299827776937,11.998896265663461
41,4,-0.6926587686530183,9.680902567630255
42,4,3.0750754794880777,16.11857893301294
43,4,1.7023985839723537,18.168719372753912
44,4,1.0703424614284813,16.255768910550614
45,4,0.6351569628050129,13.588009269210488
46,4,-0.09554972865134914,12.892564539130035
47,4,-0.6364807347335955,12.010934288198769
48,4,-1.0052225382096367,10.668779902344795
49,4,-1.6146786802300994,13.32826793007007
50,4,-1.5118054573831614,14.326481784067255
51,4,-1.7784492878172387,11.814694983067966
52,4,-1.6037095768751897,18.225389963900852
53,4,-1.9241286385295098,19.337594551176153
54,4,-2.2882480517200747,18.241012807019615
55,4,-3.844302169403818,16.05073889866071
56,4,-4.855882413926338,15.36157523467864
57,4,-5.713332477824224,19.06096323156089
58,4,-6.213137094819103,19.23982494631673
59,4,-6.988492354913433,15.807926714841415
60,4,-7.568838350865917,10.985690775502917
61,4,-8.078463551320965,8.051774171757643
62,4,-9.157603027140794,1.1954943468708734
63,4,-10.055390795547282,-0.11602190481789876
64,4,-11.165923646848569,2.5555183837150253
65,4,-10.831477885973982,3.8713427711572876
66,4,-6.452666775653597,0.08570657332802512
67,4,-5.547347873647595,-0.8383146555033818
68,4,-7.238994247188202,3.9184908119104875
69,4,-10.597739397790974,8.01450088731417
70,4,-11.772599288389756,5.982218392673531
71,4,-10.632970000854584,10.719555964757092
72,4,-9.410709758635676,8.362650851197031
73,4,-8.110440322027898,7.526028531567135
74,4,-5.737276497195126,9.03555268684704
75,4,-4.264502606474707,5.563028415511326
76,4,-3.101680357916848,3.7151447238338733
77,4,-2.047197779103044,2.342678777684341
78,4,-0.39176563201544923,12.703351119238505
79,4,0.6279560703178504,15.55033562639619
80,4,0.8221665325463619,11.744040230348219
81,4,2.0942163631798394,11.119784487543257
82,4,2.2744340561948775,9.056338768718888
83,4,2.133684389350492,2.933373840416607
84,4,3.015358350954557,6.281443602309082
85,4,3.95901681671603,5.2821495130847325
86,4,4.911177960048917,8.098627605745605
87,4,5.608142956712072,6.425385623047077
88,4,5.867781284197918,8.413851096659528
89,4,5.234429229142734,7.834072647694484
90,4,3.0793955676163023,11.855481399695236
91,4,4.292124635210712,5.820421132036245
92,4,5.763085687178318,2.7228967985720374
93,4,4.232935195666869,-0.9263582836438218
94,4,4.249428482951771,-1.7050505475772297
95,4,4.279990091463333,-0.9342804809475638
96,4,8.09564164213316,1.5172390675470524
97,4,6.653600106855265,5.065614340775028
98,4,5.31172417892958,5.998212874001183
99,4,5.084032391133405,11.198868829703315
100,4,5.735000819875495,6.670555855054772
101,4,4.875213476724639,5.330447446881408
102,4,2.999210347315966,2.18503312795292
103,4,1.965043922615223,4.162535685269177
104,4,1.3639099962920227,2.7536002591559736
105,4,-0.4614821330651466,1.1219296628305528
106,4,-1.9136182070260475,0.674549955188013
107,4,-4.350459727089401,-7.1627733442865065
108,4,-4.762633211817047,-10.118452476624952
109,4,-4.990020453492434,-8.755563391292526
110,4,-6.008592840327765,-10.861979907892419
111,4,-7.074627493375374,-10.488513228655393
112,4,-7.903183980094582,-5.855988870172041
113,4,-8.64055863428348,-6.375679944482727
114,4,-9.209195439950236,-9.83858342532767
115,4,-8.330141762568019,-9.447012414507299
116,4,-8.523640475538741,-9.527856985845574
117,4,-7.949612618444007,-8.657901746075368
118,4,-7.591644422707759,-7.1179208837656915
119,4,-7.869761197920525,-4.0398458869376555
120,4,-8.235565929499899,-1.053674587947171
121,4,-8.387405387132276,-0.34773685346863203
122,4,-11.035611606926068,0.40176581613013695
123,4,-12.91823183501674,1.2495405375066184
124,4,-16.097203654770055,2.8781900189051157
125,4,-15.479909224139192,3.382312261498555
126,4,-14.43736056837588,3.714566931104855
127,4,-14.203844475691767,0.5536973611924623
128,4,-13.508096620425022,-2.485548338591798
129,4,-15.39215302455068,0.9425849748549808
130,4,-16.301933293443653,0.9111161359596736
131,4,-17.319624703923182,3.125653015237731
132,4,-17.941156527664134,4.097996068629072
133,4,-19.956531927688047,5.09650912205143
134,4,-18.076515216166626,4.8961455334865605
135,4,-16.371270194666977,2.5074980389154007
136,4,-16.197792270488208,-2.1053675518187447
137,4,-14.86592335685782,-2.939291651802705
138,4,-16.54022506677302,0.41962740809503885
139,4,-12.65304148114501,6.49769725600072
140,4,-14.168266117161693,-2.4301061064943497
141,4,-15.519667792051223,-16.10721576855849
142,4,-15.151212884611596,-12.511934396023207
143,4,-14.16482445829024,-9.813490875711068
144,4,-13.194775051580109,-10.215311377059152
145,4,-12.781233926038112,-10.759633472224778
146,4,-12.60073148083302,-16.19063974164783
147,4,-12.35103882655767,-16.744365986135563
148,4,-10.77692209705856,-17.518288093153387
149,4,-9.977314174897401,-20.860396584801492
150,4,-9.152582886040364,-17.742049043312363
151,4,-8.550458263861401,-15.95060179680786
152,4,-8.098048125208152,-12.144046328668992
153,4,-7.158452038861469,-7.270701244569864
154,4,-8.188699723083118,-11.28444660544028
155,4,-10.228752631045609,-22.95387257837774
156,4,-9.397212401562683,-20.160788407683867
157,4,-9.069316607916335,-20.160256277590634
158,4,-9.139675523766527,-20.611388232864556
159,4,-9.384591256206477,-15.641710655241695
160,4,-10.21595374682056,-13.479551573426761
161,4,-12.895752526878823,-16.01833458735382
162,4,-13.265382991226033,-18.10817882452193
163,4,-14.110868453841249,-19.821330990306706
164,4,-11.582963504768486,-12.808248816098057
165,4,-10.73097790056454,-3.0711567355383522
166,4,-10.694774586248059,-0.682872079111803
167,4,-11.75921330114761,-8.057336968883646
168,4,-12.246869025401793,-3.1863138223015994
169,4,-12.206499690379133,-4.9826150646485985
170,4,-11.406532546800008,-11.515221180995468
171,4,-10.006783819460907,-9.129503315258262
172,4,-10.009901759955937,-15.503003308331245
173,4,-15.1260749075891,-47.108609571748275
174,4,-13.788070562010944,-34.05356382833088
175,4,-11.801462042397361,-25.226757724426534
176,4,-10.010447914362885,-17.64100624866478
177,4,-8.950223743780043,-13.65497554322792
178,4,-8.558426041992789,-10.651925115134873
179,4,-8.226773253865758,-11.881388175574102
180,4,-6.710731974018017,-6.550692781978796
181,4,-5.5487309422351245,-1.5655792864745308
182,4,-5.59727158898113,-0.4689822042528249
183,4,-5.700294735653188,-1.593965894034227
184,4,-6.055770072419364,1.4287483019334104
185,4,-6.616002015724916,2.8165114156872733
186,4,-6.844918735528154,7.081826460173033
187,4,-7.346353690133583,4.6842664967762175
188,4,-7.705300891634579,5.558965029150386
189,4,-7.21308583579048,6.419210782985829
190,4,-6.990499346203251,5.6763169679088605
191,4,-7.002533107568524,3.6889027121560503
192,4,-7.072652194951843,10.344377371617156
193,4,-7.55772161979894,2.319866325122348
194,4,-7.946634829503637,2.866292798010363
195,4,-7.91102971413784,1.6411989121943407
196,4,-7.671874338402631,1.1201481804409923
197,4,-6.562621860517538,0.7980510750176109
198,4,-6.401513361955949,-0.4501849628795753
199,4,-7.876767091961483,-6.331860575754035
200,4,-7.419967865370381,-4.135947300971566
201,4,-6.250374459305931,2.9026390358339995
202,4,-6.8350855159415005,4.180051392106179
203,4,-6.28482231088401,5.9712851983822475
204,4,-7.298764408791612,4.488726290408522
205,4,-7.646538171095926,3.3636147383722346
206,4,-7.735274487475181,4.662756652141979
207,4,-7.763010593180297,2.4603101413877084
208,4,-6.815970237233159,2.793670620994817
209,4,-6.440489432960021,1.5286072152784982
210,4,-7.607773587912561,-2.720185476116967
211,4,-8.089544105359892,-1.8408532934809045
212,4,-8.916332191390211,-2.4967912036136113
213,4,-9.129453217256923,-3.4807725107148144
214,4,-8.584746148682825,-3.195910300264586
215,4,-8.213756168940563,-2.8295731050911854
216,4,-7.317507166769246,-2.9430287625400524
217,4,-7.343800142063628,-3.5789995045461183
218,4,-6.281338843373305,-1.006928117492862
219,4,-6.7708583311186885,0.6854454924159654
220,4,-7.412355862102231,-0.36693851740255923
221,4,-6.378289249756563,-0.2943343854813065
222,4,-6.390204151110083,-1.3709514671636498
223,4,-5.379033281480588,-0.5924696110614605
224,4,-5.40313052925103,-4.489990480222332
225,4,-5.829843082496154,-4.505740831764342
226,4,-5.910581047276537,-4.07066856403253
227,4,-7.240864489657724,-2.1414865155657026
228,4,-7.808784032174117,-3.0741433118591885
229,4,-7.8215297555907455,-1.0133015536348466
230,4,-8.009148960887615,0.4354616268683458
231,4,-7.410683078220245,0.4382626566912222
232,4,-7.56442517868345,-0.5848068986315411
233,4,-8.029543940618169,0.09874324605152651
234,4,-5.23884326395364,-0.5226441127715589
235,4,-4.272345837071043,0.12009142452188826
236,4,-4.187615148142868,-1.343037296975126
237,4,-4.2327241977882295,-0.8386533697394043
238,4,-4.529006896708779,-1.0968243407141927
239,4,-8.711591454467452,-3.00605303609791
240,4,-8.32843571675221,-0.7870645100265392
241,4,-8.032600738052679,-2.136381788732251
242,4,-7.148274379241229,-1.40924572210497
243,4,-7.060935174850783,-1.0839557228955528
244,4,-4.522722600882844,0.5975176848214687
245,4,-5.354308248392954,-0.28448752426265855
246,4,-5.125862017148393,-1.3232409334523254
247,4,-4.370934955262783,-2.2524862548070814
248,4,-4.2142483324405475,-3.0172962975639166
249,4,-4.835965493862204,-13.359412034836168
250,4,-4.4707404526971,-12.623617010312955
251,4,-4.17388350767942,-9.862769260676941
252,4,-5.232356075524876,-9.084318901089318
253,4,-6.365958512029465,-8.80351095772403
254,4,-7.052588717281651,-8.468287483318818
255,4,-6.679090661965347,-8.102846904150283
256,4,-6.028012730335831,-6.925663979121964
257,4,-5.714309705869709,-5.486018770428927
258,4,-5.567494377788535,-4.158338996131533
259,4,-4.8749096161036505,-2.3868446955893887
260,4,-4.801827306499035,-0.649663085406246
261,4,-5.306771210672196,-1.536948468375158
262,4,-5.606139821972647,-0.10661710931162816
263,4,-6.175831426041441,-3.0302603499521865
264,4,-7.50743171078193,-3.626641228781409
265,4,-8.154011157858804,-5.601430045461711
266,4,-7.246921350133562,-1.6061713929184407
267,4,-6.963972768249732,-0.7681920499962871
268,4,-6.216808109127669,0.4812851285423676
269,4,-6.612260223299927,1.9166529583080774
270,4,-6.726002783497279,2.7046711239845536
271,4,-6.869562822995249,5.805747092381353
272,4,-7.543958224910966,15.624599542531541
273,4,-5.713247169568604,0.9406710155917608
274,4,-4.740104799425353,0.9033151476205603
275,4,-4.983016585015321,2.472581094704765
276,4,-5.618341346272246,2.090908249003405
277,4,-5.43530197556538,1.650064748270779
278,4,-6.178172825020738,1.9324974751943955
279,4,-6.8009859612138825,2.384166039860247
280,4,-6.386859141328387,0.14686889096992672
281,4,-6.122459423665532,1.4930504216881673
282,4,-5.69724352531739,2.9795847005934775
283,4,-5.127611419236928,2.310232559830183
284,4,-5.089342057483918,1.7907732025869336
285,4,-4.90606424094949,0.7640511871750277
286,4,-5.223322139076117,0.7203481763726813
287,4,-5.8352097343986316,-3.6593710402939905
288,4,-6.90383943476445,-3.3038665899839543
289,4,-7.378315363476759,-3.0924545821744687
290,4,-6.101202631168235,-0.5083264826025697
291,4,-5.243888312154013,1.2120183433262355
292,4,-0.9110573886600832,15.060674418941744
293,4,-0.8551427086440526,15.408205628807991
294,4,-0.7301439296597891,15.712989138703051
295,4,-4.6730500997337,2.6662079025409184
296,4,-0.9773752516193781,13.390241758472257
297,4,-5.022709618509907,0.16433020504246088
298,4,-0.4180179888871862,11.970455445115476
299,4,-4.086933192426841,-0.6556601366573886
300,4,-0.6886683022503348,11.087036601281397
301,4,-2.699041679655238,0.2169222985057786
302,4,-1.0249820274029844,9.867212344146537
303,4,-2.992961339177782,-1.3532405409341663
304,4,-2.176583274782388,-1.9078231102212158
305,4,0.5801296560766787,15.574979522511057
306,4,1.307235015940023,15.542572843705784
307,4,1.8898271288453543,15.648828849525671
308,4,0.26403244744051335,2.541726769660272
309,4,1.2677070545296374,5.520206787185089
310,4,0.9867304393346785,3.7044651859323494
311,4,1.1510714649866713,3.5120728889496604
312,4,0.9488175029991908,2.2677316242688903
313,4,1.261866700219798,1.4944004091403258
314,4,1.107319960865425,1.2445736965355536
315,4,0.4782104706209793,0.648119901507016
316,4,0.6801942620559203,-0.05353970483702142
317,4,1.8614639015577268,1.8056871680119002
318,4,1.8009657277852966,1.7806420143915602
319,4,2.110699944928456,3.238590530626425
320,4,1.5569474020994676,3.392952193967176
321,4,1.665421617371976,5.606809080252788
322,4,0.9436034060991005,3.718178571260978
323,4,0.35952424090646673,5.3343956861426705
324,4,-0.25848793509248935,4.135106097369317
325,4,-0.5290764072469756,3.969934487984574
326,4,-0.7763312855886397,3.7091006214359368
327,4,-1.0965967682468545,1.7340256448487708
328,4,-1.1140117271907002,1.503427783688494
329,4,-0.912268484012202,1.906690048762357
330,4,-0.9367794696818237,1.8598334065382005
331,4,-0.7121584014439577,0.9532330054917111
332,4,0.7250234198354519,3.6379710945375336
333,4,1.9963253177493243,5.72448006007744
334,4,2.3663106761896415,5.915297617279066
335,4,2.1944250010637916,4.031144675041105
336,4,2.2992031596395464,4.362901233498633
337,4,2.70094564759529,4.768987411051967
338,4,2.7973645579440927,5.652852891894327
339,4,2.556897822908468,4.5892473701151175
340,4,2.223181596352333,3.151908824457678
341,4,1.5803668050248234,1.9369987940153806
342,4,1.0411051216206033,0.7125855716240039
343,4,0.666013874406417,-0.5558255872092559
344,4,0.7613969847388944,0.7218175692278237
345,4,1.212352755147549,2.8578692905375647
346,4,0.8398923870208819,2.5653665261806964
347,4,1.5264259574069001,5.457583455695385
348,4,1.4618626164801753,5.803683191584241
349,4,0.9675794847898942,4.588394888669427
350,4,0.4331499136478669,4.506051450671293
351,4,0.9749164327331528,2.9207445844431277
352,4,0.3246659957985685,2.480289394164174
353,4,0.1653018866718412,3.348371925058018
354,4,-0.25647101467347966,5.251295404772463
355,4,-0.2835794501706914,5.712043379819988
356,4,-0.3160517780579539,5.528934190525433
357,4,-1.3275927267259249,0.18084523580819223
358,4,-1.1909183653178843,-1.1110399833050906
359,4,-0.11216083056569914,5.747104376974676
360,4,0.1531076258761459,4.952096044854443
361,4,1.3304258158668745,6.928603599350026
362,4,-0.1387867267258116,5.486154017449735
363,4,0.9720036306089241,10.581666672103893
364,4,0.4907957739451376,9.288681843891027
365,4,1.1000402395466153,9.639913405439074
366,4,-0.00721426987547602,5.033373799366018
367,4,0.26903684241278825,7.466589747502439
368,4,-0.6185661036042802,3.878153815117912
369,4,-1.1464545219860156,4.927309232845801
370,4,-2.268321786211345,0.4055703145377265
371,4,-2.92829648101997,1.6013618407014292
372,4,-1.4721121073771428,6.941714727387989
373,4,-2.612378444944625,8.849873098240096
374,4,-2.729875267433272,4.434827364942066
375,4,-3.0921334658669366,5.85491295362408
376,4,-3.9212836107617477,9.443834336953842
377,4,-4.130468151850437,7.968423187518965
378,4,-2.9568778675402427,7.592448866713312
379,4,-3.317553314404904,4.130778536475191
380,4,-3.0606230721759857,4.875150815680172
381,4,-1.8279669541097974,7.1667185516216705
382,4,-2.0176466463008182,8.517845284711257
383,4,-2.0698382582877457,6.654896315750193
384,4,-3.7735755155572406,7.24263265098125
385,4,-4.28021740333952,4.441873227028736
386,4,-4.83912400713416,1.133639948146083
387,4,-8.921318386112944,-2.8519098497054074
388,4,-8.257199399935416,-1.7483863174848011
389,4,-8.200232947358927,0.9122751690383666
390,4,-6.646175922206567,1.4632494017123463
391,4,-5.896704213748308,3.8837006607727744
392,4,-4.025628981748923,4.791844508295981
393,4,-1.0285963756596175,6.853909719068724
394,4,-0.52603189652109,7.536366929246469
395,4,-0.23222915193946392,6.137694305605692
396,4,-0.02275265120260883,6.074490891757705
397,4,-0.24122132581396727,5.426112652231495
398,4,-0.6358417989422378,3.6349781134304067
399,4,-0.9842084748679554,3.7841446771526535
400,4,-1.7633319316346387,3.377005098394875
401,4,-1.8800703745791907,2.472347060089305
402,4,-3.389925093083548,0.8804604667966487
403,4,-3.5145038565451614,0.9755468061484862
404,4,-2.357484107862547,1.920668148736695
405,4,-2.1339825307959472,1.9943641633499283
406,4,0.3074347598876557,3.6970629643874418
407,4,-0.3348324208873237,4.4224602135582245
408,4,-0.6844464304222129,6.700412030075313
409,4,-0.3606408339310292,8.219743131986434
410,4,-0.40951104758369183,7.335096281956794
411,4,-0.7257384871454633,4.950888731609666
412,4,-1.1044547150413564,4.238072206641846
413,4,-1.7900250677294025,2.5777499670493853
414,4,-1.6791068590546274,1.481660014429508
415,4,-2.0194533213471004,0.25726503011446766
416,4,-1.2727407957709147,0.4357905174365442
417,4,-1.5261577495757592,0.28690740027650463
418,4,-0.6031107297249036,0.6040666498247447
419,4,0.06330431246351509,2.6566206812676683
420,4,1.9136355982491295,5.6845805454213405
421,4,2.659948919402268,5.390031233382615
422,4,2.4729664212782154,5.64406872476502
423,4,2.3596821746668866,5.341712786666903
424,4,2.5262843564805735,4.663212366910557
425,4,2.202375040442348,5.301025319874498
426,4,2.394631193908026,5.26395663580297
427,4,2.309035377845248,3.8368225296771925
428,4,1.8237208726504832,3.2772809347789007
429,4,1.3563506928094284,2.2405755443205635
430,4,1.0310283926028205,2.6748449346150664
431,4,0.8930261656259972,1.8050530910350062
432,4,-0.38986787844442006,2.131238314478651
433,4,0.18323298469749716,1.3920462918922567
434,4,0.9124826088500413,3.8948245828687504
435,4,0.9766176304456167,4.540803517932545
436,4,2.2052511217088977,6.618497122753979
437,4,3.013878225685403,8.975688781933059
438,4,2.510022255221884,8.56418200727876
439,4,2.344381235199762,9.65167762047713
440,4,1.4323830108451148,8.145795175709281
441,4,0.9662191160768998,6.653437265645152
442,4,0.7087960514718361,5.627515918330573
443,4,1.3282750972457507,5.71648988528068
444,4,1.2849930465772559,4.016943788969002
445,4,1.2387820016465412,4.137894441401841
446,4,1.6098259623640843,3.5833123414477086
447,4,1.7298848091877517,2.412605918078043
448,4,1.7581843063699125,3.1241078091816235
449,4,1.6119474356883075,3.750965098744018
450,4,2.7275336590209918,5.836571382944385
451,4,3.060300886792902,5.3874049105425
452,4,19.464243730441922,28.171849804211888
453,4,17.562094981602968,25.89350628779539
454,4,-0.81897002619462,-1.3251213132762132
455,4,15.226601095818296,21.359042200007025
456,4,13.184417092454169,17.871346582413025
457,4,11.904252184322104,15.037176349079346
458,4,11.251000673125418,12.057415517610025
459,4,9.954396596137485,9.783064019886297
460,4,8.953084142064654,8.456922355901952
461,4,8.528822391283938,7.045664648487218
462,4,7.849333516168372,7.835598471711819
463,4,6.9596923111694196,7.284821716460101
464,4,5.480988348756,7.54375732896915
465,4,4.801760453420684,7.404486174134945
466,4,4.236289870998007,6.966029953287034
467,4,3.3323480855669914,7.46425037375684
468,4,2.6444324412823335,6.862748704259502
469,4,1.797742367317369,5.347493349051547
470,4,1.678915016766041,4.903848404719611
471,4,0.9778274381087613,3.513809144807965
472,4,0.3844203567432487,2.7458084797481206
473,4,0.03969158056042943,1.9451824985990243
474,4,-0.11823574880145316,0.26706397032739915
475,4,-0.43372776845080807,-0.29828240768529213
476,4,-0.05901421121961903,-1.0312751327028309
477,4,0.2513311910588527,-0.0458363939942501
478,4,1.0291336048530866,1.9284073498329235
479,4,1.608895312916502,3.6789811131593524
480,4,-15.266793145627162,-19.776150700556173
481,4,-13.095253682184193,-17.161739251632753
482,4,-10.807070464829849,-13.755972275748718
483,4,-9.014931157830688,-11.720526578757017
484,4,-7.3658017289517375,-10.224812361922886
485,4,-5.03492963114968,-7.681476510004359
486,4,-4.3129684641935455,-6.635716780400799
487,4,-3.871099385616617,-5.2529458731251
488,4,-3.4943393395878957,-4.885330255930967
489,4,-2.155824169400148,-4.213170282010651
490,4,-1.910012750478927,-3.279411662793791
491,4,-1.6439133468793443,-3.1172050830446096
492,4,-0.2641712450495106,-1.8116935339212432
493,4,-0.9624280053558323,-1.4885278925521561
494,4,-1.2316317051372607,1.6885223469098491
495,4,-1.2089012683400142,1.053436997780409
496,4,-0.1127899194980273,1.2067926857371276
497,4,0.023266876590241736,2.201825781910884
498,4,-0.8309639566896294,2.1238026530945717
499,4,-0.9861577620040407,0.26616022146117757
500,4,-0.6255478924649651,1.3899589918810307
501,4,-0.5160186548937418,0.372939387560109
502,4,0.017538728911858925,0.12968246355103474
503,4,-0.44289981570364034,1.0081063397037724
504,4,17.556716143193626,21.747259482200207
505,4,-2.1219789997767293,-1.3260002874403654
506,4,-2.331939315501586,-1.0511064051561334
507,4,-2.863898023792899,-1.0158963699113883
508,4,-3.454869821810462,-0.20926910561502154
509,4,-2.982785187285117,-0.08936144767176302
510,4,15.170294530462343,20.8319532225687
511,4,13.077211644312229,18.124280964504578
512,4,11.92325412836908,14.272479842148641
513,4,9.50240540364939,11.374142207164368
514,4,7.754897868706394,9.790402422973784
515,4,6.43906923274335,8.145857451690972
516,4,4.854677960664048,7.134948768891263
517,4,2.7435200724903552,5.333186416367425
518,4,0.7541134201501336,4.096183363639284
519,4,-0.06466798562269105,3.8791186674388882
520,4,-1.036337566310067,4.533694917511639
521,4,-1.559355193864576,3.013139575470632
522,4,-1.8315386064768973,2.3121405558158585
523,4,-1.158408013529879,2.7551622583960125
524,4,-2.4467764323808296,2.124298446588
525,4,-3.586600467017888,-0.9857421221859113
526,4,-4.442679254526411,-1.2243441464615898
527,4,-4.938756140564692,-2.185805174928646
528,4,-4.733190519200434,-2.2317708472601225
529,4,-7.160820266835799,-9.048904800486525
530,4,-7.576611405509539,-6.856730572553715
531,4,-8.159782758059919,-7.893039670724647
532,4,-23.436815264369216,-29.348032865686037
533,4,-21.316048175701326,-27.72750569108848
534,4,-19.808732099338158,-25.038942695288824
535,4,-18.3601431980469,-22.13793462538615
536,4,-16.133885712943083,-19.772490061780445
537,4,-14.152156172147443,-16.111500594935023
538,4,-13.454411473865548,-15.216187464106042
539,4,-13.776712088313616,-14.013888720353862
540,4,-11.37048608227542,-8.755502161434379
541,4,-9.471322433932983,-10.384868166338492
542,4,-15.716664693218263,-18.741923643472546
543,4,-7.1182833471166305,-4.52146716700463
544,4,-3.7201759422441683,-8.806621382668709
545,4,3.319624252480935,-4.306699179038333
546,4,2.268253030224514,-6.247303391277455
547,4,0.7379111608033782,-6.238668181835237
548,4,0.7952512055662737,-3.1738491909718505
549,4,0.9739545231368538,-1.3371058052716762
550,4,-0.558010343940623,-5.287329512598262
551,4,-1.4775541990802594,-3.5444346910571767
552,4,-2.6821308818516627,-7.114050601060626
553,4,-2.2007109671603757,-4.229359128758006
554,4,-0.7236286653615025,-3.963321430578617
555,4,-0.4369972815120491,-1.742088518943092
556,4,-1.42342584695416,1.2962380715462132
557,4,-1.685857706031129,2.0252285933756866
558,4,-0.6460258205943319,3.434945100059849
559,4,-0.5807827467424431,5.689678852168981
560,4,-0.8299432050771429,4.2615190038332
561,4,-1.1319138037888479,1.2373125298299783
562,4,-0.9188845248208963,-0.22157337707631086
563,4,-1.1687037513829637,-1.2158081674861023
564,4,-1.051201094791395,0.43084770853874943
565,4,-0.816558054525558,0.441098314269766
566,4,-6.566759320805431,7.450160567085732
567,4,-5.810898909495336,6.701305353609314
568,4,-4.972232269861706,7.058733027176459
569,4,-4.724356160664684,6.5426230875564215
570,4,2.030873553249876,-1.7616882356733186
571,4,1.44255240385246,-2.8193255367796155
572,4,1.0659442850064806,-2.5237838107896096
573,4,0.8779678921109735,-3.3884709788117107
574,4,-5.592709534070309,5.044899267750225
575,4,-5.000782281118518,5.052579899517696
576,4,-3.7622427457072263,4.759423941748537
577,4,-3.270303554088059,4.215390706217477
578,4,3.3269076096194112,-5.164148223568191
579,4,2.799305486436424,-4.413583201598158
580,4,-3.3033901436338056,4.439939724908072
581,4,-3.0889588988065952,3.651652704186745
582,4,-2.649952895545539,3.0292136260832194
583,4,4.257956138758345,-4.535722006291508
584,4,3.334316151052917,-5.152669673282617
585,4,3.7002658040346432,-3.8022936327752177
586,4,3.7818657216739666,-3.2255843412467584
587,4,3.9000043620508222,-2.764210950229426
588,4,3.376036945795022,-2.150848570427115
589,4,4.028182270431898,-0.0754626376892702
590,4,3.990163040194602,-0.6131738486628819
591,4,3.8210091324535824,-0.7541440735340075
592,4,3.3737654814785856,1.0158759973537599
593,4,2.1685397799037673,0.9106410875128859
594,4,1.77155716476409,-0.6173454189138283
595,4,1.3949543400312905,1.0437313412139702
596,4,1.447943690424836,1.7907179796693526
597,4,1.574317117549981,1.5683448269383007
598,4,1.9393853407136703,3.7326586112494624
599,4,0.7504967820013917,3.6139621501579313
600,4,0.928524274209849,4.465408430479329
601,4,0.9746758989113005,3.1684701246422264
602,4,1.527638491259495,4.0905102553961115
603,4,2.183024276413562,2.399453346825794
604,4,2.378793252190917,2.9791520621565724
605,4,2.8816366989412927,2.7640264770125214
606,4,3.502856935429918,3.507856642851948
607,4,3.4520103441300307,3.145713529968816
608,4,3.4964741723861152,4.138037920411989
609,4,2.6632910236003227,3.603409157040005
610,4,2.9496795621771525,6.021975553489028
611,4,2.9453869518420106,5.039557155890179
612,4,2.7283000480201736,4.118752456601214
613,4,2.445589707502222,4.107136540483225
614,4,-1.7650548325391355,0.16209181053272914
615,4,-0.38101662234294054,0.3847265721533404
616,4,-0.17521833832324774,-0.20361689473702427
617,4,0.18476625848416006,-0.7666308271864182
618,4,1.850991560685543,0.8166815783752099
619,4,3.293190802271056,3.742575011028748
620,4,7.964726377756051,9.317196792577306
621,4,2.8163004398011253,5.681197121999503
622,4,2.7524559973508076,3.139720748529726
623,4,3.1991686561041206,4.519400834488806
624,4,3.9226161438937197,6.536654195122537
625,4,3.9492386312540475,5.115142009158262
626,4,2.9173816811780853,5.586636712248037
627,4,4.899894034107092,2.7621780310946633
628,4,3.7070213952338236,5.081083223500173
629,4,3.8316721174551276,4.331849992218849
630,4,2.7316603996860067,4.2770827849535635
631,4,2.2889109910593106,1.8505695665016901
632,4,2.8724274078685994,1.4791468067505775
633,4,2.6967672747177858,0.92296372286728
634,4,3.740096096972593,2.2354423080014385
635,4,3.7099543230051495,2.589979301573294
636,4,4.169137393797428,1.8765893537874945
637,4,4.053400657511702,0.8946793006271037
638,4,3.9467628625379803,0.38276978691555996
639,4,3.5860211898479974,1.2826643559837976
640,4,3.5711514983995585,0.5759734897774251
641,4,3.9846021707935506,-0.2816215080938491
642,4,5.8412298388757335,-0.003874365351293818
643,4,7.1265441831183125,-1.6934825716916748
644,4,25.79300499150122,22.123283695234022
645,4,23.57896417140182,20.19041365439807
646,4,21.624858211172068,16.37906492561433
647,4,20.789539220370898,12.324620510485147
648,4,18.85721102264779,10.43350506940078
649,4,16.402141375690007,8.619331110635358
650,4,15.102967523385814,6.502662606510057
651,4,13.95771393753057,4.704880675397362
652,4,13.241122112005542,0.8133512220047123
653,4,12.792603593934473,1.1321408882477044
654,4,11.116984963611685,0.9320577152611804
655,4,10.872888429680643,2.063846825969449
656,4,-9.486899784585148,-36.93755834783042
657,4,16.052227449299608,-62.95632619317439
658,4,15.519399821768275,-55.48125203183281
659,4,15.2489193777119,-43.60791810301362
660,4,15.54616889798308,-33.13798783121183
661,4,17.57483875599337,-24.563185036074174
662,4,17.220199324912755,-16.004527221369244
663,4,7.725540209054088,39.93121597584104
664,4,8.511337852090946,34.967307268395416
665,4,7.3676783374457955,32.146764488315966
666,4,7.777792384352324,30.05289299121614
667,4,9.159775183823513,30.333265074401424
668,4,9.294909561048371,26.396799450531944
669,4,9.161215241363607,19.08126496309069
670,4,10.929178958615921,15.871779364792928
671,4,10.662824303516572,15.966838364029172
672,4,10.271369838982537,12.059744872970441
673,4,9.01275593198443,9.34095259577498
674,4,9.429196609874452,9.360233683511979
675,4,8.297587269574251,6.220369971795662
676,4,8.183620145117857,6.698167282530449
677,4,8.738763500103232,4.871652901863854
678,4,10.6413784105589,2.884527986165267
679,4,12.763473877250362,2.8450490959403396
680,4,11.430173780450787,-0.1858957494059723
681,4,11.424303439575851,1.3389865625749735
682,4,11.315037434842452,3.079268988185504
683,4,-0.6711374433680248,-20.722708123098528
684,4,0.6232837658562858,-17.279846903313228
685,4,2.2276108417845535,-15.575844763554414
686,4,5.943669293968014,-17.208039121378533
687,4,7.355881277262597,-16.538875766595993
688,4,7.785340825043022,-14.785720296812542
689,4,7.620336110167955,-11.883970473716545
690,4,8.091463961600311,-11.301381323194619
691,4,10.857203204799589,-6.114474403958411
692,4,12.309153434296604,-2.6012579702437506
693,4,15.159071717074767,-2.8456522940596187
694,4,15.216696800534919,-0.5898974872989129
695,4,17.290558625290032,0.001204919185511244
696,4,17.274181873633097,0.6292822525529118
697,4,16.756709854124892,0.488905733055617
698,4,16.750801692524874,3.1990378792042975
699,4,17.09678166341473,4.281017017846352
700,4,16.907555188824517,5.610801862577318
701,4,16.43244433824475,4.657061658168459
702,4,18.817282244915077,3.9499104642818565
703,4,19.071015789823832,3.030242321604419
704,4,17.842202640284995,3.3652905985572943
705,4,17.383730832953006,1.7947949542149217
706,4,15.621636934817616,2.8951362470506865
707,4,16.40776470349192,2.6566666610870016
708,4,16.63352797094194,4.657011811591474
709,4,16.727954419145135,4.639536939602294
710,4,17.617980158689534,3.9097694305974073
711,4,18.792468433306567,3.0232962104264516
712,4,18.055385726671375,2.469450457869243
713,4,17.400007901001118,2.153248438279661
714,4,16.7333944326665,2.3475128730669894
715,4,16.54820255487448,4.390420915738105
716,4,16.784071326915182,5.734802856613896
717,4,16.899145674179636,5.793193419311137
718,4,16.76726145579414,3.265761635441777
719,4,17.58375737832921,0.7653345803610136
720,4,16.239278136050416,-0.8585103500536206
721,4,15.86970465036211,0.3796767455196459
722,4,15.222651252277501,1.4709723753312574
723,4,20.824250259265682,11.630983212017782
724,4,19.99661676193955,13.418311504301528
725,4,18.996116746572625,11.77662772968506
726,4,15.560071944123592,2.7656696009044026
727,4,17.13143464696077,2.3313723633846166
728,4,19.4011680409385,4.594324386232074
729,4,17.177074850852478,3.7751435378386304
730,4,16.311828680643885,3.232424308332156
731,4,15.475732725912167,2.067791626419421
732,4,16.44282576583373,16.489650215415168
733,4,12.997676668056556,27.19702362789758
734,4,13.827643176139645,17.827840685068622
735,4,17.513223585375272,1.5387359427595584
736,4,17.440853255180627,-5.865901320962621
737,4,16.32416995744734,-5.807001170402145
738,4,15.30843749001724,-5.783374389488927
739,4,14.737969728715143,-3.8166074506943914
740,4,14.19552498822759,-1.6783862132569993
741,4,13.4642062153207,-1.9851459500887358
742,4,14.24979548934698,-2.8087423337392465
743,4,14.609832020565591,-2.1106798763048573
744,4,13.746452472049896,-3.919918630724169
745,4,12.631050955329556,-4.818978200689344
746,4,13.357968660028746,2.8270120436409343
747,4,13.380435668926111,5.406387146947964
748,4,12.788410821488469,7.900175699430292
749,4,13.166275527361904,4.5465941744805605
1,6,0.004907141572402907,-0.654244650169403
2,6,1.1778687920068478,2.254427549608863
3,6,2.2058695757805253,2.7789644922982006
4,6,2.152002784670003,-1.6282932301055553
5,6,3.2793037058163463,-0.24614245458997175
6,6,3.0844162514795244,10.49855533530399
7,6,4.76644811893857,6.691558570949837
8,6,6.625043427248784,17.294122256838364
9,6,4.744007781263463,19.764296657425803
10,6,3.304900286711927,15.26222394802744
11,6,3.1700315228445106,15.080940851785726
12,6,1.3808887241411867,16.542033321289637
13,6,0.8684911718091826,29.305623074300456
14,6,0.2875121850602227,37.1333154273716
15,6,0.5699444350811973,37.81654005803057
16,6,3.472176995643167,-7.896148560434085
17,6,2.8651797549673574,-8.981749665221287
18,6,3.0206343163199563,-9.727419601143538
19,6,3.408193724138073,-9.739129388954552
20,6,3.230005725382398,-8.807975369044925
21,6,2.7464648646491696,-7.621096863588718
22,6,1.6603029453171985,-5.372031644197705
23,6,1.4404798479299643,-5.1985466815349355
24,6,1.8014425998990191,-4.988178488251833
25,6,1.850219765633483,-1.7556454557925463
26,6,1.2095597232773798,-1.007887745384778
27,6,0.7496916628497274,-0.11673545932080742
28,6,0.8859731535603714,1.0349890147813312
29,6,0.25310512144642416,0.8533045157291781
30,6,0.15727238507497532,0.7649397568275162
31,6,-0.19222254384112603,1.3406703463838312
32,6,0.01740126600179792,0.2159827440823392
33,6,-1.1925435773373465,-2.4475833920105288
34,6,-1.4381046014705134,0.3005068077704891
35,6,-1.4450135696515645,0.5878115460418485
36,6,-1.3630115373171066,0.48237681653108666
37,6,-2.133565333335355,-0.9008735700108446
38,6,-2.2091588703833622,1.9829196400619367
39,6,-1.9658052252934795,4.917145722664372
40,6,-1.2951282637914119,4.338084717650418
41,6,-2.309249970388919,5.319066876942088
42,6,11.230522260023463,14.024306822736435
43,6,9.449093406567044,14.040926423302608
44,6,8.308153445015705,10.033082938422012
45,6,7.114749997250328,7.676232712006367
46,6,4.865200930188621,6.26725169363317
47,6,3.403267115073504,7.720403761651596
48,6,2.472828634101461,8.22054722295843
49,6,1.6673021596425315,8.786141259205579
50,6,1.3423917115051154,8.063503929574381
51,6,0.06039023304674629,8.482657858703078
52,6,0.26608920543549175,12.97222607097001
53,6,-1.260567542550234,12.962123705728118
54,6,-0.6238662866326194,12.481845061524837
55,6,-2.8797835329532973,8.587944302903907
56,6,-3.663045679852985,6.650003505074437
57,6,-3.98894215900782,7.713815985650854
58,6,-3.4659554202653453,10.256951357307571
59,6,-3.8604734958671543,7.135240553167023
60,6,-3.9320685841403247,4.236311353221936
61,6,-5.364652130526338,1.8003286118455435
62,6,-5.163196828412765,-4.287305411012767
63,6,-6.077407619570295,-2.8959493436314006
64,6,-5.7602096521604835,-4.8146150391921765
65,6,-5.387540591720608,-0.7448725802119043
66,6,-4.776105902544259,0.9764446829076405
67,6,-3.47674992629436,-6.09718859264558
68,6,-3.917093532495528,-4.027348025068477
69,6,-3.321037264320694,-6.228555111023525
70,6,-3.6766476452930874,-6.808591951294147
71,6,-3.8151505308997002,-2.920525595511208
72,6,-3.505977101587632,-1.9046319218136887
73,6,-3.321970314047576,-1.8221577637946211
74,6,-3.3383555880573113,2.472802859888816
75,6,-3.996878295942224,-0.7418963588538645
76,6,-4.051865066250684,-7.62535339485612
77,6,-5.482111096098379,0.01579265854024925
78,6,-5.624795717130837,3.685193145714493
79,6,-6.301844631481799,6.0734755440403205
80,6,-7.340239960986764,10.535081842915588
81,6,-6.952280479254114,11.151520788467224
82,6,-7.874120663701433,9.785788386663171
83,6,-9.542302883431148,8.407370174472362
84,6,-8.178522812077063,15.026433725712195
85,6,-7.579006543223841,13.629156544771831
86,6,-6.568283565351521,14.533292198065737
87,6,-6.762242907824657,7.694548386612496
88,6,-5.769324528864672,9.10011723416892
89,6,-4.805468032618592,15.700310705954053
90,6,-9.910316104817866,8.985965946340457
91,6,-10.224500720732976,5.139206583958639
92,6,-5.284032605967695,7.556417801836687
93,6,-6.419214123076017,1.975566105134476
94,6,-7.52857518944802,-1.6471404442290805
95,6,-8.001165793271866,-2.913587309309605
96,6,-0.732502875172031,10.061848632157762
97,6,-1.9570376989067881,12.095085868157184
98,6,-2.6872598645268226,7.549554293118035
99,6,-2.7486405510280747,9.239440022655799
100,6,-2.429178577726816,5.428216982103095
101,6,-3.5881461458020567,6.136165265255386
102,6,-6.134901806005473,6.983775485516162
103,6,-6.724124958302127,6.07265302956057
104,6,-5.03129621563312,8.808885354847462
105,6,-5.27774775474245,8.38716786905161
106,6,-5.614439042867161,8.77402050225237
107,6,-7.155648148746877,3.4525403738261957
108,6,-5.749530331217102,-0.7132232546896375
109,6,-5.012552334620523,-0.658937616744879
110,6,-4.959720665553505,-1.0513344535952456
111,6,-6.040531056492,-3.260606880096475
112,6,-6.331755244887063,0.7842230220767306
113,6,-6.594594644775498,3.744371514098475
114,6,-7.243292521590774,1.3160474263981996
115,6,-6.492897661520146,-0.6981850422921525
116,6,-6.0905370504297025,3.284856646338085
117,6,-5.534572716333059,4.6913423529194915
118,6,-4.633080091934062,4.715349313298702
119,6,-4.024320761725903,4.455376205737139
120,6,-4.9832401788198695,3.971863548199508
121,6,-5.9741919202269855,4.369586104983682
122,6,-6.763251889489766,3.3724254417184056
123,6,-6.416880925281475,3.2490805869056203
124,6,-6.213557336163831,5.637859897286489
125,6,-6.134600807550669,7.901327178637075
126,6,-5.689722566815362,7.688935631763798
127,6,-5.467142055486875,8.157462013121403
128,6,-5.728848792738063,6.823251475001598
129,6,-5.665011678527662,8.966967527974703
130,6,-5.560467636758403,7.4456835138107635
131,6,-6.6438494598533,6.933976532930501
132,6,-7.2419179859452925,5.2367458368262305
133,6,-6.374830833699889,7.163544310786165
134,6,-6.629030148567836,7.802733266486939
135,6,-6.496989168749678,10.318724620792636
136,6,-7.167852375143411,7.010084073725011
137,6,-6.377105392848534,4.565427895079665
138,6,-10.814609274570103,6.652090486971247
139,6,-7.109578090118703,4.4715181472765835
140,6,-7.964784317066915,5.681720425000094
141,6,-6.955444629452359,3.7738959269927363
142,6,-6.858104484510477,3.158176881583131
143,6,-7.185541469354575,4.219581851337352
144,6,-7.991409196263703,2.6250016485982997
145,6,-8.382125993912268,0.06712797115051217
146,6,-7.973416203627494,2.664270884675716
147,6,-7.673930248841316,3.5133045286920606
148,6,-7.454045407408557,3.4017525437202494
149,6,-7.457576877563042,0.6600082260165436
150,6,-5.724578412200572,5.2318507302870785
151,6,-6.250117056250019,4.780423174485804
152,6,-5.9606050348047575,6.850768413848527
153,6,-7.048494970299544,6.879601096369697
154,6,-8.577791702017748,7.972422243709843
155,6,-9.253493720380902,7.892104144638324
156,6,-8.987313106811598,5.386285346078694
157,6,-9.363197956259683,0.46971077812850126
158,6,-9.764901393655236,-2.8423554332230196
159,6,-10.054821186509798,-1.0730270772137374
160,6,-9.264460985488768,-0.8610871281434811
161,6,-10.360946161257743,-2.3597393133977675
162,6,-12.163448486412562,-1.2647043211663913
163,6,-13.723275988852038,-0.5710378527528519
164,6,-12.598278423521151,3.404322541493457
165,6,-11.74857586979033,6.354498898397651
166,6,-11.55522660844872,2.704923501817575
167,6,-11.141545321820558,4.074422793442864
168,6,-11.605595052732497,2.3318081928064203
169,6,-11.464091272638143,2.4707557270758116
170,6,-11.493083112617569,-0.2401447012089193
171,6,-12.236900197385694,-1.54625856669918
172,6,-11.436543997987428,-2.863706885442298
173,6,-10.732522318194242,-3.916990726770564
174,6,-10.727783323786753,-0.30516319367052347
175,6,-10.768230413797028,-2.282820528615048
176,6,-10.659176877608843,-1.9618170596404525
177,6,-9.496746069065011,-2.4040613344222947
178,6,-10.161105189190494,-2.6603238527077337
179,6,-11.399941420464529,-2.7661901990177284
180,6,-11.141919481488912,-2.2642563333511134
181,6,-10.512269767636099,-3.3764433962287512
182,6,-10.21103637325723,-0.6146384144431067
183,6,-10.236161435921531,-1.2676746437182373
184,6,-10.217702280407138,2.162425679412081
185,6,-9.168570410282882,2.5736793407440928
186,6,-8.174916917031624,2.6353346258974852
187,6,-7.921744776027481,3.5631947188448976
188,6,-8.099755790538438,2.913090558764452
189,6,-8.349184843439616,3.234512373187499
190,6,-7.749447552037964,3.086099251933774
191,6,-8.191814785073802,4.308298081387875
192,6,-8.151056439828608,4.333242963394696
193,6,-7.007221825173474,4.000870174852935
194,6,-5.771319019639122,3.1807617299282356
195,6,-5.245643343382653,3.5275402584338735
196,6,-5.2131177095971,3.9291565469529814
197,6,-3.8528056066543286,4.351375139480297
198,6,-3.29265089398541,2.9616437619642966
199,6,-3.090968709207118,0.8650370868945174
200,6,-2.394150887671458,5.101836233206086
201,6,4.21791622386263,-4.64902924208036
202,6,3.7337984934256383,-0.6974141061455157
203,6,3.730259346193634,1.3734752656309865
204,6,3.115021949613947,0.27483558588119195
205,6,3.096194147814458,-0.884884481581139
206,6,3.0548753607072285,1.2567829069057552
207,6,2.8462402537570597,0.5414445444203011
208,6,1.9858783716445032,-0.02062683283838851
209,6,1.5370019305519236,0.19767219793175173
210,6,1.2610711237912255,-0.9635228221422949
211,6,0.14719258923832967,-0.2796046024577663
212,6,-0.41314424786560267,1.2512882509136034
213,6,-0.9711127352011317,2.4755469430228914
214,6,-1.0049188350230907,3.634932056665093
215,6,-1.7329177603842254,5.2827363787764625
216,6,-1.6190782282455984,6.104675315111308
217,6,-1.9770135425442277,4.523962050780028
218,6,-1.7710151815681456,4.93924654433431
219,6,-2.0743349661333923,5.3548894011228185
220,6,-2.2180066589025955,3.7169150453346447
221,6,-2.850977306335153,1.6299053356015065
222,6,-2.3825270364104654,0.23285169037990272
223,6,-2.60540338940973,-0.1621915911018732
224,6,-2.615989638479732,-1.0956565693295488
225,6,-2.3013655529512107,-0.59030597520632
226,6,-2.4857585559984727,-2.2999006335830927
227,6,-2.67627575393999,0.6746538707548098
228,6,-3.20355414061396,1.4006557071952557
229,6,-3.8979398333067365,3.8731308676879053
230,6,-4.0612626385373005,4.3280247220391175
231,6,-3.2895679985049355,4.410313296043569
232,6,-3.229045849191607,2.1394753541171667
233,6,-2.8121618592695086,1.4175813694009776
234,6,-2.4898428767100995,1.683138111727203
235,6,-1.9931258743708895,1.7363612096214638
236,6,-1.9383217511413022,0.4329395500553801
237,6,-2.5378234437266656,0.406487475999711
238,6,-2.8670480205701097,1.2753578154388379
239,6,-3.3638141147966962,0.529858187107493
240,6,-3.7050859653172665,1.441840370416685
241,6,-3.725453852949613,1.9350943105628176
242,6,-3.219563085754089,2.649739345278249
243,6,-3.5185649819295577,3.7489668724883813
244,6,-3.5944411545742696,4.594865928269428
245,6,-3.299317198027893,2.222813587980454
246,6,-3.6153827961597926,0.4070496503227332
247,6,-3.230862658147089,-0.9907032833507401
248,6,-2.9860618680313564,-0.6369076547816803
249,6,-7.651617822726621,1.6986403110586252
250,6,-6.736114333685691,-2.224562627990963
251,6,-6.332378526257344,-2.5937421519038253
252,6,-5.546915234459448,-4.769914830154448
253,6,-5.132784659311255,-5.881405763151633
254,6,-4.579778684511439,-7.475154828564882
255,6,-3.7734033344113413,-9.070987255124237
256,6,-2.9616652968425115,-8.753576998883545
257,6,-2.582779528057472,-8.895453566419746
258,6,-2.4933554182443913,-9.069669807113314
259,6,-2.1635098614833623,-8.581894288100557
260,6,-2.003970855679654,-8.388930105500549
261,6,-1.4782030497708547,-7.591712538563115
262,6,-0.6821942511251109,-7.019403590159527
263,6,-0.09196832545421785,-6.802166009218126
264,6,0.13546046619649132,-3.9689538707343672
265,6,0.0459800996031845,-5.435805238703324
266,6,0.11603551747157326,-3.8495370649952747
267,6,0.10098332662801113,-5.064744141415758
268,6,-0.43741123527888703,-8.50700337761009
269,6,-0.675695434586487,-7.942703164006161
270,6,-1.3481791208650975,-5.795630781770342
271,6,-1.674173016152963,-3.30116365604772
272,6,3.9344386796483377,-5.232777440971404
273,6,-2.809541516732679,-4.696006403416504
274,6,-2.7575995803254045,-5.981483285524519
275,6,-2.1874616382792738,-5.462057048098359
276,6,-2.0968919214383277,-5.4460901922784615
277,6,-2.1415869993279557,-9.596148303066002
278,6,-1.600239933440207,-7.525880019157739
279,6,-1.4365691033472103,-7.401333920508478
280,6,-1.6454435625973929,-11.139384962229087
281,6,-1.327034686270963,-11.572273662930456
282,6,-0.6926088322215946,-9.456611728675853
283,6,-0.33129783559797943,-10.274794422736704
284,6,-0.17062786120823148,-12.95140356726688
285,6,0.15714578486586106,-10.439035812552447
286,6,0.5766427452326752,-7.793830513840476
287,6,1.4543319426993548,-9.516752861762143
288,6,1.909593618161125,-8.858035086204836
289,6,2.8979311753100774,-8.182038600061787
290,6,3.561709365221759,-7.8394724710865376
291,6,4.197016757547317,-8.382109103134098
292,6,9.391927217296143,-7.552063026854739
293,6,9.35285648864101,-9.113549848029834
294,6,9.293222067620263,-9.672088978144984
295,6,5.0136685232128,-12.007788992289079
296,6,9.807328388913447,-10.050152567953774
297,6,3.228063865666627,-15.725400913414433
298,6,8.738826881308341,-9.800755579971337
299,6,2.922793372246815,-10.497717060676223
300,6,8.79628352742111,-6.7363642106752195
301,6,8.073936849961683,-4.650043599833225
302,6,8.652492918324242,-4.597960703671561
303,6,8.904307422417332,-4.374025349474323
304,6,10.282227502058959,-3.2092109719710606
305,6,10.877734448497904,-0.18401348276256613
306,6,10.202119850274357,0.3486866002754141
307,6,9.479804707815674,-1.3109447596752943
308,6,9.160509533850927,-8.341164736936207
309,6,8.588169380635918,-5.0330314584075495
310,6,8.321413852904698,-5.89720025681936
311,6,7.632253573090566,-7.082170082073844
312,6,7.543729688460189,-6.196043223935703
313,6,7.804348753813429,-7.450640325601853
314,6,7.053372632810351,-10.127647769346368
315,6,6.5912046087814815,-8.68633886139287
316,6,6.050445436248992,-11.175406572123848
317,6,5.726290670801973,-10.4439807288486
318,6,6.096861247723609,-13.202779938239473
319,6,6.490294051413002,-11.167822379325571
320,6,6.536176603670356,-9.681549031951818
321,6,6.561843323915127,-8.01092115159372
322,6,5.429853118313986,-7.3431081775397615
323,6,4.882451467557985,-5.547782333966552
324,6,4.353548881188544,-7.319114297428769
325,6,4.031834730538321,-10.820424694381927
326,6,3.7068668797228383,-9.963494708084909
327,6,3.380105720359097,-12.8698670824092
328,6,2.9859285187367277,-13.707850503002646
329,6,2.6015259776941093,-11.435065173041494
330,6,2.449696523331113,-11.99966356936784
331,6,1.973330071649798,-15.968415934318273
332,6,1.7791004131267982,-17.523091321076663
333,6,0.6901857528655455,-22.1919216035476
334,6,0.6556219485100883,-20.895954024408184
335,6,-0.03412919957736449,-24.138190150688388
336,6,-0.11938524127162964,-20.973645055125417
337,6,0.05125117021998449,-17.37462426374941
338,6,0.25384504495923466,-14.668800563803416
339,6,-0.03702263093418878,-13.613849428042613
340,6,-0.26817133343593014,-17.785827011558467
341,6,-0.5494496716510184,-21.114348868569323
342,6,-0.5105745574510365,-19.762576632976106
343,6,-0.6732459031927647,-19.264944040279715
344,6,-0.9343647072309977,-17.126894364698728
345,6,-1.1821199881796929,-13.838145684677784
346,6,-1.2006711892981912,-11.710199372234001
347,6,-1.2889648025802671,-17.017019224357227
348,6,-1.431155265504458,-21.71138464841306
349,6,-1.2444717320067866,-22.815455702778763
350,6,-6.20820586429727,-23.02062987139925
351,6,-0.9336680046853871,-27.053926866677102
352,6,-0.5452445746677768,-18.162810036215888
353,6,-0.6935264181702223,-13.751953006046278
354,6,-1.064984370496859,-13.331231782046416
355,6,-1.0545907866280686,-10.177460179892478
356,6,-1.3345415963776759,-13.987493624536
357,6,-2.1592923984480876,-18.87707387069213
358,6,-2.5685145327815917,-31.078080057171974
359,6,-2.4829984846901425,-19.28363353310033
360,6,-2.8648487919954277,-17.63042471212202
361,6,-3.617489096745885,-15.501282641482703
362,6,-2.698937029414992,-15.733370214573824
363,6,-3.1433508473037364,-11.22428310012674
364,6,-2.535560561332204,-16.632594218190206
365,6,-2.894564547246773,-21.79752636580497
366,6,-3.677532918340148,-27.05577858108427
367,6,-4.069340661103524,-19.251164125167634
368,6,-3.3445150716752323,-15.10339596386848
369,6,-3.2877967960221213,-11.767390185908425
370,6,-4.280064544764173,-12.17570078267181
371,6,-4.40790453034333,-11.959292585544972
372,6,-3.098675586877107,-13.277248958223481
373,6,-1.6068836442027532,-10.826010389921976
374,6,-3.064441763131981,-17.71683384505468
375,6,-4.46500206570272,-12.282032281830197
376,6,-2.8278507517234175,-11.793473413433276
377,6,-2.3957922476429303,-11.938682918853374
378,6,-2.977697756789894,-14.771744850261712
379,6,-3.7569099367310628,-14.198881812774744
380,6,-3.7667634306053515,-9.795054433396672
381,6,-3.254464842737434,-9.549414419299865
382,6,-2.58801468495858,-8.248557865676958
383,6,-2.4256981346670727,-11.546424857338025
384,6,-1.5875093820641268,-5.594489998998142
385,6,-2.0259829312790316,-10.687907870148592
386,6,-2.2532671812778062,-9.59294032130174
387,6,-3.6405187643331374,-15.04906670657192
388,6,-2.6764352963782585,-13.352475461423182
389,6,-2.1451072833733633,-8.413063061158482
390,6,-1.5595233367967012,-5.604148299190001
391,6,-0.7762295565380555,-7.0119208695032285
392,6,-0.5089704776055441,-6.207014747457833
393,6,-1.132036950629299,-7.5617275485928985
394,6,-1.8635341714170863,-5.8308334920029665
395,6,-2.3927416745946175,-11.173971638975218
396,6,-2.5987654319142166,-10.134087783132145
397,6,-2.4318368311251106,-11.172179898676859
398,6,-2.586279449399626,-9.627092746111884
399,6,-2.4513306166281836,-5.555866737189717
400,6,-1.6685735245700926,-4.912079828211972
401,6,-1.9064033868307888,-2.5099703617174782
402,6,-1.7449751845670107,-1.7081763882524683
403,6,-1.5953580904470073,-1.9916748347068278
404,6,-1.617947181841373,3.057023895669772
405,6,-1.6296074858919383,2.1551516113813705
406,6,-1.8774140115910996,0.003964644532516104
407,6,-0.6510908266482147,1.4104844898192823
408,6,-0.2923524647667364,1.9978241412422904
409,6,-0.3055043387594196,2.0683595104501364
410,6,-0.1873105178719925,2.856208268294722
411,6,-0.28148290794433706,-0.22386537647435034
412,6,-0.630689071866982,-3.255563599483139
413,6,0.21231416318369156,-5.849054789459387
414,6,-0.15143377590993623,-6.70433972267665
415,6,-0.2530965218693382,-7.279415680785405
416,6,-0.7602421046540258,-5.7777644904927
417,6,-0.589151990220671,-3.6551199429632106
418,6,-0.6310820245271316,-4.770242844983841
419,6,-0.7054129185407874,-3.313004992936385
420,6,-0.9669010705611072,-3.045820459778497
421,6,-0.8199841944533546,-5.2085118047994
422,6,-0.7445977412080538,-2.2757925537907795
423,6,-0.6264126082505754,-1.9904376835247604
424,6,-0.639973860344071,-2.145523194571524
425,6,-1.156442553722627,1.085246014031327
426,6,-0.6892420637386749,1.9869068568427792
427,6,-1.0280031948032047,-0.9036859344623736
428,6,-0.855464351545379,-0.1777505877053045
429,6,-1.1874080642264744,-0.35299012770110494
430,6,0.026834597543711425,1.9991942277433736
431,6,0.24856339379311976,1.018605982922054
432,6,-0.020391041123730247,0.476578583319224
433,6,0.172841536512351,-0.6188020287149811
434,6,0.2510636923589118,2.7443166078069225
435,6,0.18429738185659517,0.6568662487625261
436,6,0.09475296740674821,1.6886299956022413
437,6,-0.29631226761739526,1.6574272653297157
438,6,0.05537085575724632,4.016016725638565
439,6,0.27129834666448005,3.2349324426309067
440,6,0.3782783541337267,4.273266656321994
441,6,0.560919161071979,3.411533257355586
442,6,0.5914389742138155,3.8120020783217115
443,6,0.5809945090795736,4.180341849548768
444,6,1.0032951377052086,3.7679154372071935
445,6,0.7462628955609034,5.269971330384578
446,6,0.8459197183219658,2.971796943699246
447,6,1.1959944531308793,1.281951538132489
448,6,0.9987340930174469,-0.8248461300613599
449,6,0.2396032206934251,2.1607753349012455
450,6,0.5508716827098397,2.009620898650155
451,6,0.9093181764028486,-1.4329612985807216
452,6,3.33771855913983,-3.0689036272428893
453,6,3.1231685262155224,-3.64945446209731
454,6,1.2071518201873914,-2.8901583488645883
455,6,3.3627328675302124,-4.16916991603739
456,6,3.4843112159451266,-3.5877211739611994
457,6,3.335790235274544,-3.874814122410953
458,6,3.4490064552992408,0.7032182424268285
459,6,3.584441809162854,-0.916786764225435
460,6,3.558119806423747,-2.590142480039958
461,6,3.7652960141931544,-4.305525771521388
462,6,4.06413647701811,1.4654580823189463
463,6,4.516069034659267,2.525760761550373
464,6,4.9322164927825725,1.5576749956589993
465,6,5.689069043924974,-3.9415077372723317
466,6,6.316070314113858,0.8783463323543401
467,6,6.098831947656436,6.894617581684088
468,6,5.316286560519984,4.356299559463878
469,6,4.215353024666001,1.3526533883896263
470,6,3.896097832259329,5.642954126297354
471,6,3.556181028613537,5.093423272587643
472,6,3.145536303171866,12.804076322164747
473,6,2.4658761851687814,10.142266586988171
474,6,1.4047816134625464,7.303142067839417
475,6,0.6347684823240343,7.1426254645407425
476,6,0.496769595936712,6.014166133228628
477,6,-0.2987177258810334,6.214945301644548
478,6,0.5046765689712629,6.278950709081073
479,6,1.1658644281887973,5.836584743004096
480,6,-0.2223467404846815,6.9370573186533875
481,6,0.3430226757782293,5.694662193866407
482,6,1.06990763581598,5.769799272260116
483,6,1.3243581925116814,2.0366551179990893
484,6,1.696529168779307,0.5814179652047642
485,6,1.6377311648748218,1.9655154272354594
486,6,1.4093927421845365,2.6730775208770865
487,6,1.4235279977165192,3.0196494628539767
488,6,1.1865564694944624,0.6041990673329565
489,6,0.6800044908604832,-3.1221924729516104
490,6,-0.13679341920123989,-5.076840043140692
491,6,-0.6031657153325796,-10.92210946681007
492,6,-0.36702476173195464,-8.644146552385791
493,6,-0.9844186218360846,-8.360258819521732
494,6,-0.15360311388940318,-3.02932913816403
495,6,-0.029532060024394013,-5.277484342857861
496,6,0.3155957669596319,-4.780420539955685
497,6,0.3840905861579813,-5.447080437673321
498,6,1.2815190607616387,-1.5673392163662356
499,6,1.7240020441831803,-3.776354558101957
500,6,1.9137561037086925,-2.8115598342797057
501,6,1.5411700011554785,-5.612863894416478
502,6,1.006907366097039,-12.753244548796829
503,6,1.1863476822045413,-11.472842823251995
504,6,2.1694375093775307,-13.552208580888419
505,6,0.6980616540895426,-7.724076046738901
506,6,0.48018280725955265,-7.2726541851598085
507,6,0.5690851877961904,-6.51839231036729
508,6,0.4317752318247585,-4.420849414233544
509,6,0.15445169116992474,-5.253007214715581
510,6,1.2822433047213053,-6.842429781353076
511,6,0.772740529051589,-7.322515857528288
512,6,0.15899553091821872,-10.200152008395435
513,6,-0.07846125353171374,-4.30048833975161
514,6,-0.15617986799225037,-3.232104589636947
515,6,-0.007670543048334366,-3.4179331660534444
516,6,-0.06468803139796364,-2.4090976535389927
517,6,-0.2911102076086536,-5.364866627987794
518,6,-0.5452123694058173,-9.80446880523823
519,6,-1.0821314995864668,-12.505267914468277
520,6,-0.4662405357821626,-10.01863239080103
521,6,-1.0409921434757052,-15.020283677501993
522,6,-0.8831404138900325,-11.653574444494552
523,6,-0.7497021259732719,-9.720197891999305
524,6,-0.3837389183054256,-5.554625855892937
525,6,-0.2740827286534113,-9.103790046167887
526,6,-0.751210312447256,-12.710990678414873
527,6,-0.4804445623367428,-12.923963173195716
528,6,-1.08926543402049,-16.610202239325645
529,6,-1.8342555982508202,-21.542740154413877
530,6,-1.3795072675111442,-14.881994694560035
531,6,-1.2232607384767107,-12.181364220082742
532,6,-2.3310594975373533,-10.15285840204524
533,6,-2.762155685032667,-11.340956245605867
534,6,-2.449477493892118,-5.5845527671795026
535,6,-2.6894506846001605,-5.6406764042080795
536,6,-3.4972592780050036,-14.125372396273178
537,6,-3.880513055600204,-16.187687913245554
538,6,-3.268386484828625,-12.934879419645313
539,6,-3.626939900862453,-13.356041467724936
540,6,-2.880261665574835,-7.996286749062165
541,6,-2.8036843762693024,-13.880632109148792
542,6,-4.612546760837176,-14.512388954422022
543,6,-1.905935209267227,-3.1662176757135967
544,6,-0.6081323562602847,4.780254564032475
545,6,-3.2198725388134335,-7.400328514620469
546,6,-3.527104158491966,-17.9913219970299
547,6,-3.4692213773987532,-21.29519430777964
548,6,-3.0251524041204902,-16.955197513264466
549,6,-3.6492314482420625,-12.56200270351792
550,6,-3.6201426222978625,-9.470954138564139
551,6,-2.732789409916222,-4.67026509673633
552,6,-2.2257020962442766,-4.564611416651587
553,6,-2.389667833056592,-7.855277504364949
554,6,-3.0004772518850586,-12.814525309418968
555,6,-3.2175460317057514,-12.204200675897482
556,6,-3.0881942227397303,-11.037057236754208
557,6,-3.269197970048481,-4.277778662444234
558,6,-3.198749597857386,-2.8298010104313107
559,6,-3.457580052571757,3.545822718707768
560,6,-4.10748864139714,0.5626047784812727
561,6,-3.9046555369977796,0.393538278799042
562,6,-4.775429159472878,-3.492827191444576
563,6,-5.364708527640687,-2.5070514453559554
564,6,-6.272000714751812,0.14100007047909457
565,6,-5.971011532210468,1.3813060472052712
566,6,-7.5074417980104045,-6.141175527175619
567,6,-6.501784691032299,-5.737681722638172
568,6,-5.891520870856766,-4.966955000134021
569,6,-4.914364629968986,-5.378668686696074
570,6,-3.503860841094138,3.2339727417706854
571,6,-3.9703616092965603,0.6486380610826927
572,6,-4.516601482437181,0.9515761394109177
573,6,-4.534346653553257,-1.6161223901390258
574,6,-6.273852541195993,-11.669629903042733
575,6,-5.7180566860024555,-11.180012248824369
576,6,-5.317932612748336,-10.619117721525981
577,6,-4.711096527077643,-8.48943876177691
578,6,-3.3642610204688026,-1.0026686016144595
579,6,-3.737544471633555,0.22087075427953096
580,6,-5.365025698702084,-8.924508359026277
581,6,-4.966895592720903,-8.78439308190309
582,6,-3.7412862648679948,-7.245057230180009
583,6,-1.5340093029808486,2.830175966281331
584,6,-1.1106144444502206,1.2964867443247385
585,6,-0.8828251103232105,3.695356445589823
586,6,-0.9680340101031106,3.2325244999710776
587,6,-0.8469685405761993,0.8057459435030978
588,6,-0.46354447720568714,2.883462360518479
589,6,-0.7374124548041436,1.6158779493894144
590,6,-0.7655385598509383,2.2614818273136734
591,6,-1.6467985872441204,1.0801964663378385
592,6,-1.6601900973564625,2.6060421690085604
593,6,-1.2760643668834746,3.43540361782334
594,6,-1.5148918000795675,1.4348087062512604
595,6,-1.6003923242142264,0.3988421179406032
596,6,-1.6433911942594932,-0.6368068608471731
597,6,-1.1607510486028332,0.376132038572905
598,6,-0.9608582134587778,1.503903906150299
599,6,-1.128736763002962,4.039572385550855
600,6,-1.2104338409435513,3.499031285739875
601,6,-0.7997144404080245,2.3539804748634197
602,6,-1.0219811108854628,4.591024762210509
603,6,-0.6634454841832849,1.1374144051401345
604,6,-0.33794299640703684,7.040083491413043
605,6,-0.5004253394872649,4.261279852957159
606,6,0.24583853804142564,7.84705413423535
607,6,0.5043160526993233,4.598989990240625
608,6,0.49428995974994905,5.337591753406741
609,6,0.28055196036893904,1.3492501514692776
610,6,0.42202517190162325,0.6256083081716497
611,6,1.081215514129326,-2.0566656100795626
612,6,1.4733269528833262,-2.0419809994577918
613,6,2.6587822655419586,-1.2616590846823783
614,6,1.8882790787256454,-4.455486113392908
615,6,2.688447891832766,-0.8985832657285755
616,6,2.9082980953862716,-0.7214885048033466
617,6,3.320519992406844,2.2242641122102214
618,6,3.7005441404189696,4.890319324289067
619,6,3.6474126722514484,4.989968140084329
620,6,3.411358554139042,10.019038767070924
621,6,2.656767551773555,5.414688265669156
622,6,1.861552527267122,-0.1281386271334668
623,6,2.3270622961599656,4.10969903093428
624,6,2.52243041159727,5.707550030951097
625,6,3.6011215609132705,4.568258072557001
626,6,5.157015877917729,8.269226911646456
627,6,4.7019448709970675,3.08742894861507
628,6,5.150138526689261,8.667355017425507
629,6,4.8207437268101785,11.388377781225245
630,6,5.215572093019546,15.52135723614765
631,6,4.889693209514007,11.0380058255746
632,6,4.443616675359408,7.650368033734594
633,6,4.3124626700009685,6.599811546960609
634,6,3.962182509529157,9.49770306420578
635,6,4.479137860323135,6.752898229001403
636,6,3.9733826098054124,8.1195593356465
637,6,3.899467240436934,2.319787443545465
638,6,3.7638319759253136,6.2962589411708905
639,6,3.257579427588098,4.351223251290776
640,6,3.135914881979261,0.5047861488624221
641,6,2.2408728235795934,-2.5769205076221624
642,6,1.7842019039944716,-1.4333094807393536
643,6,2.3628113113254585,-1.9518435143486386
644,6,4.89298426869118,0.3238699220369199
645,6,4.229410374145118,1.9281556262312733
646,6,4.012804865009457,-3.0261881563824318
647,6,4.25721676399462,-6.777838332958254
648,6,4.021340091799175,-4.073791195566173
649,6,4.437693963685888,-9.286145201375803
650,6,4.13530420281586,-6.740752165553658
651,6,4.332337300866129,-6.342219826774908
652,6,4.268741129715636,-9.681743802667825
653,6,3.7814211460172373,-1.2897067931194215
654,6,4.017849101506727,-1.4561764231766574
655,6,2.694891988237032,-17.08025521796526
656,6,3.2284124440739106,14.939439191456586
657,6,1.7412893908249316,10.405575018168747
658,6,1.683592349938408,12.453012937249241
659,6,1.4194295147744924,11.026301114010494
660,6,1.5393569616435343,15.755508132455816
661,6,1.9405847851485305,21.741198433098816
662,6,1.6799397578706703,17.340592404542804
663,6,6.047118999681516,16.825606581429838
664,6,5.483483733681169,9.961177386501276
665,6,4.134771250814083,0.5776434900735694
666,6,3.7094307047473194,5.5754943292481585
667,6,2.8928588073613355,12.564174356826243
668,6,2.5364325948785336,7.909426306924615
669,6,2.6901295806464987,0.44833632236668564
670,6,2.9914545357951283,1.8265688657602368
671,6,2.5331013830518714,8.536511911952402
672,6,1.9574169233774228,7.676040682701114
673,6,1.570048042099188,3.2857042126938723
674,6,2.6664890435195048,9.159596769561631
675,6,3.142418229166651,7.291197829602879
676,6,2.7460579707340003,7.216127962540668
677,6,2.2590097118900303,7.348966873857989
678,6,2.5418107892564876,2.4384211849492203
679,6,2.850807310815071,4.507844959169233
680,6,2.5156453309346034,2.1012205083789013
681,6,3.004760735370837,5.681604290607538
682,6,2.8402935714129853,6.392763069010471
683,6,3.053440836840309,6.312109034161949
684,6,3.056487403478968,4.27607311024758
685,6,3.0745909148427017,3.1616489462157915
686,6,2.7657800187671455,0.9157010333492508
687,6,2.0879862583105933,0.2933014225818624
688,6,1.8101664978239569,5.022462749416263
689,6,1.6373029281148774,6.400166837222514
690,6,1.6134953425880667,5.542783351420894
691,6,1.5316504818265457,7.942196364080701
692,6,1.8352252538470566,8.786707646399918
693,6,1.8197142048611568,5.341971750493485
694,6,1.9148984940593436,9.690836499710258
695,6,2.096263336683478,11.151939172811126
696,6,2.2152846725621202,13.497859811609942
697,6,1.9372000425646547,11.553015452541786
698,6,1.8195505745979972,9.572044564261887
699,6,2.1722865085966987,10.913744877607769
700,6,2.4803547651135887,10.708942085316266
701,6,2.460821229733483,7.887840091628277
702,6,2.3222501876734896,5.863769243531806
703,6,2.511151568392961,5.938742448644007
704,6,2.010345749314183,4.9515859771508985
705,6,1.7968953181916731,5.9008473086796585
706,6,1.9668768101582828,5.791382956480902
707,6,2.1470865892442816,11.8912445519818
708,6,2.4924611594788075,10.669750357352314
709,6,2.0708274627977517,9.882652824187062
710,6,1.9707008696186676,8.208989095719971
711,6,1.9592759911438407,7.7410191940466575
712,6,2.126320359649071,11.29247011627831
713,6,2.1692840094965504,6.951086244476755
714,6,2.1439844037140574,5.476215104513358
715,6,1.6505286568626616,4.656279147406167
716,6,1.7993891014448309,5.834755368082824
717,6,1.4207007963877913,5.407626965619784
718,6,1.3353709802213416,2.0474685937742834
719,6,0.9681541285035564,0.1105943898728583
720,6,0.8307469056117043,-0.538672059010878
721,6,0.6398961939057699,-0.19736834353443555
722,6,0.3747192412483855,0.8278386621132086
723,6,-2.0138088416415485,-1.3989874392732418
724,6,-1.5899692016209883,1.1674465845526356
725,6,-0.8349893159856947,3.0220446032271866
726,6,2.672419438646102,4.206980239258428
727,6,2.9837331561257088,4.713119489725614
728,6,-0.05998807121613936,-4.880737179886182
729,6,-0.41354741514805937,-3.097015752084644
730,6,0.22772282727055426,1.5133517382582795
731,6,0.9300167827777841,5.305222796251655
732,6,-0.04665615805879497,12.151516415911829
733,6,-2.1730520044930017,27.921010013199975
734,6,-2.235690906523814,22.627809211002386
735,6,2.4553157856971666,6.122655762676914
736,6,3.3248624570896936,0.24829346769729455
737,6,2.808938266117366,2.4492033155065656
738,6,1.5641633226123304,-3.026715381460235
739,6,1.142136499375738,-2.3233280327985995
740,6,1.2907807753663292,4.411597168118988
741,6,0.038415301908571564,-0.8001874923720607
742,6,0.5788455140927908,1.655512146885485
743,6,-0.6492205980221115,5.004779437627803
744,6,-1.374976911599333,3.730216795823708
745,6,-2.079160461752508,-1.07611990011128
746,6,-1.9376726882101138,-1.4109806090891652
747,6,-1.2865505659401606,5.4503920095112335
748,6,-0.8584213412814279,7.5513641111715515
749,6,-0.5510223419223621,5.298869062099129
1,7,0.04318284583860077,-0.7214724897139604
2,7,2.071114050997494,16.184977837792758
3,7,2.393252594556543,25.75407932013286
4,7,2.723653148160338,14.285897702915463
5,7,1.3337458646892628,9.189701366083682
6,7,1.341268993705853,10.520507388217538
7,7,1.0532107963063027,4.2089262531790155
8,7,2.7797565301407303,10.398718688963982
9,7,2.396018702990659,11.614589631387389
10,7,1.9858967740437947,17.285301617910136
11,7,1.7526656729560273,28.627393925132765
12,7,0.27892298906135693,34.21312886327769
13,7,-0.19239426706644736,33.49460604412252
14,7,-0.14848992085990176,26.31021248698744
15,7,0.40610500323964516,25.32219467810728
16,7,0.2599797273578588,17.775870866608784
17,7,0.2812952948925158,12.673589638429803
18,7,-0.3051432368429232,10.659133343331632
19,7,-0.8268142790821003,19.100882358651234
20,7,-1.1278201450722918,16.863497936522435
21,7,-1.6913057951760493,19.33095360649213
22,7,-2.5016363572194678,25.77343988288385
23,7,-2.5859220972915864,22.748151009264802
24,7,-2.4063169764513077,19.377334453325147
25,7,-2.379166927235019,16.39013836983986
26,7,-2.7029773339554595,15.844401586598906
27,7,-2.793289857171658,11.570538568242227
28,7,-2.6696992549450442,17.865438053256185
29,7,-2.5648145879022195,21.153656243299793
30,7,-2.286676530803561,22.630550984441925
31,7,-1.9815547973512366,23.708787609068622
32,7,-1.4968366405546476,17.572283905480617
33,7,-1.566833751863669,12.647963434869325
34,7,-1.705657853854973,11.69014620887583
35,7,-2.2421097905189527,8.274757016681178
36,7,-3.06841257173528,7.134477388877713
37,7,-3.5610027565489872,12.33846503383893
38,7,-3.615173511359899,16.52703135887714
39,7,-3.289994191707592,18.87774901482453
40,7,-2.9642929434075995,20.972394287341558
41,7,-3.5912271741244695,22.887335446499037
42,7,-1.9297413019430678,21.111970405559532
43,7,-3.058639883086471,18.78863378286451
44,7,-4.29162663279385,13.230891781118316
45,7,-4.538019794275897,7.676229650351161
46,7,-5.227805784794327,6.865643316608839
47,7,-5.545759128543068,13.577098810370899
48,7,-5.5934254419753415,16.797319282168246
49,7,-6.22109581053428,19.371188364753834
50,7,-5.905592780392908,17.300208322569233
51,7,-5.994303422703524,11.456947675023002
52,7,-5.614415894656304,13.110423820991855
53,7,-5.915873506715798,13.620372935052728
54,7,-5.666338732242366,11.905426862596869
55,7,-6.344948980706249,7.28362063239183
56,7,-6.384843585572526,11.404540918765633
57,7,-5.95824289241682,14.194145878381278
58,7,-5.559583034423667,16.07997174306638
59,7,-5.380052470958617,12.970755271510825
60,7,-5.478493239258569,12.632874350835664
61,7,-6.564637895821761,9.463293287542001
62,7,-8.040141127122297,5.264152710610688
63,7,-8.791644828002063,4.276395927756312
64,7,-8.996925539161566,-0.31319092263402126
65,7,-8.474303758522183,2.5788835425692014
66,7,-6.078331069625165,10.84347763099413
67,7,-5.804495202495673,11.933280763960283
68,7,-5.764759196737032,15.372611219212558
69,7,-5.739057038114879,15.102637787675121
70,7,-6.090475550429801,12.341421822618031
71,7,-6.4238388209787445,11.0606275613236
72,7,-6.123373232424456,11.923841908776922
73,7,-5.723768614328037,9.316697544328235
74,7,-5.522563777820324,9.804821389089739
75,7,-5.284380753914775,12.727875683228376
76,7,-5.617494965415972,13.36999647833818
77,7,-5.875051996945331,9.438655233255304
78,7,-5.53718398572164,16.920964977533004
79,7,-5.905930130390516,17.395884413460408
80,7,-6.4904304038263945,16.233774177961095
81,7,-7.271875927291148,13.562694311456653
82,7,-8.280541597631782,9.727816995270587
83,7,-9.083314729857193,-1.1048029374114776
84,7,-8.468460901101025,10.139659549858152
85,7,-8.035815465126689,12.56103876277757
86,7,-7.3780774172346355,14.35171785840339
87,7,-7.434452331146531,13.577371769656565
88,7,-6.248452483137044,18.347183932009102
89,7,-5.74180148330106,20.61498993526675
90,7,-8.459999841381432,8.633441045577456
91,7,-7.806619400043019,2.1417074392511495
92,7,-6.482900639147374,4.214318789131539
93,7,-7.0797614085877285,-0.1092073744366644
94,7,-6.9563748345426575,2.4737684639912914
95,7,-6.869222039392298,5.125729178207621
96,7,-2.972268394502862,21.342625122373647
97,7,-3.4665198809288995,21.152488678326336
98,7,-3.576083958611889,16.86290532876137
99,7,-4.045865915217291,14.744399693529886
100,7,-3.9010138119992916,10.582646480824224
101,7,-4.432883269132617,9.308782563000022
102,7,-5.919845966129287,6.609906373065314
103,7,-5.647908983163688,9.463595061442902
104,7,-4.085837708177678,17.90922973286615
105,7,-4.350472121182975,15.70643585815651
106,7,-4.496620436890225,18.76868994992583
107,7,-4.943107634415355,12.708659515641557
108,7,-4.40557641491705,7.090242829752242
109,7,-3.1734640542381385,4.929380536822464
110,7,-3.2724966243858944,4.321808445362876
111,7,-4.250268778067948,0.3727146063120017
112,7,-4.0504960661910445,10.181105688120624
113,7,-4.2394371848813535,14.353912260853576
114,7,-4.297205142872372,13.420189194722298
115,7,-3.1658809643267887,13.564822503402866
116,7,-2.640297187846045,14.255154010507795
117,7,-3.0365488073875895,12.646509002428502
118,7,-3.1108362917075283,10.989301349934067
119,7,-3.099749272999361,8.99738536690893
120,7,-3.35137023653715,7.578219521657047
121,7,-3.043929337478403,6.693320106129249
122,7,-2.9492602399595853,12.811472966758629
123,7,-2.2758893525715393,14.643517887761845
124,7,-1.5089126758221028,18.552524862075188
125,7,-2.0054277478593576,14.798568413973044
126,7,-1.427162595673508,14.912264044153744
127,7,-2.085491314999672,14.542739531370898
128,7,-1.2949632930958614,9.24577800588213
129,7,-2.2880704599365345,10.069889163338303
130,7,-2.6718647503303146,9.996467136043066
131,7,-2.7435941471294427,12.335933561921593
132,7,-2.7178004547758974,15.597634377361828
133,7,-2.3466301855751226,17.397686039297696
134,7,-2.706760288206169,19.394215695656385
135,7,-2.5826076853736595,18.922429013889086
136,7,-2.890136831036216,13.151909256967883
137,7,-2.9960022981540533,9.713807642900065
138,7,-5.819000037999103,10.071010958656188
139,7,-0.9607599926366674,17.55878510378534
140,7,-4.109348886056978,13.464779569942039
141,7,-2.9641927904804106,14.875409811755162
142,7,-2.3590122909017737,16.45651481203913
143,7,-1.8562785643453026,16.355689929613618
144,7,-1.599982479562641,10.682262254412308
145,7,-1.8938174418181006,6.6234759049793865
146,7,-2.0422109745031776,8.08804215393593
147,7,-2.8271688554150387,8.403350603129184
148,7,-1.8935290268955214,8.042644027000279
149,7,-0.8004743449473608,5.991540853266997
150,7,1.464455367176015,13.306169234719164
151,7,2.071727317530531,12.902155200877132
152,7,1.866338203093619,10.163746240279579
153,7,2.230407243094305,11.458363108793492
154,7,2.2978667688521455,10.48301952824113
155,7,2.294901460965775,10.076785102291979
156,7,2.5866482477631507,9.41765315046814
157,7,2.557821569542284,5.894146494029883
158,7,3.0750499110472447,5.769226608666941
159,7,3.535264011517029,9.409644420766199
160,7,4.087676345273394,8.185432934089476
161,7,3.9161252190542655,5.488170370486841
162,7,4.18931222840456,2.7980257485514812
163,7,4.532754001393187,2.682589149791056
164,7,5.114089328472801,6.356901386191566
165,7,5.642244317128643,8.33534412894096
166,7,6.216052180664519,7.524020548426051
167,7,7.978777129607806,13.973944501160076
168,7,6.951411409759203,9.206341403953957
169,7,6.953932592898127,7.863394439503281
170,7,6.62456394527635,-0.5879311487688028
171,7,6.048782673467031,-3.293484819022524
172,7,5.297362314032398,-5.7263637552505315
173,7,5.103628279563054,-6.541781255611568
174,7,5.3474708924295555,-4.01076860205103
175,7,5.224167902528279,-3.5077109517369536
176,7,4.754142020989093,-5.40420981308398
177,7,6.145250650063645,-6.506668184440059
178,7,6.674872840470016,-7.4753444697034865
179,7,7.4571357672848535,-9.791917861683032
180,7,8.802478691963188,-7.759402483918166
181,7,8.580539060411866,-4.3345637829716
182,7,8.113434626871822,-1.2047751173886354
183,7,7.40417183750651,0.12388129364899214
184,7,6.274878163131689,0.9485948722485773
185,7,5.260153113332308,1.5641387479117839
186,7,4.431423694823934,-0.3170042596193525
187,7,3.9490243946538612,-0.1435578662703847
188,7,4.957792927651099,-0.8799087129764303
189,7,5.260842696943655,-1.497851101953529
190,7,5.346927256487106,-0.011973476669481897
191,7,5.386250592102442,0.7385041484285466
192,7,5.105203021989837,4.571816891468188
193,7,5.714221021819867,5.606545010916307
194,7,3.998488185412498,-11.20368967323975
195,7,5.795900700909442,18.51253526281107
196,7,4.960167523305245,17.37510622208538
197,7,5.375571753567783,18.20080679194325
198,7,4.180144688004475,13.633902237742404
199,7,3.3166893897405316,13.75292751149118
200,7,3.5785766283224802,14.382768369378027
201,7,6.805569262615791,10.572547561097963
202,7,5.80867118239712,11.074754970693903
203,7,5.25144889000876,9.920885595952313
204,7,4.53898673160711,8.873885439006699
205,7,4.2663265655173745,7.945688799893105
206,7,4.369450986148877,12.182992398240458
207,7,4.08192368888831,11.855287516566023
208,7,4.063094515768171,13.605937662266115
209,7,3.9659162170410127,14.343976398635277
210,7,4.069840648247009,14.555315502670055
211,7,3.3071514887024023,13.914581851921866
212,7,2.739879091073817,13.071097259269663
213,7,2.298312490029275,9.894651481154142
214,7,2.5963983100573387,8.084311694853568
215,7,2.179354545442038,7.708133730249756
216,7,2.4800795267310605,6.341651013121009
217,7,2.2308120841689743,3.8279483494170563
218,7,2.6566477242749897,4.235271435779396
219,7,2.6288987209045445,4.081319830859684
220,7,2.4562029125972913,3.594950265227453
221,7,2.062470261209455,4.276023655600511
222,7,1.993206652083245,5.188927009810868
223,7,1.3206464699596836,3.8499664562496037
224,7,0.9969578856180306,4.366344861819925
225,7,0.7114925752057388,4.797127234552136
226,7,0.4375290189627776,3.6011492590296257
227,7,0.33631736225834175,3.738100635092451
228,7,0.5014485515621345,1.7220440038317975
229,7,0.09358914600943535,2.4483341473405744
230,7,-0.04488901692275249,2.6951153578656886
231,7,0.4261120056016807,1.647796202756581
232,7,0.10164060468741809,-1.173652214652975
233,7,0.06378862827295961,-1.0976608144765123
234,7,0.04627003540372243,-1.7750078108383605
235,7,0.6311865308234701,-1.837649102274554
236,7,1.0935646060124782,-1.5019967793841715
237,7,1.3699485467759587,-1.6916017685989573
238,7,1.5996837949514884,-1.184164627604332
239,7,1.7252687552645511,-2.084788271497928
240,7,1.34111616575683,-1.318720365748959
241,7,1.4319994308261812,-2.5713665346811467
242,7,1.7230359104087256,-2.9939217462952
243,7,1.5161809372657444,-2.843729620710292
244,7,0.7513185697398512,-1.595339365385371
245,7,1.331740446382355,-2.9886389978919397
246,7,1.5037744761457361,-7.389329424743664
247,7,1.7159574535144202,-8.47980006272337
248,7,1.5345945349718022,-8.786435608893953
249,7,-1.0970955759175922,-7.671792821566669
250,7,-0.6034373058364508,-8.54962261802848
251,7,-0.4481228520226068,-7.161690736867058
252,7,-0.2167284400684366,-6.3908904123363754
253,7,-0.4432368215002498,-5.7634731102607475
254,7,-0.3904848408528778,-6.118124263538448
255,7,-0.08514758498040464,-6.937081323210805
256,7,0.2346417833605301,-6.920604104983795
257,7,0.4787222327568088,-4.932751879334319
258,7,0.5784101340041161,-5.6471240681876225
259,7,0.37427557142564183,-9.484010380881045
260,7,0.3269195518669221,-10.076388313210373
261,7,0.25556904577297246,-9.092464923667649
262,7,0.31931185770008597,-9.105318255165912
263,7,0.22211544046876952,-7.617499825604682
264,7,0.040208797813647834,-5.4735608717701325
265,7,-0.28802370640914887,-5.279638383622114
266,7,-0.45945542626395763,-3.314012726027613
267,7,-0.6248849055718892,-4.210913120441546
268,7,-0.3621223169566292,-4.64108774071974
269,7,-0.529639016609508,-4.317993046807715
270,7,-0.472493947339899,-1.6785068225999566
271,7,-0.6466753601253004,-5.1443415481508055
272,7,1.7152697509854988,-8.435658460205559
273,7,-2.0349503166626164,-11.973480491534247
274,7,-2.4751584864852703,-11.929672246135851
275,7,-2.221846241651292,-8.112998099034485
276,7,-2.103895982404538,-6.700920030182715
277,7,-2.037780343835948,-6.229937528502887
278,7,-2.2365786993577785,-4.8876360438225674
279,7,-2.4245143172001917,-3.224796103895642
280,7,-2.555283116139435,-6.1620715393792125
281,7,-2.2843561337585925,-5.143001896321948
282,7,-2.3358573474997684,-5.246992860274986
283,7,-2.6136764032307838,-7.4445825653137945
284,7,-2.8340858304209178,-10.199390810128534
285,7,-2.7752043498703642,-10.915349711185627
286,7,-2.868029883346935,-10.224468407171116
287,7,-2.4437404230748143,-9.524171080362066
288,7,-2.623957385769245,-5.613172133272201
289,7,-2.3226256764237405,-4.862124060171482
290,7,-1.8600929930335042,-2.2088957940750333
291,7,-1.8405576319382817,-2.1925080903256458
292,7,1.4034690738726567,-1.0815499747695867
293,7,1.1461600435068249,-1.5353246191371
294,7,1.1539015459920847,-0.5365283704477406
295,7,-2.749207593171377,-10.96020029941701
296,7,0.2764568608481568,-9.241120480494828
297,7,-4.016814809730022,-12.65680648684156
298,7,-0.4057016784299776,-10.942536861543886
299,7,-4.238763520251268,-13.153362769828163
300,7,-0.4360681587832005,-6.300508404841821
301,7,-0.9409489861964175,-4.988386478593384
302,7,-1.4654119801607521,-2.2597162897172893
303,7,-1.8313525536459565,-3.681303028462935
304,7,-0.9411791197626371,-2.6942372069233897
305,7,-1.605127886678929,-0.8879115946319871
306,7,-1.8360907523110654,-2.273754980794365
307,7,-1.8154505988513847,-5.453458119967763
308,7,-1.7123175612105115,-7.417178795347354
309,7,-2.087751771336116,-7.794343099312755
310,7,-2.2409093362384738,-7.452301701884608
311,7,-1.9346760007092598,-5.943909497620552
312,7,-1.8541048859096918,-5.388092363956275
313,7,-1.6068763406983635,-4.949463631102844
314,7,-1.6172137130060946,-4.066477011694587
315,7,-1.7950511069839195,-3.24146784972163
316,7,-1.9477378404653791,-3.0753434461075813
317,7,-1.7854054671097401,-3.7567762932985715
318,7,-1.5391529963635548,-2.9599997036420973
319,7,-1.2893668779361178,-5.447442294985194
320,7,-1.6327427136839106,-10.275082915236453
321,7,-1.85360627602131,-10.374086839303345
322,7,-2.0217002803974538,-9.402701969676855
323,7,-1.751160607204838,-6.655755132020204
324,7,-1.7952705092229735,-5.589595335488411
325,7,-1.7774216995758252,-5.033913655032848
326,7,-1.8922564600779879,-4.344957216998409
327,7,-2.060798710113886,-6.482632053199268
328,7,-2.1849354730156847,-6.0307897532075
329,7,-2.3749572037550024,-3.988823671174032
330,7,-2.925255684842341,-5.975252186370199
331,7,-2.880894123557482,-8.995446498271122
332,7,-2.9333221759889057,-11.81650800380612
333,7,-2.9980884292017436,-11.39402017059274
334,7,-2.6550024142416078,-8.345424220596215
335,7,-2.904618288223901,-10.140905356994153
336,7,-3.426575571842477,-11.24111290453402
337,7,-3.319829596313866,-13.618972649885109
338,7,-3.411401638220923,-18.35118367278119
339,7,-3.497112899371132,-16.936210347444103
340,7,-3.3712106781940747,-14.460717755438964
341,7,-3.1098009062425263,-11.903773769534382
342,7,-3.0223856874881676,-10.482908958610096
343,7,-3.1601768265154533,-9.74478448888749
344,7,-2.873745190603586,-9.277034071767957
345,7,-2.9680081565138607,-8.418718236782297
346,7,-2.963250850869372,-7.961877768624618
347,7,-3.2276100462049726,-13.35465475285855
348,7,-3.3604105792683185,-13.958850767326112
349,7,-3.3858246286990834,-12.657542815646593
350,7,-6.74660769260754,-13.779460435241162
351,7,-3.192094518435624,-10.237179190925417
352,7,-3.356203272361199,-8.594132596014788
353,7,-3.6081389947894422,-7.1509131324601185
354,7,-3.3118743096256367,-2.5345215730285418
355,7,-3.4134906678091284,-4.2381286486343015
356,7,-4.103391373112572,-9.394634848877104
357,7,-4.542833556103687,-16.0429189337774
358,7,-4.149719351972635,-19.50339968909975
359,7,-4.097662593479981,-11.765319344605814
360,7,-3.7750467804453365,-7.965610425231716
361,7,-3.949127027247414,-8.072351921383415
362,7,-3.81612577519536,-8.948201319903092
363,7,-3.579381201497199,-2.6147964466108533
364,7,-3.6215144434336253,-3.5582653601450147
365,7,-3.8394430988209933,-5.443664290268316
366,7,-4.7179317777236065,-9.816772982604562
367,7,-4.833359648458099,-6.934645414812621
368,7,-5.056445870060088,-9.71258441205282
369,7,-5.607553198507958,-8.775530045336382
370,7,-6.6813703486714076,-12.855078884475915
371,7,-6.473214590364478,-9.177989032913501
372,7,-5.3535087094996925,-4.730282307462403
373,7,-4.4586910172511125,-2.722505308163818
374,7,-4.7470054254145,-5.103172404228644
375,7,-5.842182154123293,-4.0087807870186225
376,7,-5.402937306585045,-5.54149031583529
377,7,-4.257547093199719,-5.701096225566289
378,7,-4.529108479227034,-10.776571521856567
379,7,-5.402343247849785,-15.427708460389113
380,7,-5.28151605813764,-11.96637495662435
381,7,-4.643590418091662,-8.194815774601011
382,7,-4.297717943294629,-4.081938425050794
383,7,-4.032015549993048,-5.773095059138541
384,7,-4.01673126031892,-2.1457685537552607
385,7,-4.158445838404987,-3.9267780545296773
386,7,-4.482570226631651,-6.4024770980404355
387,7,-6.229994633587012,-18.722577387487036
388,7,-6.232785172905096,-17.216230996149534
389,7,-5.8472718987004555,-13.465562023697203
390,7,-4.920267806145603,-9.646997106172421
391,7,-4.0948286892362376,-8.945638100152792
392,7,-3.065560566817112,-8.277872738412952
393,7,-3.126033685532093,-10.373322060221653
394,7,-2.9706877263879505,-8.30513736551984
395,7,-2.873739483805366,-9.432822458085866
396,7,-2.8467139900049006,-9.778283205476328
397,7,-3.2238005480548964,-17.860683112184233
398,7,-3.0468385140156897,-16.228385318830078
399,7,-2.9163088242785307,-11.544916021570316
400,7,-2.416161212730003,-8.239276798220999
401,7,-2.9519721768865566,-7.042205649667267
402,7,-3.371760773917231,-6.967235128524408
403,7,-3.2782447183744807,-4.732716069746857
404,7,-3.0440660700996887,-1.080240716973094
405,7,-3.2367770441778703,-2.9479874762137115
406,7,-2.803936013994644,-3.012022018022435
407,7,-2.3315155578520717,0.0446620091506702
408,7,-2.653222050272234,-0.21433838332177402
409,7,-3.348412573072892,-6.400444215855714
410,7,-3.1608614169508655,-8.50182610648153
411,7,-2.792500087910412,-10.010135913471458
412,7,-2.577259823977329,-9.70098121513638
413,7,-1.920985964386091,-11.135562320077952
414,7,-1.7323033940174355,-11.723436468368163
415,7,-1.5181311499800358,-10.407623307918584
416,7,-1.4546771482664553,-9.387047731517669
417,7,-1.2783216535590327,-7.294225780397937
418,7,-0.9529249344532218,-9.294285606196354
419,7,-1.225153387517821,-8.032161176824957
420,7,-1.2622847258053298,-8.734327016007228
421,7,-1.76737740781482,-13.417207194285766
422,7,-1.8445636081823977,-9.82101222350866
423,7,-2.4136522022645295,-10.410940973821198
424,7,-2.6175090046517653,-10.094134918273085
425,7,-3.2813410977250896,-7.122917734875045
426,7,-3.139538892926794,-5.281617009888578
427,7,-3.1231643892779175,-6.2382127287501135
428,7,-3.033686875672174,-3.610376956008622
429,7,-3.1794152831816973,-4.354504833609099
430,7,-2.7621230229269713,-3.010294543300006
431,7,-2.2986490607299856,-1.9265016850895336
432,7,-2.5493990709264835,-1.7683981285781556
433,7,-2.2741445483297866,-4.595763044371779
434,7,-2.3706349182602935,-5.371677385216572
435,7,-2.3527636870612696,-6.598878077912559
436,7,-1.8605070545836497,-7.33525449323588
437,7,-1.5574842888900093,-6.9051383713131145
438,7,-1.394681770828356,-5.7510646406562955
439,7,-1.1151704155972766,-4.637681463291301
440,7,-1.1658913697574462,-3.2190554141561734
441,7,-1.0134532702495562,-2.978050703239205
442,7,-1.2128736493459655,-3.2826388150688217
443,7,-0.9129190942376226,-1.9278658313478445
444,7,-0.6503705716222612,-2.8635973668169754
445,7,-1.0180645001000812,-1.3992228017768866
446,7,-0.9260903495842285,-4.380256630166514
447,7,-0.88586625404605,-8.866657973469046
448,7,-1.0624328722333303,-10.300236243267136
449,7,-1.5775244632686736,-7.769889340195732
450,7,-1.183355342303912,-5.2007491058848245
451,7,-0.8220674341691847,-6.715011500845321
452,7,5.895297411288993,0.08040093845102092
453,7,5.243832959986321,1.221871105601167
454,7,-1.4900614945336201,-4.708304361050978
455,7,5.143212901973129,1.9329554984615243
456,7,4.383623616810837,-0.9129724922486275
457,7,3.8168228134791207,-3.3730817934792867
458,7,3.7445651433945386,-0.5542924428609695
459,7,3.1040772376245513,-6.487378001763318
460,7,2.7153956540714717,-12.01277424582895
461,7,2.9342852422660144,-11.435525076537488
462,7,2.6450098799514308,-7.831685688813195
463,7,2.5298017377890574,-8.139342546750413
464,7,2.477233245507705,-7.010963943995193
465,7,2.6191457738786994,-6.022914411817055
466,7,2.6934956139893984,-7.578550352224283
467,7,2.0937870834604837,-5.619737097681536
468,7,1.76946390822377,-7.196539428108736
469,7,1.8232176710016574,-8.709720726849355
470,7,1.762552585447338,-3.829007606885625
471,7,1.7558600469837984,-6.716286423514703
472,7,1.7944400557234985,-4.747702732341168
473,7,1.658758985948225,-6.021870430382478
474,7,1.4719464285062713,-8.385195500807185
475,7,1.341712647260465,-7.128740330764231
476,7,1.6371640738207134,-3.28194290906913
477,7,1.2518769388361761,-1.3864746172343985
478,7,1.5196757763642381,-0.6465949024841393
479,7,1.4713044158661432,0.44382629864139744
480,7,-6.621210257424536,-2.8244109546012623
481,7,-5.739732362891118,-1.9247617644978163
482,7,-5.466177627631623,-1.8944368010352264
483,7,-5.275505809094284,-5.542577718480061
484,7,-4.358799979500873,-7.989988740102035
485,7,-4.739269520139715,-10.285422513389221
486,7,-4.355976576497596,-7.873529320982016
487,7,-4.092621806468742,-6.160508214652964
488,7,-3.1794358103206832,-7.369624091393234
489,7,-2.4902026893096263,-6.482243948566975
490,7,-2.576446414134807,-5.288165166653471
491,7,-1.803618784984792,-8.90718407517852
492,7,-1.0253703625267008,-7.721293249550399
493,7,-1.3034214368753965,-5.583540648699
494,7,-1.0331067003689896,1.217904111874759
495,7,-0.8981250710476161,-0.7023214941286824
496,7,-0.9845578558461057,-6.072356885162208
497,7,-1.0254948351475832,-5.631539181172684
498,7,-1.1479081421566661,-2.5756622625767704
499,7,-0.6076090866381492,-5.750291993454539
500,7,-0.8954016491261427,-4.616001504818541
501,7,-0.8277013216802516,-5.6846702449579425
502,7,-0.41267766586042853,-6.6080320721089265
503,7,-0.5037013273449702,-5.685722873053237
504,7,7.637078885854862,-4.7059881829577535
505,7,-1.336907677693489,-5.125392699766508
506,7,-1.2631840534340881,-3.758321215448632
507,7,-1.213034214898471,-3.663548501618152
508,7,-1.8061011161717033,-1.9903825776559643
509,7,-2.251069421376087,-6.249153151540213
510,7,5.964312522695764,-3.562338145790818
511,7,4.632805864440343,-3.7834533664699848
512,7,3.803654562712836,-5.079818202012575
513,7,2.551571258148215,-0.5696512838649141
514,7,1.901172856564699,0.6123997639929257
515,7,1.7379175939968263,0.8867482788573398
516,7,1.4517499426401628,-0.23950291563232895
517,7,0.7067101822094628,0.684726150822371
518,7,0.14109467200523795,-0.8082445136869865
519,7,-0.30202479704075813,-1.7226135124715256
520,7,-0.5103874909373189,0.4622257465553048
521,7,-1.383982926956378,-9.421436192209967
522,7,-1.6895030488103657,-10.21943330812337
523,7,-1.8112286285031587,-10.654348317782933
524,7,-1.9988675683352994,-7.810471258640064
525,7,-2.0433244048517736,-10.984450850533449
526,7,-2.461212274004538,-8.43543439419227
527,7,-2.481451029402706,-7.902996872006497
528,7,-2.5719188646362454,-7.314365824905053
529,7,-2.6547656116381404,-12.076685943300618
530,7,-2.7955158444383414,-5.617289230246115
531,7,-3.1543917277331275,-5.070514129639378
532,7,-9.774038714435846,-10.724154530357737
533,7,-8.747670926869432,-13.244991151386785
534,7,-8.498221890919012,-10.987659634125976
535,7,-8.087627640446044,-8.383772981522725
536,7,-7.277874581915967,-17.092265482105176
537,7,-6.584242879404883,-13.002808156375977
538,7,-5.829682912019052,-9.199083433733904
539,7,-5.781197955673633,-9.228345751765573
540,7,-4.156191327682791,-3.3521826572596183
541,7,-2.5350912261192207,-6.35369350155861
542,7,-7.538867924563419,-8.332000955905642
543,7,-1.6606856647649693,0.7407858906994989
544,7,-1.613552054945103,8.679394543347826
545,7,-1.0929202543511565,2.9855304509355847
546,7,-0.7871194040335467,-0.830180511718936
547,7,-1.006547587426212,-6.407386753677656
548,7,-1.364477228393298,-8.913562552221265
549,7,-1.2121148340011132,-4.670127454809062
550,7,-0.6664410890216459,-8.194735692699851
551,7,-0.34432614525303507,-2.688696048411657
552,7,0.27902345304755727,-6.7485747835294205
553,7,0.3419784893430915,-3.4645983449418054
554,7,0.7695681949107893,-4.5962190779932826
555,7,0.5535788066999885,-3.503835758921923
556,7,0.30910411046534136,0.5393006510580562
557,7,0.05245468017528765,4.142787973581562
558,7,0.527362060901396,5.450049951548863
559,7,-0.017716963866405422,6.675117317591685
560,7,-0.5421261126211903,0.11332322104271952
561,7,-0.09103445440541691,-4.546877699465313
562,7,0.19407515040620638,-5.158777077019295
563,7,0.3456251368761514,-8.259688970355
564,7,0.0050129249602832715,-6.238862347514441
565,7,0.46335087595434743,-5.154177363915551
566,7,-1.431473258189726,-13.59088835333705
567,7,-1.1022581310517126,-12.80550722755197
568,7,-0.4835983097254939,-10.076907402687539
569,7,-0.0010490088188817026,-8.276573946702683
570,7,1.9144800095773462,1.2652724416275305
571,7,1.9129044163873914,-1.439028390965177
572,7,2.071388473611478,-1.1606781189684625
573,7,1.9906676339469414,-5.711691256014092
574,7,-0.14397455464677478,-16.04167494539479
575,7,0.4730997019105416,-15.362244800747703
576,7,1.2347121865368536,-13.726339594320962
577,7,1.5731333514640937,-11.57205746175714
578,7,3.7969281693085577,-3.8256613445773837
579,7,4.0234524313355,-4.414798625763979
580,7,2.5391258183663012,-13.483048804926057
581,7,2.638792212318549,-12.236251331499716
582,7,3.1406121446489124,-9.493839495343764
583,7,4.719447650698385,-3.2275189262250024
584,7,4.693263013180513,-2.5619594870481706
585,7,4.721269406602005,0.05762261632571608
586,7,4.7357826973884585,-3.427935004063329
587,7,4.374679666255361,-7.399260871867682
588,7,4.604491949269686,-4.171350281999366
589,7,4.4381604059854,-4.167748149095132
590,7,4.421518228461537,-4.0796241407347225
591,7,4.147934066340895,-1.1381820124984188
592,7,3.8193231116983952,-1.8878600094421927
593,7,4.601545884942425,-1.0961226371709927
594,7,4.358543456033658,-3.667680722408022
595,7,3.4905231640550483,-2.100538859340759
596,7,3.035792940711872,-1.6960941017678124
597,7,2.971032317997924,-3.885227760280486
598,7,3.1145648811398132,-2.886065859761402
599,7,2.6568966132908827,-3.312638459982736
600,7,3.1144712725063073,-1.5968551748846949
601,7,4.389217641482901,-3.9256780702958167
602,7,5.352092951338818,-0.37519145283795297
603,7,5.566295015716605,-2.394768843606471
604,7,5.336113334824404,1.1885744213232101
605,7,5.118351840509604,0.827135858800375
606,7,5.897317507351545,5.228218749940879
607,7,5.740667982279774,2.7727829677842237
608,7,5.202446714971302,2.9380324472708708
609,7,4.3117945823314585,1.7541321378312205
610,7,4.289039790580318,2.550939501537414
611,7,4.868202978636873,0.7323607520916084
612,7,5.387137493722548,-1.6810091308211668
613,7,6.690023280330934,0.8153032789609824
614,7,5.772208329492969,-4.251405370079738
615,7,6.626964891259377,-2.7229800869940846
616,7,6.450672877881516,-1.4366781374346829
617,7,6.10616939988995,2.1510911586447037
618,7,6.007876055316956,4.759199490990341
619,7,6.13842983727136,7.067200043752109
620,7,7.071966768232414,10.982779167668923
621,7,5.286916906897204,3.984649173975413
622,7,5.1716301379692595,-0.6089032673648944
623,7,5.887263359474673,2.363475056326024
624,7,6.832617180748457,1.0467177695318242
625,7,7.900609661440285,-0.9103212413065194
626,7,9.03354761805258,0.4273524362565695
627,7,7.824056790701434,-0.867929515527976
628,7,8.16574005597613,3.8864711373385035
629,7,7.700586809831293,6.113473297280507
630,7,7.9214286521637405,9.763112960414674
631,7,7.5814846639368625,5.852808879481472
632,7,7.896189350805798,4.549928244779494
633,7,8.967238848393208,1.796113369998693
634,7,9.123547556099766,2.110701981314378
635,7,9.47470932131273,1.1013562957396061
636,7,8.875797913764472,0.7693151369617226
637,7,8.840143785594591,-1.5934609436180835
638,7,8.540633024001181,1.549346534553024
639,7,7.896313885771633,0.11199312159851615
640,7,8.14087288132032,-3.499951285808038
641,7,8.238191194272986,-6.980050013987238
642,7,8.517394558868546,-4.281346631398264
643,7,9.533690155854856,-6.1324732726366165
644,7,12.608653655196576,-0.9877518521348065
645,7,11.09958456622553,0.5724343318179308
646,7,10.571971254896198,-6.627449448473271
647,7,10.494877999593882,-6.19920203032143
648,7,10.109216087575987,-1.8432766888754486
649,7,9.79706755515872,-7.130539263306218
650,7,9.577678669291345,-3.463671101397722
651,7,9.963900413434203,-3.8999490734968276
652,7,9.921254703545856,-9.217907065262352
653,7,9.831295158290231,-3.9821883601298396
654,7,9.373123056881013,-0.6294010345195602
655,7,7.9968338669714285,4.583963611910349
656,7,8.92291717162243,10.82735513548505
657,7,5.742665282279631,3.1198826875015584
658,7,4.96068973801448,0.5989949276358857
659,7,5.192176915554228,1.329667595826777
660,7,5.7792852198708715,5.996956604373281
661,7,7.253649441931884,9.082280011372859
662,7,8.06476868719983,9.885043521653643
663,7,11.7345450306766,0.8105658197232515
664,7,10.603145806449902,-4.765175571857526
665,7,9.73167835444201,-7.038343872801306
666,7,9.361941633212155,-2.5004313095359976
667,7,8.258234723712121,2.875104243206806
668,7,7.898480080278205,-3.7452031944631017
669,7,8.098162984260853,-9.455924229066568
670,7,8.92949533864794,-8.183216325870944
671,7,8.586824362972038,-1.887500967194228
672,7,7.063233641883926,-1.2258003945512428
673,7,6.409300018795875,-4.0953464064082254
674,7,7.2041892236102285,1.9325865595465075
675,7,7.70004863856866,2.4044317512475573
676,7,6.484396530820959,3.7789411427334016
677,7,5.8133432204977,0.7753077960428527
678,7,5.946225092451641,-1.8472482312167813
679,7,6.7680923647012605,0.24462807521831564
680,7,7.016639361353555,-3.331593302658348
681,7,7.970211519698751,-0.08182377760431336
682,7,7.240852372170593,-4.263339303663997
683,7,10.793078116254037,0.9974254675203156
684,7,10.421874500599188,2.8662716427470514
685,7,9.809958833609016,2.414170195711449
686,7,8.858363675936744,-3.042657982982746
687,7,7.6637221305336425,-6.339854202406968
688,7,7.061761642906276,-2.6438374458634826
689,7,8.041515395157148,-2.013652752921189
690,7,9.888478530421708,-2.8446859399964524
691,7,11.730260011015162,-1.6212708824432411
692,7,12.256175839015668,2.153496876121153
693,7,11.56492824810266,-0.5130165326431779
694,7,10.843330604285256,8.318664174648802
695,7,10.879890927221822,10.83222320026971
696,7,10.606025218265131,12.947017917068479
697,7,10.167604592001226,12.585628934896704
698,7,10.65712492473267,10.792143757334998
699,7,11.74345216792426,9.624937822217362
700,7,12.571801889624112,9.96415806350069
701,7,11.488944712215016,6.311057628557592
702,7,10.694382104089527,3.1776423173464536
703,7,10.517792039861888,3.8362211460425897
704,7,10.190633664702546,8.637242305313976
705,7,9.889036652564755,12.524371462567615
706,7,9.659676790133744,14.562717280806737
707,7,10.11401079674124,17.268408292649383
708,7,11.050049048644723,14.57217319663232
709,7,11.054755173621743,12.477521888769388
710,7,10.729912270066052,11.078988659409333
711,7,10.586895136356361,8.377796328392833
712,7,10.21603279687588,15.125943472583913
713,7,9.777811241016025,17.61326919933299
714,7,9.529762167864646,18.14230079833169
715,7,9.319249651288374,19.827918929297994
716,7,8.848585084806473,20.470787147000465
717,7,8.632884673324043,14.634445275697544
718,7,7.658819468221736,10.842820604403641
719,7,6.831403105573372,2.964645379668127
720,7,6.152174524985639,1.2889758458732103
721,7,6.010009194070335,7.236785255679024
722,7,5.799394249004763,14.229010648728035
723,7,-6.926386148827078,6.8025119993722
724,7,-5.962835966595776,10.920408964129365
725,7,-4.815610826817647,13.787542704222687
726,7,9.093189874963173,20.51949105477388
727,7,9.49134691845029,18.956626871728076
728,7,-5.401939379252326,1.0131507373826025
729,7,-5.3167420359714015,-0.6143874034805776
730,7,-4.589903077074268,3.829823719059277
731,7,-3.357357721435619,13.825769942782244
732,7,-4.086295451734259,20.999605629836424
733,7,-4.9207697227348035,41.891076822360446
734,7,-4.792951814988555,35.21924174946298
735,7,0.1713315023080213,13.200210235577288
736,7,2.7239099967518996,5.4793447274919345
737,7,2.088603404632522,-0.05851435720705922
738,7,0.058290450467211485,-6.502105306261001
739,7,0.3390197096250631,-5.329916202444565
740,7,0.6101924000540748,5.822430319844443
741,7,-2.081844211382304,7.525776859159123
742,7,-1.0537140550268305,14.165053782892755
743,7,-1.5930127600795458,15.660078553530639
744,7,-1.7490070085277694,12.419989060808803
745,7,-2.163739975784665,8.475516094174054
746,7,-2.147353046868375,10.031794323916984
747,7,-1.2392402205205144,11.000563633804177
748,7,-0.3100582033221144,11.4753277488594
749,7,-1.1508292414710013,10.299866061352077
1,8,0.10108711639622925,-1.0210534827224365
2,8,1.7872665838840476,1.6830819992251236
3,8,1.884124878599323,1.0466492016048505
4,8,3.683653808345298,-5.080626923648197
5,8,4.262559241340568,-6.477734583148504
6,8,5.451562094481233,2.606929947104618
7,8,5.105628697770044,0.010678701268716395
8,8,2.9488422585964145,7.245364836231602
9,8,4.80492896305168,11.341010854706383
10,8,5.635051032309093,8.971307553430051
11,8,5.221083813627956,11.122382126138291
12,8,6.105979201555783,9.698825411277994
13,8,5.572495244485253,13.209628104525109
14,8,5.074690804032798,11.023239597850534
15,8,3.857093432941838,7.992906716691323
16,8,5.146035826061052,7.747878199524166
17,8,4.405228567332415,9.417859932143529
18,8,4.82764266603408,6.884179609415696
19,8,3.3708063655567457,6.430278602252201
20,8,4.474955378494997,8.57853917520697
21,8,4.012955932095792,5.575523738506035
22,8,3.3791671333010527,6.2713017064475025
23,8,3.1150093572377955,4.129971447734988
24,8,2.230567126126516,3.2376767320652107
25,8,2.2359211313678315,8.273801861043012
26,8,2.4813259436614317,10.542511095572081
27,8,2.0156638959660995,11.346927052186402
28,8,1.3653641761138715,10.996579143539293
29,8,1.7445044979458544,11.218077936906411
30,8,2.041810041157987,12.429714324017368
31,8,1.6817565796982308,11.666431949494381
32,8,0.28143544554677646,9.055296208779055
33,8,-0.334935151478021,4.899066843263427
34,8,-0.5378079898619035,7.186962056340235
35,8,0.03169380145573086,10.108721795828842
36,8,-0.307775835852226,11.943192616072793
37,8,-0.21084550012164982,9.261441574204127
38,8,-0.5140442831552718,15.455001878746316
39,8,-0.5207850553379103,15.446104926762473
40,8,-1.4273912542075777,12.38072312115628
41,8,-1.6922055780851224,11.187253106018488
42,8,-17.24815850599316,-7.182702112263996
43,8,-15.300518997994004,-4.352632548755992
44,8,-13.239098916248622,-3.093695737146845
45,8,-11.607233906020156,-0.47257123653253075
46,8,-9.940844704843585,-0.16647368829399056
47,8,-7.874776548421323,3.619290910080963
48,8,-7.5322974060673005,8.216071238023687
49,8,-8.686541080638563,9.29020648372898
50,8,-9.24172053039183,6.650260716962293
51,8,-9.126878302635305,4.329382554108179
52,8,-11.212805798861154,8.430489830075203
53,8,-8.645817186633394,13.454347310844241
54,8,-9.038355274721653,16.59696784301559
55,8,-6.092673552054293,14.374156060287987
56,8,-5.163585446838624,13.940179598469058
57,8,-5.420229038667458,11.56833147527368
58,8,-7.325903945162281,12.796552193370644
59,8,-6.974864267433077,10.644614427035322
60,8,-8.448592765330432,7.0255186704680455
61,8,-6.907867644456928,2.405842200308598
62,8,-7.500061908633143,2.9412209447041278
63,8,-6.562196539240176,2.653011843310651
64,8,-5.439649541023755,1.4929401189201599
65,8,-5.482916875993396,4.526654290878469
66,8,-5.144628890935564,16.56078540769886
67,8,-8.967567713389144,20.22220000838206
68,8,-8.539527397155325,18.68106729875126
69,8,-9.27047197943375,14.816116684221015
70,8,-10.075169462885242,10.460067011316369
71,8,-10.01043737748023,14.073350549140741
72,8,-8.935894281942637,17.39360484097051
73,8,-9.073099212435409,16.273405462676237
74,8,-8.30927924716616,17.98981660262234
75,8,-6.626418782294422,14.98905940452596
76,8,-7.602260294939697,12.521536629111779
77,8,-7.681727353648057,8.791542158428001
78,8,-10.169230634393898,8.863664942173273
79,8,-10.61552360116093,7.308582581666542
80,8,-7.640912697902422,-2.8392221312556103
81,8,-5.260945075908239,-1.284555249501409
82,8,-4.930449223463256,-2.8291783587314967
83,8,-1.749493397106562,-7.520546094230667
84,8,-3.716845078932238,4.278695130878987
85,8,-3.943021205893274,3.8395841431402005
86,8,-4.2700655384151105,2.546105628081932
87,8,-7.602009196734798,-3.746778515434471
88,8,-9.147542639446328,3.792592416120897
89,8,-8.7304744431176,6.256021699865869
90,8,-6.7672876925189485,-4.728483105032865
91,8,-3.184095191099914,-8.296102988363145
92,8,-8.110320837294239,-3.8198561606395742
93,8,-5.914375442654091,-6.877484930808805
94,8,-4.281561498833071,-7.2120595823653275
95,8,-5.933076048382645,-7.816422786899693
96,8,-7.810655769844743,13.718945335605895
97,8,-8.924437497867984,14.667602414196608
98,8,-9.592965731857475,9.693779970356445
99,8,-8.200854802054891,12.599239265994584
100,8,-7.490424406601051,6.093346178470256
101,8,-8.913699703789462,5.623275810274663
102,8,-8.300257824829714,5.475603873824639
103,8,-8.083030215638246,7.859113964840162
104,8,-9.383841375359225,8.889133778443465
105,8,-12.505613173255824,8.335530535941416
106,8,-13.865338590940155,8.50944854333693
107,8,-11.96116010706919,1.5980282005016306
108,8,-11.074093162671488,2.157554942552906
109,8,-8.464114396615969,1.2305841477418653
110,8,-9.842743857648657,0.04974552703060908
111,8,-9.73438037373262,2.220044023331411
112,8,-9.496507306948388,8.169546898785484
113,8,-13.485735715200462,9.105641476380242
114,8,-14.177352861823238,6.088218952495481
115,8,-14.76041034049922,4.769232816659951
116,8,-11.634238905267011,6.771150096305519
117,8,-11.097440649740747,6.396791311085963
118,8,-11.417967355378096,6.787829609893379
119,8,-11.224973526487247,5.408121859125913
120,8,-10.500098124894976,3.92935831640807
121,8,-9.55667413916035,4.173487252711311
122,8,-11.283576772797005,4.820362718719025
123,8,-12.449127886414772,1.9718331905237392
124,8,-11.847708296104884,3.921991878130939
125,8,-13.38035364027155,2.7086087601073814
126,8,-12.365599761140857,8.675392147907132
127,8,-14.99965561545605,5.958491221069835
128,8,-12.206772187011211,-0.39391261624723484
129,8,-14.011966730680342,-0.29850259128852485
130,8,-14.389947474396195,4.345301618904159
131,8,-13.04924379068234,3.280333982539105
132,8,-12.64822076324117,2.476109982334492
133,8,-11.423701588176755,6.9932018093759325
134,8,-10.298500937689369,12.281350764046238
135,8,-9.201113963448279,14.933585644811956
136,8,-9.037898006523847,7.475959695702841
137,8,-9.718188323465256,7.208139343637868
138,8,-8.203738258306203,7.715634470264831
139,8,-5.7800249895440174,15.804004348773105
140,8,-10.519687748308115,5.240256604960905
141,8,-11.925562192543566,2.3104270426597395
142,8,-11.703002273839047,3.036968694395
143,8,-11.92473086320797,5.105169355894304
144,8,-12.035725666337385,2.2986570487983045
145,8,-11.434931238226909,-0.8967853152148564
146,8,-11.169907438775681,-0.22463936805797857
147,8,-13.00575793438702,-0.49488897926084974
148,8,-11.209458743851883,6.020073958173725
149,8,-10.076614372802851,2.8158238884511775
150,8,-10.524517485390334,4.969868245122598
151,8,-6.92367791337756,4.429150543943706
152,8,-6.080252936301804,7.517181370290473
153,8,-5.59515681879202,7.556400934339308
154,8,-5.679511190701305,8.775386619693109
155,8,-3.1643231525554256,9.632484325086352
156,8,-2.370731734425135,11.052419955695768
157,8,-3.701718419041299,4.059033913963503
158,8,-3.4505336667402844,2.369855523703791
159,8,-3.301174023112708,5.586078479486332
160,8,-4.528003050886582,7.2869441107704915
161,8,-8.256391977510702,2.4818203815575544
162,8,-6.788326743298512,5.6038144356593875
163,8,-6.04043024972907,4.785911678601224
164,8,-4.532934922097866,8.408195187795627
165,8,-5.25423579353037,8.924095847532953
166,8,-5.405313501621549,9.921290872412555
167,8,-4.617646991283891,12.51798886084407
168,8,-3.9087096282546554,19.025182444022448
169,8,-1.9984511506522722,21.934830309223344
170,8,-3.663145281338984,3.5098990810465693
171,8,-1.1738779041752423,4.43021306791843
172,8,-1.8485526991171355,-0.570379395166583
173,8,-2.20615211479344,-4.029787279200718
174,8,-0.6790743897186076,0.32279517122424295
175,8,-1.7903332139408121,-1.2677508139736346
176,8,-2.1801702054567613,-3.0134874615614535
177,8,-0.9064663226567973,-1.5742904824396646
178,8,0.18316840829220382,0.6958735296011582
179,8,1.4965849024129056,-0.39423439897973367
180,8,1.7934667454810551,-0.9656470424943109
181,8,1.951358051932857,-0.6773560343212921
182,8,3.017562481737059,0.2949048385189599
183,8,2.8880043802364526,-0.3302980308048973
184,8,3.3411972098356273,0.7613794199110089
185,8,3.96134229266454,2.8417610096830686
186,8,3.8837009805420166,1.8314422359171658
187,8,4.94784182598687,2.323888030051876
188,8,3.8824508254010652,-1.186978864620869
189,8,4.799898746263807,-2.253026853420579
190,8,4.914788317251805,-5.114031354190047
191,8,1.9086902655621998,-10.68415298904847
192,8,5.306902725411874,4.444693806304258
193,8,5.069825321827011,-4.24571089708661
194,8,6.467703044317204,-3.07409763908845
195,8,7.376118511369441,-1.3402558786392547
196,8,8.124915887015504,-2.186781211570633
197,8,7.725846363710843,-0.08798870171858653
198,8,9.859542126572705,-3.1114820257434985
199,8,10.404746379248536,-0.39324274079808674
200,8,9.747427019897259,1.4823268096793072
201,8,7.28337731182819,2.146871901180475
202,8,8.379724854850338,8.557687590032401
203,8,8.933810483939396,9.45798606244125
204,8,8.539371048872908,6.958228236057039
205,8,8.118322624743087,3.113320904048578
206,8,8.467973956518108,5.547932802669038
207,8,11.348245919069996,1.0825993703401764
208,8,11.342646112666898,2.736955547084108
209,8,11.37869853352322,0.8205511167302575
210,8,10.228782315894023,-0.4962840062758005
211,8,9.364049758555211,-0.10459551030317016
212,8,8.769282532561647,-1.4785427426731985
213,8,9.8319335911292,-0.9807733723523597
214,8,9.642154310481146,-0.7712532451400875
215,8,10.05752593195939,2.157686439392819
216,8,10.880348493647034,1.4171896401876438
217,8,12.727002420178906,0.44988866772064284
218,8,14.235886372078312,0.15231531550443833
219,8,13.058763038019151,-1.0244874096283638
220,8,11.540912731974458,-3.343386891395312
221,8,12.223823589184121,-1.8041779306022363
222,8,10.945166381466152,-4.028452016902975
223,8,9.283772309325741,-5.018829359489246
224,8,10.204155217245898,-7.269480073533032
225,8,10.241760450295715,-9.147776636141316
226,8,10.434971945998313,-9.286170494684939
227,8,11.397202471070159,-5.707588097506232
228,8,9.841365161903468,-9.970075744720816
229,8,10.497300008517868,-6.847663357509191
230,8,9.611154331254511,-6.793486551282058
231,8,9.296633795162506,-7.412147223265038
232,8,8.651953960240007,-9.050121339233556
233,8,7.333025317493593,-11.021814692538555
234,8,10.75554427471161,-11.876230075963576
235,8,12.485182376596185,-9.078414084271571
236,8,12.387078777350325,-6.519267373415914
237,8,10.056498003416436,-9.122632560249713
238,8,10.518014897295416,-5.453854797695385
239,8,6.509875144083253,-6.065550825929677
240,8,4.353509686339748,-7.205915970159367
241,8,4.530329853050262,-9.688023733209775
242,8,3.8632538319211562,-12.50918357805449
243,8,3.6618756920574924,-11.230349325845054
244,8,8.96984392434888,-5.494496423586497
245,8,6.095314996876368,-11.679599215903181
246,8,5.617794738377597,-12.784191043745068
247,8,7.005096742832393,-11.572448530828296
248,8,5.357500631041148,-13.894267982643214
249,8,2.5161553504026415,-12.708278762839655
250,8,1.1361347710167138,-17.004258843978278
251,8,0.3640087886301444,-16.474541695878543
252,8,0.34474274228978175,-15.102339033802764
253,8,-0.21008320361215738,-17.244055121554084
254,8,0.26509197454060995,-15.536301787557477
255,8,-0.5755896955392927,-19.30734952408011
256,8,1.0064471014170522,-16.68016501843431
257,8,1.4779184979124693,-15.274128040376581
258,8,0.06467137654135513,-17.424862501728057
259,8,-0.7403626055570385,-16.350016078192766
260,8,-1.051263067648506,-14.280910057779238
261,8,-1.1656618795641407,-10.648467204272947
262,8,-2.873757013591785,-14.513633141463743
263,8,-3.4352975649198925,-16.29522929912173
264,8,-2.0863309863320865,-10.159719813826086
265,8,-0.160671980704592,-7.296544195697152
266,8,-2.9248097277718443,-15.480853625304462
267,8,-3.7400566458782123,-18.815902415045457
268,8,-1.775943300489871,-13.486510037631433
269,8,-0.917988547693767,-7.857970941084204
270,8,-1.2619796960498206,-6.6686072743000295
271,8,-2.7756444916335568,-3.4490658903532676
272,8,0.8404881971828218,-0.747612104867585
273,8,-2.035235321035998,-3.131469925258898
274,8,-1.4710645124714574,-5.221734215605011
275,8,-2.412790143645907,-3.3765839518473513
276,8,-2.656401843326421,-3.8925924510599543
277,8,-2.1494095968882903,-8.823999010578063
278,8,-0.6068833483595881,-8.654027912622041
279,8,-1.3881317612717794,-8.86351501459967
280,8,-0.7335459613159401,-13.05293401919289
281,8,-1.5387229122811732,-12.319788039574632
282,8,-1.7130775114919743,-13.470460161259325
283,8,-1.3610931097414323,-14.561530745867003
284,8,-2.4334855371494086,-15.969184641124684
285,8,-2.408566523474292,-15.47603241999559
286,8,-2.8369508520777345,-14.259583660852059
287,8,-2.346350944099413,-16.700531460932325
288,8,-1.8000734057968657,-12.232665958127654
289,8,-1.310326933773922,-10.593721504471432
290,8,0.6456484496502526,-8.00248058383886
291,8,1.817318339636131,-6.320899638238188
292,8,5.652667523919263,-1.4013183859442506
293,8,5.836021420428551,-2.6501250027881724
294,8,6.183403911050846,-3.108857980492303
295,8,-0.5822469047957384,-12.676363941328418
296,8,3.7511172805584465,-7.0848961942624555
297,8,-1.1190078820322924,-13.009220857081345
298,8,2.8189030738026304,-11.088403299836955
299,8,-2.428891496082997,-18.757926220378522
300,8,3.6410868560537892,-7.421069243323018
301,8,0.5411214944756466,-8.875650633425266
302,8,4.984751402688289,0.18361198993443395
303,8,0.302862081560761,-7.948534367553748
304,8,-0.15571423419805797,-9.709505313247064
305,8,2.1782956784491034,-4.8712823511659735
306,8,2.7659756835705593,-4.798191595569733
307,8,2.809868391940654,-4.8916552309383405
308,8,-0.2212639399717773,-9.299141828832035
309,8,0.9065161622861524,-4.74668064207026
310,8,0.5079516289820276,-8.88570802282402
311,8,1.3206211493607043,-5.235657989136598
312,8,2.0013304012886692,-3.4289197486104968
313,8,2.9809287472216965,-0.4397342230558934
314,8,2.23746011073672,-1.9652331658603543
315,8,2.3529523182746743,1.389464382526512
316,8,0.9381296388805822,-4.539605721676253
317,8,0.31209064130916886,-9.116746717173555
318,8,1.06175445508552,-6.84113827000283
319,8,1.4808117317579672,-9.071443613510382
320,8,-0.26976302561388366,-13.768013716664427
321,8,0.3941405055870746,-9.671967379241323
322,8,-0.018697477861223888,-10.876477105319736
323,8,-0.7527674380589815,-9.29245273969309
324,8,-0.5574464980481935,-8.13459755455915
325,8,-1.3671785679589448,-9.971400519909821
326,8,-2.7612369025118824,-10.451194415869395
327,8,-2.911502731006294,-11.313317678560907
328,8,-3.2338164387833785,-10.883888318102436
329,8,-2.869242121201296,-8.209324489699611
330,8,-2.6149194879380957,-9.388785445078156
331,8,-4.076830077300656,-14.655871208398366
332,8,-3.2063908634145264,-15.642480852756307
333,8,-2.688139149860035,-12.688164454872549
334,8,-2.5572267799871042,-12.59958771154561
335,8,-3.172020559525663,-17.17740272201445
336,8,-2.562339624879769,-12.91522451578794
337,8,-1.9774139455635122,-10.92430360400158
338,8,-3.4882011194104052,-15.075703562129092
339,8,-3.7269276846277535,-16.107454809005958
340,8,-3.658370858905073,-17.405477527173844
341,8,-4.303768902407228,-17.126644867486448
342,8,-2.9609255224713706,-14.067169304180425
343,8,-2.8039095158778764,-14.52347380815263
344,8,-2.98641968466427,-11.217420901158675
345,8,-2.2114902603843802,-5.698411030490661
346,8,-2.755825491338328,-6.311718154428945
347,8,-3.456366223112582,-9.82319840159198
348,8,-3.162678988909647,-8.412765763261632
349,8,-3.811373849100164,-12.280508482919686
350,8,-2.7284222516095724,-9.895844149828918
351,8,-2.1453165115613047,-7.964259571986986
352,8,-3.419797870574257,-11.82440055163579
353,8,-3.9019110813292173,-10.343748671699814
354,8,-3.7916476540112853,-7.051290914157562
355,8,-5.242541923716999,-7.564162975274485
356,8,-3.197675391806115,-2.5602473800772714
357,8,-3.486626131875255,-13.949249185553526
358,8,-5.5477978940562025,-24.50366015474583
359,8,-3.187388008160724,-4.883335740672919
360,8,-1.9337137208963213,-3.950806900891166
361,8,0.25664935321719895,-4.584803862357148
362,8,-1.9976143961139314,-11.08199410281668
363,8,-2.5218700519576487,-3.1248621512695536
364,8,-2.5511440158256846,-2.086061261026316
365,8,-2.448937969695635,-5.129121710048821
366,8,-2.4408218228436454,-9.12925702524808
367,8,-2.881445971528592,-6.3979727992432345
368,8,-2.673283227426964,-6.151316622545437
369,8,-4.046997726993595,-6.041643529432349
370,8,-4.175198448664105,-12.818770852490161
371,8,-4.698544009987927,-9.905884042050275
372,8,-3.8192813071264027,-6.769709496775249
373,8,-7.000844513244374,-8.83333499877881
374,8,-4.568267191129962,-11.120564973140063
375,8,-5.870125188244856,-7.05976381707751
376,8,-11.97142218035242,-10.197323102172504
377,8,-8.872445968911961,-9.14131608737398
378,8,-7.379249064517353,-14.75912254344712
379,8,-4.7670930362505715,-12.853934204876168
380,8,-4.865315722418472,-8.07713539862425
381,8,-2.9052269234871346,-4.543509839192666
382,8,-3.494352056811749,-1.3010916775301666
383,8,-0.6443199107529836,-2.8349364754953967
384,8,-3.246925355172152,1.522985530216829
385,8,-3.4527757259502323,-7.313378140394434
386,8,-0.25183481633848714,-5.499510538591039
387,8,6.165158965107821,-24.639935984941076
388,8,5.09372738299453,-16.001040049254698
389,8,2.4452417875440915,-10.658303694056485
390,8,3.998551202143517,-4.249343522691106
391,8,2.8748681953320556,-4.29295223695226
392,8,4.882010836422978,-4.301460789746216
393,8,7.910912179051138,-10.583527479019722
394,8,6.692066473643536,-12.816865469395907
395,8,9.01468043628256,-7.20310794779698
396,8,6.28183291339019,-10.384133166877746
397,8,5.179179675614705,-12.125125958571061
398,8,5.7441342306619845,-11.769507813317887
399,8,5.335496121211236,-7.772636384529051
400,8,6.400450264582105,-6.765643485009605
401,8,4.817837183028587,-3.502330768275897
402,8,1.8954744932439098,0.45267570303849425
403,8,0.3960035068680554,-0.30210020257936776
404,8,1.1242107653238236,1.533551138196799
405,8,3.1127261276283207,-2.089507221807253
406,8,7.275144459827061,-3.1933810003692997
407,8,5.54240924242049,0.447141871385611
408,8,4.032430946130262,-2.8991944994827463
409,8,3.940035397868087,-2.6662334550164815
410,8,4.928204772032586,0.7795864603394875
411,8,5.011309581464502,-3.550268406513169
412,8,5.718622801330184,-4.385754406245269
413,8,7.524076507090285,-6.198327908274678
414,8,7.735003169605989,-8.995338133575387
415,8,6.94125628274378,-9.076859515050273
416,8,7.074214157008555,-7.85344064480114
417,8,6.508400882654769,-5.464567475841704
418,8,7.959734624277644,-8.954697001401655
419,8,8.333576451823774,-6.9220117450195175
420,8,9.926744186069755,-3.433204149344874
421,8,10.500745216648284,-5.44441268517312
422,8,9.78818893169364,-1.3573095554097563
423,8,9.111716655950204,-1.5421177985363101
424,8,8.989880034494035,-1.4535021533538384
425,8,7.135017634982887,2.1014337573110424
426,8,7.2469997080679605,1.4873639325069234
427,8,9.017313149309302,-2.047212560877142
428,8,9.018698732503708,-0.6754941166632307
429,8,9.632517381251091,-0.7073824210960993
430,8,8.574730000711952,0.7558318297460573
431,8,9.510259507133469,1.195029785213137
432,8,5.54057228029933,2.051744403212524
433,8,5.6897050381935514,-1.8714579094885266
434,8,4.5240157241055385,1.5762562306208565
435,8,4.902833394929075,2.7395675088573626
436,8,5.511667953699998,1.4780040000423469
437,8,5.6219755996817184,1.8952879735320494
438,8,4.469805175255715,3.2345771890736614
439,8,4.968641521246354,4.2359327796707475
440,8,3.7124636003954947,3.890413907585298
441,8,3.9570715582458433,-0.3087183681905117
442,8,4.089216928820861,-0.0011987196494374075
443,8,4.51917736842006,2.333138477636112
444,8,5.355707896407694,1.4682404795448747
445,8,3.981937661307711,6.168173678652238
446,8,6.486480744033543,5.341955337713443
447,8,7.962798664348156,5.790101407338625
448,8,6.666265734897024,4.479593168987776
449,8,6.684503544792278,9.327254733483642
450,8,6.869433386301353,9.625561424535135
451,8,7.7946375572118995,5.955242048492437
452,8,22.804352503205337,14.692749015153368
453,8,20.86752750238884,14.346518593585643
454,8,4.368301251763114,1.7256073875187212
455,8,20.390228363815368,13.059579212171684
456,8,19.452769892796823,11.496166421951784
457,8,18.554857968351826,11.369086606798646
458,8,15.928954521290507,12.665577111423772
459,8,14.66947403573522,10.334540113115963
460,8,12.98448264284798,6.69304646657929
461,8,11.755647021391269,4.4352304620338145
462,8,8.802210150090104,6.436156808038959
463,8,7.051849508759915,6.3265016089567325
464,8,3.946655342047052,6.710692822363853
465,8,3.391872056809916,9.34366905379511
466,8,2.6940231317184953,8.056030818425825
467,8,0.8064387913991595,11.348070966357227
468,8,0.46634487898336374,9.478255963194442
469,8,0.08252309828549187,5.68581918987411
470,8,-0.507332971109463,9.687105398997574
471,8,0.08676639240457007,7.562722459194902
472,8,-0.5557051336954828,7.333941932959533
473,8,-0.394261778422333,4.155709426672729
474,8,0.2621642068752408,1.0244222497040028
475,8,-0.38108020550134825,0.935210327247205
476,8,-0.9601241189166103,2.911085570849991
477,8,-1.037302669350538,7.1998794118244405
478,8,-2.092247117700026,4.7626758758524375
479,8,-1.1367931264576328,8.619951440846307
480,8,-19.608517534606108,0.7022724443709194
481,8,-17.587896430763067,-0.1372255592550573
482,8,-16.123190606414028,0.1385524448301112
483,8,-14.3779179451858,-1.401626983866663
484,8,-12.87310542135674,-1.0296966068663096
485,8,-10.805164930699902,2.359034750378214
486,8,-9.986211617965637,3.523368930787001
487,8,-10.53702995191361,1.961945341786759
488,8,-9.905070362610786,-0.5180011421712152
489,8,-9.209497811396432,-1.1918107963651892
490,8,-8.644139764790452,1.1904861019734199
491,8,-7.3340575230222385,-5.217399986567216
492,8,-5.765076457279065,-2.5913001148164767
493,8,-8.294595172298614,-2.1704923598008463
494,8,-9.620099101137384,8.478276379768431
495,8,-8.987519307826915,5.607838591481141
496,8,-7.763659924941749,2.987196168914579
497,8,-8.490334385501228,1.1706273809700178
498,8,-11.135119848197064,1.4676404237197858
499,8,-8.926274797731821,-1.182247733641816
500,8,-10.46137147931313,1.2291033630508537
501,8,-9.688941831195734,-3.0614235300986365
502,8,-7.4905232424607675,-5.273642347404348
503,8,-8.634988562078433,-6.275968517660658
504,8,13.717764974243437,3.3206286683248436
505,8,-8.869695958462216,-2.3907490350375156
506,8,-8.09154207177744,-3.040839268592663
507,8,-8.55518094097988,-3.589089016516482
508,8,-9.89881328726915,-1.467651724829011
509,8,-7.655771305077906,-1.6212859890915752
510,8,12.83689492223857,5.155903824128018
511,8,8.46916211727148,0.453082255582558
512,8,8.880141520268808,-1.2050863864797066
513,8,3.515102828743693,0.9327723709379825
514,8,2.4382819221091268,1.26993805525899
515,8,1.8583300921809496,-0.9808397808392328
516,8,1.7297666814447439,-5.660545450340123
517,8,-2.099230399238877,-10.733278380162119
518,8,-6.133098900078039,-18.640391377846754
519,8,-3.00038000152108,-4.245193177058354
520,8,-5.177606613996431,-1.7683556460024192
521,8,-4.6477794633001395,-6.9560122705188405
522,8,-5.259032886642672,-5.544775880353882
523,8,-5.4904687175653635,-6.056584565693356
524,8,-7.487233081021259,-4.529753161084045
525,8,-8.100594208061011,-15.90820288022087
526,8,-11.292628392716324,-19.059225689147297
527,8,-12.620556207942627,-20.356516793660376
528,8,-9.24396310585098,-8.473037839773951
529,8,-9.836988856034168,-19.81911057402067
530,8,-10.722729789125424,-5.170712065389125
531,8,-14.900496145763555,-7.038983573489986
532,8,-29.338009910113215,-20.939680016988405
533,8,-26.082697019307943,-25.8155024936068
534,8,-28.265522486254667,-24.924316802624162
535,8,-28.352454364743608,-19.15315963985313
536,8,-20.706529172938644,-19.85487908414825
537,8,-21.93665943568567,-19.663598611290126
538,8,-19.34317092590527,-8.3205832898675
539,8,-20.96602474202564,-17.922876056939003
540,8,-16.963294675475936,-11.422066346859992
541,8,-11.05562776546958,-13.267494764436378
542,8,-16.057187836725916,-3.584276547449008
543,8,-16.281336210663994,-8.618774938148817
544,8,-16.245884864365507,4.82862638188999
545,8,-20.216019224410502,-1.2183459387179028
546,8,-15.94350702479278,-2.1337418971834268
547,8,-14.58242924912929,0.7363349874322012
548,8,-14.344972416684868,6.03500547095382
549,8,-13.437026539615545,8.117339623253883
550,8,-12.846129361430485,-4.353819222689708
551,8,-14.562068627826648,-2.911905406261212
552,8,-11.58550525376404,-9.085779339920009
553,8,-10.37115775269558,-1.6369171011187973
554,8,-6.12085025433089,-2.9805851159799204
555,8,-4.895461123922814,1.0889402895277271
556,8,-5.762272065446268,7.417139442564348
557,8,-5.012311035236053,8.17908542394207
558,8,-3.0957291695822278,9.69508190102897
559,8,-3.5383804661814793,11.66429525161493
560,8,-2.2118774060731994,9.6378829106593
561,8,-0.8259040145189829,2.9619262732198877
562,8,0.031805867525235954,-0.11332210594628123
563,8,0.7427033125022717,-4.957596109287351
564,8,-0.30296493121250023,-4.498821555036557
565,8,-0.15492562632880436,-6.365830349364842
566,8,-2.018296875110991,-7.931444352138897
567,8,-0.29184224583832474,-6.536278853763179
568,8,0.6508869593644704,-3.0763802524370476
569,8,0.7373167666210065,-6.031913152983179
570,8,3.1277057647712354,-7.253555021706688
571,8,5.6800757655441885,-3.340792165750827
572,8,7.273083906454303,-0.8396710623428589
573,8,7.088418771390025,-3.1985879606095295
574,8,4.976020019351836,-3.3154647723081325
575,8,5.736420202340014,0.2495460985378486
576,8,6.629709136042493,1.444326670000919
577,8,6.238762769192363,0.8111028497896768
578,8,8.43825419330824,1.3513805777429297
579,8,6.922664524596257,-2.739777530352967
580,8,4.449927065832981,-6.252435379791223
581,8,4.384631038857151,-8.140181167902483
582,8,4.950328272209845,-7.840626211414019
583,8,5.4220949409659625,-13.853332938513631
584,8,5.539881737656287,-14.347430820872432
585,8,6.779349024207477,-8.01515403699159
586,8,7.483604309129987,-7.193052074564548
587,8,7.51810395974735,-7.9428491593525905
588,8,5.41926264407266,-5.933668004897299
589,8,4.531755863650233,-5.522954419716143
590,8,5.9529892993100475,-1.3686928025476846
591,8,5.935893091253092,-2.8010761096979877
592,8,6.12774715483647,-1.9812455722367304
593,8,8.106821515364118,-3.3991208682432443
594,8,10.190500076350418,-5.686308810664968
595,8,8.128750160752134,-7.367337572922224
596,8,8.231257815401477,-5.741687340111184
597,8,8.381859163734589,-5.555593745684064
598,8,7.360106938483568,-4.122279450259157
599,8,4.578398469238891,-4.558288661132565
600,8,4.441741647534855,-0.3775774878622542
601,8,7.554986790864859,0.5365188032162678
602,8,10.291935806103083,5.115244229333939
603,8,10.61561626236562,-0.05067142436132599
604,8,8.829672828735966,0.4372643498204525
605,8,9.791776149038924,1.244935566099457
606,8,9.818218758464354,5.4771267812921
607,8,11.279782594010157,2.4945964156368063
608,8,11.01157930835052,2.560467829812751
609,8,9.535624785922664,-0.004452155914123068
610,8,9.5823081578028,2.494402959368699
611,8,13.145144660057213,-2.1802045328549866
612,8,14.568079449320066,0.06417731523924886
613,8,13.845769887272581,1.3397451226101111
614,8,16.382460415574315,-7.079174446738762
615,8,16.421760070584696,-2.65086572501491
616,8,14.411376343787651,-3.609437446589709
617,8,11.917781246233062,-3.4720295434990476
618,8,13.21319152552769,4.305514793986731
619,8,12.45162201335097,5.187591988571739
620,8,11.05572681697413,14.260386419969109
621,8,14.55792615196242,2.0059913206921465
622,8,16.63204432490147,1.2097421930452583
623,8,13.953439421500207,6.222555333462424
624,8,13.53061167748001,7.016283552477489
625,8,12.465815447115347,6.406382928344783
626,8,14.183316387414834,9.753123315026869
627,8,13.248869794141683,4.711470639415438
628,8,13.005485398102792,8.764256294268307
629,8,13.468360962287989,11.495837962734868
630,8,10.816648811429332,15.030402973795844
631,8,11.496792909859323,11.737333597613087
632,8,12.078739307646174,11.962754631560074
633,8,12.706888447449273,10.473347148996254
634,8,11.8294908410071,8.444268863904654
635,8,11.305018889836902,5.782177439557472
636,8,11.123226201162652,3.366343809253067
637,8,11.743691902136561,-2.9815345680949576
638,8,10.741063488863801,1.01608963964145
639,8,11.111983039248116,5.452378118325669
640,8,11.26846235685207,0.975843935519606
641,8,10.976356499540998,5.2578264606477205
642,8,10.89024006712134,9.460819142484524
643,8,9.227076039163876,1.0008205655321945
644,8,25.565438548251223,23.111806283990973
645,8,21.241812504582413,21.19049529162976
646,8,24.30286878107927,22.966811962376596
647,8,22.301593004942333,12.395201691143939
648,8,18.33753288956632,6.003648768435141
649,8,17.499652900690307,7.247207963720939
650,8,16.349472048010284,11.079291173597994
651,8,13.983882694886233,9.109922645563984
652,8,13.506932976539247,5.267954265531898
653,8,10.228870279767762,6.795909923901945
654,8,6.995019035450241,4.235060492267166
655,8,6.206446186065477,12.892914760207987
656,8,-21.947249423291396,2.772404726415516
657,8,29.668287421982313,-6.313554678526998
658,8,26.879528146741904,-5.691008333446007
659,8,22.565929152492572,-0.3100788151969027
660,8,18.150390076754775,8.506956234997233
661,8,15.203945972062684,11.956732356947214
662,8,8.987419762747777,12.886906618726698
663,8,-11.574022115012667,29.08161016043323
664,8,-7.296839526081385,20.021597056915653
665,8,-7.764079883684644,19.909750874491237
666,8,-6.713787216279343,23.945867894134608
667,8,-5.496009175274594,32.72970212587052
668,8,-1.4114540132204638,25.83137708518325
669,8,0.6310577106551136,15.307901575075448
670,8,0.4664286810248086,15.58949120355328
671,8,-2.673147242655432,20.124641808432898
672,8,0.6986327039658136,17.532426880675303
673,8,0.035040798476075,10.96843577548725
674,8,1.0153438036513762,20.53305827569102
675,8,-2.0931311624126465,21.175970526123365
676,8,-0.9510769192738735,18.756423719014037
677,8,0.9394240790461481,18.438953776907965
678,8,2.478502141744684,13.939369426889698
679,8,2.1956420551478004,15.910504390677033
680,8,2.5054160006766324,12.658387384131856
681,8,1.4634498591422016,9.76965410090179
682,8,-0.16160248975393188,7.089082769663037
683,8,-18.574853621816146,1.9254034666400912
684,8,-16.619684988408153,1.4590806965502452
685,8,-14.55278184979852,2.3038838425777612
686,8,-12.13912869942942,-4.571097840012499
687,8,-8.15240628219999,-3.854826023955866
688,8,-5.404204692460553,2.25112235205097
689,8,-5.393541869480941,4.692563023309958
690,8,-3.93987240426668,5.5203205869256635
691,8,-3.9356208400458854,8.27849185682635
692,8,-1.4202586941883055,10.196999125615093
693,8,-0.39139152295410895,11.419255188731313
694,8,0.3535610125363746,15.695626629669277
695,8,-0.6134924718544426,15.346226189156368
696,8,0.4994607383514449,18.142954832750547
697,8,0.9287905059391051,19.784231557475778
698,8,0.8242326236204462,17.509901063671805
699,8,-0.32592467658105306,16.884315858401806
700,8,-1.1605186131555456,13.202252509214759
701,8,-1.9540084357513479,8.798638779435805
702,8,-2.325216817805085,8.51090304792524
703,8,-0.7259122516506977,13.457461614922522
704,8,-1.2304086201611426,12.037300969680928
705,8,-2.0648749613492328,13.499502742398363
706,8,-1.9830075730815224,15.575845600322282
707,8,-3.133403827345319,15.869441276505768
708,8,-4.542881964826847,10.760776957959479
709,8,-5.525155108439321,10.957120982368906
710,8,-6.379114958156606,9.46988634562149
711,8,-5.4726997058678535,10.667618072766345
712,8,-5.621720541609648,7.837256125196745
713,8,-6.138376401422647,3.808187275860746
714,8,-5.9701478623610456,1.1501505381829702
715,8,-6.938145841462756,0.3706165675775992
716,8,-7.871117211979254,3.5291116688190414
717,8,-9.315557630248804,3.2701911893518627
718,8,-8.211961470892675,5.125241153778006
719,8,-14.706467329600855,-25.368827467058054
720,8,-15.326307391434057,-34.224972369691386
721,8,-12.50913235065127,-19.955055261283178
722,8,-14.078256339625113,-27.986491519434367
723,8,16.909815794399037,41.21464558422076
724,8,12.820159473876629,37.00132936642967
725,8,9.413140193443724,34.5576055783672
726,8,-10.240644390322814,15.871590619132803
727,8,-10.411864962409709,16.21134154752599
728,8,10.496168250726441,14.982786739595667
729,8,10.678532089191322,14.612556675991527
730,8,10.78150285679385,16.991052551872144
731,8,7.845598450381658,11.856183384614269
732,8,6.0651549314452495,5.404743067401341
733,8,3.6092002255973057,27.394794622263362
734,8,0.115173717495054,12.934466127582255
735,8,3.065980743403088,1.914034925422584
736,8,-4.003078422630097,-10.134749836625815
737,8,-5.703965609298393,-20.97841986322146
738,8,-1.933695605167486,-24.49824734255526
739,8,-2.189408892136271,-13.494914778780185
740,8,-4.764390614566764,-10.011363512237494
741,8,-1.0474746126137688,-15.200865217515457
742,8,-2.7381468591702287,-5.216954273070769
743,8,-5.833826898342522,-5.3702800220057725
744,8,-6.822865402846219,-4.164261162179173
745,8,-1.9245710796931235,13.750855350795064
746,8,-3.9710266629454054,14.967315200457051
747,8,-6.8574170223409965,17.03586560843587
748,8,-8.514430359766266,27.182866706716595
749,8,-2.7381991037682383,38.40694638734931
1,9,-0.03214177730023948,-0.5183168286077944
2,9,-4.0905052375883315,1.5983508710962724
3,9,-7.923195570282587,0.2934504227478101
4,9,-11.69316446454468,-3.8628384826211004
5,9,-13.274454952581436,-8.99345168158402
6,9,-12.937331178032764,-0.6004640422659122
7,9,-10.64792809769915,-8.571163853606322
8,9,-5.98216828376917,-3.204173982141583
9,9,-7.3085811027640375,-7.331074133572201
10,9,-8.782620208256048,-2.46144345977018
11,9,-9.261090558478827,7.4146826221985975
12,9,-11.320647057741553,5.756967683468474
13,9,-11.919837879288025,6.26825347977956
14,9,-12.992005181176864,5.6523811638760435
15,9,-11.450074664976455,2.4694253277209555
16,9,-10.926005926098696,2.740229548241132
17,9,-9.995321799368867,-8.52819373595753
18,9,-9.97013597737623,-12.07349286426188
19,9,-9.55751072741532,-11.319414963466215
20,9,-10.284831206032322,-10.582560911037945
21,9,-12.066705722263578,-5.4127403728018635
22,9,-13.406629868678465,-4.984926058961719
23,9,-13.045885359464592,-3.8209598692719737
24,9,-11.601145058145448,-6.785276587876979
25,9,-10.745125294169156,-5.981909307898604
26,9,-10.205606212881321,-1.7983492868875146
27,9,-10.686299780117224,-1.632739180758108
28,9,-10.35431064633758,1.3203779410378047
29,9,-11.40065322747796,1.8852584362157359
30,9,-12.056525870099904,3.191079637663961
31,9,-12.668257740561785,4.28334320911722
32,9,-11.517960778604902,2.8011135477283915
33,9,-11.152623291795862,-3.00917951711358
34,9,-11.066710941367091,-5.376420572818461
35,9,-10.745182668872076,-6.388665321936742
36,9,-10.832149206993563,-2.8096225020933616
37,9,-11.103995795188894,-3.70167017664744
38,9,-13.034729430171865,-2.4455824564024624
39,9,-13.468624220548008,1.4876823492661515
40,9,-12.799415617863815,-2.200932721202207
41,9,-12.432092522613857,-2.064858242956916
42,9,-5.583185786403192,-1.7901698857294832
43,9,-5.862185383790347,0.5147708331048761
44,9,-6.4974991684212,1.7096435092626052
45,9,-6.5291811790339125,2.948853105270473
46,9,-7.857267614605917,3.243498876108106
47,9,-9.017939768549695,2.1399182654415654
48,9,-10.911973745745854,3.8967109473512664
49,9,-11.470233827029915,4.553756388301736
50,9,-10.26393999478114,-1.7483059173584934
51,9,-9.884245418798855,-0.6866243346933061
52,9,-9.234256380927945,-0.9628323600386466
53,9,-10.658201126581844,2.3767508627281586
54,9,-9.938193343798048,7.67117074332964
55,9,-12.523667487097555,3.999051040722179
56,9,-14.469060584974613,2.5761513603601998
57,9,-15.190336057290551,3.563474224293941
58,9,-14.11122175724904,5.669356750291854
59,9,-13.680824342152846,-7.659183826616527
60,9,-12.972351883961892,-2.1213734561320052
61,9,-13.332062413059248,-4.569870249902351
62,9,-13.844575177378829,-12.620496202357344
63,9,-14.10482850101198,-9.921712954235772
64,9,-14.191542620788823,-8.612743687592001
65,9,-13.691938366522663,-1.418249063236999
66,9,-13.83538152962592,-1.2766122410657772
67,9,-13.133560839144593,-7.32207321406031
68,9,-12.330091048162103,-2.57292790096767
69,9,-11.54932695912703,-11.345278296521883
70,9,-12.111624748886243,-8.68700007513894
71,9,-11.933281830158194,-3.977060148606597
72,9,-11.568675841414915,-2.6539510991967745
73,9,-13.395278046295061,1.72051420566072
74,9,-13.810352749978847,3.519635818045572
75,9,-13.633698242040737,6.306857569572003
76,9,-12.474085200578884,1.0191103576573823
77,9,-11.750538898755622,-5.617926790577485
78,9,-11.60915111524173,-3.6180039058533566
79,9,-11.393602022960295,-2.563808728384629
80,9,-10.899166019945369,-0.5712342719623393
81,9,-11.587805422526799,1.4179089192493848
82,9,-13.514300854923931,2.470174936332114
83,9,-14.637443812553101,1.0999973146156208
84,9,-13.868723081767712,10.804759841905025
85,9,-12.573045026621003,9.6993253466037
86,9,-11.452899336918563,6.943279454361573
87,9,-12.78042919640393,-2.502617000606506
88,9,-11.623126130026321,1.1787060720300815
89,9,-10.496901748878372,8.22562273498329
90,9,-12.316908951981532,7.213160669453373
91,9,-13.182743873400796,8.050043058566644
92,9,-11.851601516203118,9.486534469877142
93,9,-11.762405961052536,1.5915988767160343
94,9,-11.464676791933925,-8.436784423659674
95,9,-11.343182119357152,-6.441393083350022
96,9,-9.406465362844756,7.542761432736597
97,9,-9.812940156724835,11.383425621709875
98,9,-10.690912156758714,10.931899898723714
99,9,-11.310381580957255,12.942166246326451
100,9,-10.848349277503075,9.036930616444579
101,9,-11.895599980576662,5.363458691374035
102,9,-12.901762058525492,5.6565192549126095
103,9,-12.829291772381112,3.1358216106937107
104,9,-11.405547005992048,0.24091846097462621
105,9,-11.926518295133064,0.516868163007075
106,9,-12.401899662268988,4.1048763699593565
107,9,-14.494824068274283,1.7458246845762915
108,9,-14.242174421731761,2.9423137383337234
109,9,-13.59591234717027,-3.56660009719144
110,9,-12.719385826008875,-3.299695869257448
111,9,-13.258590980098234,-4.402322423829901
112,9,-12.72284519637833,3.96233928272477
113,9,-13.664221991475642,1.691656561719583
114,9,-13.314001094789091,1.7193206811384698
115,9,-13.088590950265825,4.5456869444312815
116,9,-13.658025554826054,5.318959520665658
117,9,-13.9501475099878,5.1794486907147075
118,9,-13.86926623281397,1.230432749804777
119,9,-13.197182763721685,-1.8427288423997652
120,9,-12.74629464445934,-1.7685188148361703
121,9,-12.137880084758763,-3.479641060748463
122,9,-12.680254755256101,0.10905548679079402
123,9,-12.148378959633192,-1.4698863161436293
124,9,-13.041312190780445,2.429558902913641
125,9,-14.820090417668325,1.884629808477257
126,9,-15.303045561048748,2.8017467078818754
127,9,-15.315283363296658,1.1262699357932888
128,9,-12.136067055188505,-3.239156990904803
129,9,-12.035533412658879,-1.2268118398594652
130,9,-12.498200410678692,0.52045482433914
131,9,-12.010285447741808,3.92695641902651
132,9,-12.80559749979966,1.0719304743915927
133,9,-13.672530538287901,4.629039081904693
134,9,-16.037014380917753,7.128367130410652
135,9,-15.968896822600982,9.004735214484299
136,9,-15.893372237881522,-3.046030272579628
137,9,-14.860614534272827,-2.3745686903471324
138,9,-18.107784399377124,3.2461475708701073
139,9,-9.769372660191038,4.238085576384492
140,9,-16.569881101079773,4.627091921335705
141,9,-17.522248561924243,4.952603397826351
142,9,-17.698978073518447,8.766957496824489
143,9,-18.47767863599347,7.665755338231975
144,9,-17.483739781518125,0.716124544574086
145,9,-14.804412451829194,0.5726817629533798
146,9,-13.74582867074514,-0.7719722859560534
147,9,-13.41796702965712,-0.46502124352991814
148,9,-12.630279442427309,1.8681819240860023
149,9,-12.054683279119672,1.6949447738275012
150,9,-12.876804868281397,4.174516688118274
151,9,-12.929694777949408,4.639695595103603
152,9,-11.857977427562219,12.79449301733348
153,9,-11.70585713980654,5.669656402475539
154,9,-11.247355815546143,4.767190115937865
155,9,-11.644031269658626,1.7376525891168058
156,9,-11.348315029063087,1.7774365116310946
157,9,-11.176046785234576,-0.48653948906121514
158,9,-11.140087590516487,-1.4854713769309456
159,9,-12.495654107762675,2.0320852624981853
160,9,-13.536438834756154,1.001989776998471
161,9,-14.233695463054573,-0.6982567696149999
162,9,-13.574379196189511,-3.823397312866291
163,9,-12.699856242679743,-2.856194706961105
164,9,-11.428114728492801,2.7545975131647538
165,9,-11.768504061858948,2.6154905530961514
166,9,-11.59873935041378,1.8898417995014825
167,9,-12.016526271952898,3.1419477918925622
168,9,-8.369174165300137,3.960109291406752
169,9,-8.672990457394008,6.131585455017557
170,9,-11.464755094202701,1.0621564988814498
171,9,-11.324075324541809,-7.017445622186187
172,9,-10.369166277925615,-8.91120071583373
173,9,-10.12556462439261,-10.485927551881105
174,9,-9.424592354780543,-5.6942245482755425
175,9,-9.974575198458297,-4.67037014745938
176,9,-10.396773466713967,-5.626429767177797
177,9,-8.00002488598875,-0.3625373134896108
178,9,-8.131015406054757,-5.29262468375282
179,9,-7.592202993087994,-5.564094215439127
180,9,-8.675661410138673,-11.93716884644391
181,9,-8.210734096213855,-7.5657801500315145
182,9,-7.20741430201906,-2.4741527529390623
183,9,-6.841785068801073,-0.12563938170023903
184,9,-6.782094446175506,2.3221950718407243
185,9,-7.220792639026513,0.26082832922884336
186,9,-7.73450450913333,-1.7231692507343723
187,9,-7.732191251715449,-1.1774462963862788
188,9,-7.899294288547026,-0.8004922020672893
189,9,-6.9918678943740815,-0.2959451264641757
190,9,-6.568798427238107,-2.8987505754130325
191,9,-6.67815948533098,-8.304443357932996
192,9,-1.5885007956658228,-6.094135991388839
193,9,-6.059664598854397,-10.428249447833423
194,9,-5.684242881139653,-15.264303133286603
195,9,-6.244277937392326,-15.84666338598754
196,9,-5.134657800409514,-11.39056995363444
197,9,-5.131117843203356,-10.154790622435485
198,9,-2.660843231472427,-6.444877987253449
199,9,-3.1150747996971404,-6.814525092984695
200,9,-3.23319822018766,0.4311146970412665
201,9,7.966288441281904,-9.89768060594929
202,9,6.456181905706217,-3.295865568549061
203,9,4.498569766827131,-3.981227913003977
204,9,1.860373978728603,-5.430958734870501
205,9,1.1194986373684515,-9.23752107853943
206,9,0.11760716118169512,-7.620371909377127
207,9,-0.8566607860839213,-8.89054053539553
208,9,-2.1641935409716098,-6.190615485820217
209,9,-2.5448857084293195,-5.9365532734072985
210,9,-3.800695435083071,-10.363900500758291
211,9,-5.929538186635,-13.58018082009039
212,9,-6.244463913390973,-11.650816466574497
213,9,-5.748378139815941,-7.198360972238788
214,9,-5.727870120197622,-4.809355348545068
215,9,-6.650343939747472,-2.707062059932923
216,9,-6.825940557733702,-0.47005309039127496
217,9,-8.32161468990762,-6.110634755717683
218,9,-9.00986234618722,-11.770453092492062
219,9,-9.16015728439561,-7.878538220056043
220,9,-8.826541264597836,-7.652502738740623
221,9,-10.172538339923449,-15.450341779207065
222,9,-9.166460843456662,-14.105917360551985
223,9,-9.543691076436517,-15.91070753293684
224,9,-7.62103278827999,-10.193948872710962
225,9,-7.377939562845313,-9.43874251829834
226,9,-7.797766198057616,-9.697806602011724
227,9,-6.492843495442685,-4.694855236688454
228,9,-6.829871048215864,-6.863786625483726
229,9,-7.559126027172169,-2.0729561697821737
230,9,-8.913873236021573,-1.1046663418555909
231,9,-8.968438009030251,-7.111524922436274
232,9,-8.321638058579083,-8.698076239784541
233,9,-7.7957749843717465,-10.513831018475457
234,9,-5.535610317077044,-12.856227450889264
235,9,-4.571368485437233,-10.641368698685483
236,9,-4.382141779025005,-13.090919913528978
237,9,-4.059920175162915,-10.308081692556698
238,9,-4.857114503246521,-11.478661984904193
239,9,-6.970134028150824,-9.990680510081347
240,9,-7.063483828138487,-5.8837985425252555
241,9,-5.912039821761027,-5.852703241328527
242,9,-4.414055968616594,-5.196754057313456
243,9,-2.9868225361051373,0.5880446187907182
244,9,-1.0489940883890085,-1.569462480275206
245,9,0.050145720776527014,-6.848319518045628
246,9,0.576114416204291,-10.730161082084578
247,9,1.6437971507930342,-17.084797854736053
248,9,2.5712266053869826,-15.19112471318931
249,9,-10.364092816592347,-14.539705079630721
250,9,-8.26540723087237,-17.479948215030618
251,9,-7.941109051730564,-19.11222877744035
252,9,-5.521707144328502,-15.556455292091641
253,9,-2.562738043072386,-12.056824165563512
254,9,-0.17863502491945837,-11.000836090193161
255,9,2.7832550419880135,-11.21986515699632
256,9,4.673070908807858,-9.890001790825863
257,9,5.199917671997355,-12.564087113232063
258,9,4.274265275262223,-20.77346374293529
259,9,3.6671307157794217,-25.505026814062376
260,9,3.8274068448499747,-27.481377795840444
261,9,6.4920089449915395,-21.08400446722885
262,9,8.789490858469435,-13.639586165495075
263,9,7.650982356617533,-19.68246443042858
264,9,7.023181701286376,-21.15664721774192
265,9,7.392817985142756,-25.373018301587535
266,9,7.6000366827147445,-21.02049369700717
267,9,8.93361111622653,-22.358334413587954
268,9,11.859302494231997,-18.533103971050878
269,9,13.938290665561908,-11.759296783835225
270,9,13.5221143572453,-8.132167080783802
271,9,10.947582643534588,-10.829898305070628
272,9,25.298298949323907,-18.17900692795388
273,9,8.8435309999104,-20.868784350003807
274,9,10.773551530435725,-15.065151073669767
275,9,13.263140530179953,-7.822641458838916
276,9,15.030593347067224,-10.176705475625113
277,9,18.454052670845158,-9.943353997419536
278,9,19.019241315567342,-10.175214883242688
279,9,17.89884303337749,-10.280101630839454
280,9,17.377364054085774,-15.738623492141414
281,9,16.653293089098952,-10.713015562425198
282,9,16.417748158867653,-8.879233094473648
283,9,17.392452854714975,-5.72726730339582
284,9,18.92446995039245,-8.856533896148903
285,9,19.828307578391104,-4.978689836499825
286,9,18.91755750833636,-3.2147680442769797
287,9,18.030655726108307,-11.52700597703074
288,9,16.153096120014197,-14.395714983071798
289,9,15.694092333324988,-9.428886514884425
290,9,18.430537084329444,-3.9977275259197995
291,9,19.633116727607558,-2.1232942477965935
292,9,29.75038214936376,3.2824920851580828
293,9,30.614843416872645,1.3020393437675466
294,9,28.173242701576783,-5.695694152812621
295,9,16.286244305127184,-13.323677789887597
296,9,24.8028536449101,-12.440550255722655
297,9,14.436304531445785,-14.83364132840984
298,9,23.65184419534762,-11.736014164901235
299,9,14.157264510302412,-3.6061920659285533
300,9,25.141164303409823,-2.636972238840599
301,9,20.976211735474863,-2.32285267318548
302,9,23.52105188306632,-4.025850832047695
303,9,17.12546879427373,-12.87454398757302
304,9,15.604725062726175,-14.156235960456797
305,9,21.197169042504356,-8.22596077799119
306,9,20.627475506089468,-4.725176409670212
307,9,20.330870430360847,-1.595042133218044
308,9,17.13458458284913,-0.6908604502222033
309,9,18.41717509544287,-3.4031236456393117
310,9,17.607861903529738,-11.921084793932778
311,9,15.873382321847203,-9.493610988047521
312,9,15.441035520523656,-11.086627069913106
313,9,15.658403504523449,-12.365987204089379
314,9,15.493536486414087,-5.6052054618091915
315,9,15.65882217412127,-1.1775190067033918
316,9,16.148855346996243,0.5967506670857574
317,9,17.24325430799672,3.332854060178306
318,9,15.727358836369604,-9.843459019517013
319,9,15.163631463955426,-13.695728518546161
320,9,16.08636056933028,-11.240120787559817
321,9,15.678158178418016,-12.064710624876056
322,9,16.852069394538375,-4.46639330068831
323,9,18.04666739856748,2.832435672793622
324,9,18.428326235141867,0.1863846379341112
325,9,18.687822367102854,-2.3237107853523185
326,9,17.484835889172246,-6.892255537444157
327,9,16.79655227299463,-11.28379585024129
328,9,17.275431002412006,-10.317629866709694
329,9,17.115438347687814,-7.848831041205472
330,9,17.132865687184676,-5.604253924573982
331,9,17.916976900011832,-2.227250451484224
332,9,17.457844419294815,-7.5718801321837645
333,9,15.091081626770574,-8.370411388931416
334,9,14.993152393480159,-6.6819306478465705
335,9,14.82149503806886,-10.772520953533558
336,9,14.889989998000601,-10.725974566337982
337,9,14.239917795457586,-4.234976368279945
338,9,16.161349815705762,-7.3432918532635085
339,9,16.289227438887792,-16.689063127298482
340,9,17.153254988005756,-8.550400394297412
341,9,16.742596515337027,-6.425454054887723
342,9,18.000590320205447,-1.4789455238604887
343,9,18.078312551752788,3.915822435343557
344,9,17.63560838390822,5.628400149347499
345,9,16.316248462165277,4.602047320522843
346,9,15.91926851820881,6.540058716675844
347,9,15.878848557485071,0.9943790203142271
348,9,16.214137216314157,1.108847927091574
349,9,15.797680288611446,-0.46021082269328417
350,9,7.564922823302368,5.1088040365094685
351,9,13.486764250670603,3.130252665685589
352,9,13.144313451284688,9.082729314520066
353,9,12.315113562076476,4.399819030669164
354,9,11.926555066265792,0.02644779001718689
355,9,10.794944305475838,5.773009467906377
356,9,9.177299208922705,3.4203032425971287
357,9,8.003376583091267,9.635043859349707
358,9,9.953240908934276,25.06380975248055
359,9,7.070703085764762,17.07953809458286
360,9,4.6441065219833035,8.991282763095683
361,9,3.4600582336888692,1.9056702137245338
362,9,3.901868431472394,0.0467109493922635
363,9,4.145034814132487,9.32712068808587
364,9,4.787019739986135,19.649825228334407
365,9,3.9740670244827925,15.436721610936615
366,9,2.058001171451906,14.925061763817439
367,9,1.0074126121990048,17.428308433290226
368,9,-0.0001784469095582608,21.988791575252662
369,9,-0.8712558238557904,23.61815338412748
370,9,-2.3317135876195607,16.466988702468257
371,9,-1.4859033386055671,14.335111586362927
372,9,0.6802617421417381,14.723475103609076
373,9,3.157719574081966,13.553550334621264
374,9,1.8536402228874067,12.984216016415871
375,9,0.3157081896197269,14.183183406483181
376,9,3.1357309147251726,7.919766810159217
377,9,4.877570106615167,7.431434476562572
378,9,3.8114882198578925,8.215862601139861
379,9,2.662970181194396,3.6381764938925016
380,9,2.614436432349976,5.239325515324026
381,9,2.8697206250781164,6.042096772893501
382,9,4.475617368299027,8.324344418223745
383,9,4.840132465023089,7.825830371297684
384,9,5.5267620365884795,10.989276449450017
385,9,4.959034611323659,5.619020465310086
386,9,3.871980398846972,4.094908095818937
387,9,1.511677229020279,2.8944309013593283
388,9,2.579130589086162,4.233927400851144
389,9,3.040477618654222,6.938295893235818
390,9,3.8083958503348185,11.145571684282686
391,9,4.054053825973824,6.645761990492929
392,9,3.294883018514156,5.408684810167415
393,9,2.3640075962657647,6.636207959629473
394,9,0.7596274471025026,2.724647983693103
395,9,0.2931706804265559,7.328956957946957
396,9,-0.0994224256819507,7.591537050096349
397,9,0.43500665655938064,4.976237844733532
398,9,0.9439046545312522,5.8902808723444195
399,9,0.7298534985829974,4.831957959600686
400,9,1.3652221172269492,1.6416408640179725
401,9,0.941705269351587,1.0671402269877035
402,9,0.7956306273717928,-2.116138742098201
403,9,0.6619310527794369,-2.013326067713706
404,9,0.12110186043810245,2.3347185921045366
405,9,-0.36041234702406655,-0.32756197120966135
406,9,-1.278140283166067,-1.384929384486668
407,9,0.2794424418143535,-0.9246688588016241
408,9,0.3916261694712375,-2.5686075432138296
409,9,0.048761200557237316,-1.9019383955649118
410,9,-0.14287361089463957,-0.9121665052798562
411,9,-0.5862477878117716,-6.325544696343513
412,9,-1.200093833766914,-7.002549501134581
413,9,-0.1768318858667044,-9.708945737122804
414,9,-0.7583110114146621,-10.950402630792723
415,9,-1.2837585543129535,-12.123660902738266
416,9,-2.148235882618792,-10.532396473711742
417,9,-2.03319323807591,-10.313015565318437
418,9,-2.592792623645437,-10.96759137174854
419,9,-2.3688929873642337,-6.929851880029901
420,9,-2.8324647987874414,-3.5209865775091203
421,9,-2.622839077390381,-5.695174083124584
422,9,-2.44204590542995,-3.209785789796115
423,9,-1.8789531266202175,-3.752409389262766
424,9,-1.5983837452104126,-6.408752652518501
425,9,-2.178846851801609,-6.367343694730721
426,9,-1.581106190185892,-6.563474438515186
427,9,-2.225252437308882,-8.65789212950915
428,9,-1.9362608157007344,-6.109922432367966
429,9,-2.325785111651385,-8.728746393580082
430,9,-0.6679147934100911,-9.020005299848549
431,9,0.19651502821034228,-5.745329508948203
432,9,0.34161999256502895,-5.991362968466888
433,9,0.28292604629314155,-9.193585503865961
434,9,-0.12745328950040857,-7.53746898234408
435,9,0.03425645433799218,-3.4705978458156324
436,9,-0.9123590492099538,-4.116527010667596
437,9,-1.5370186352065502,-4.705036983865284
438,9,-1.5427238447382479,-8.441088968890654
439,9,-1.6936366866166281,-8.291717271856669
440,9,-1.6986196296256821,-6.985443470491759
441,9,-1.6787831424326214,-7.069262540958675
442,9,-1.9246772976066495,-4.995455834578479
443,9,-2.405245426593865,-4.198342974027128
444,9,-2.0699067709692827,-2.0899693590475863
445,9,-2.3548133106141904,-0.8914630519213915
446,9,-2.245733279349224,-2.7029521608380946
447,9,-1.8312306493762662,-4.703418719691172
448,9,-1.7725418749032542,-4.45887554070498
449,9,-2.7925669037422267,-0.7874496308479593
450,9,-2.4140118492405236,0.9020691941381074
451,9,-2.472447335445395,-3.662647898495379
452,9,-1.2843097687409681,-10.633052197886741
453,9,-0.9057275797986222,-9.583150091542166
454,9,-1.1865724096251142,-3.0362940843167507
455,9,-0.2994729638330682,-9.18303967645113
456,9,-0.2398176448950835,-10.186051612931465
457,9,-0.18092914016415307,-9.167148728211373
458,9,0.012805238333385205,-3.270919752443092
459,9,-0.22904636677321832,-5.352979722770442
460,9,-0.4103992287100482,-7.390707504000602
461,9,-0.43653014737901685,-5.919435949150511
462,9,-0.3891269620253297,-2.9071999562712563
463,9,-0.46343853247981315,-3.988699510477886
464,9,-0.5483639746971676,-5.134106458862334
465,9,-0.7251511345230028,-3.074195025212248
466,9,-0.6606029672902878,-3.356190328283674
467,9,-0.6986336681038665,-2.427765528248642
468,9,-1.0701408290015024,-3.269709556826001
469,9,-1.76041847282886,-8.400344088264546
470,9,-1.6930846840032245,-2.582802803206391
471,9,-1.392353329456455,-3.8983895198272194
472,9,-1.3677956998235459,-2.642665438789436
473,9,-1.3110574705024192,-3.915182252882005
474,9,-1.4904738415052634,-3.567836032056107
475,9,-1.138014220164223,-5.763308914677964
476,9,-1.2084431793682597,-6.135825636725485
477,9,-1.4741200335374742,-5.244212195435239
478,9,-0.7006940198552911,-4.899317607322246
479,9,-0.14482531916382868,-1.8153872649086225
480,9,-1.2241989161830134,0.6937047319540852
481,9,-0.8858497875471585,2.4608238711974764
482,9,-0.8101240893274735,0.5640325101833241
483,9,-0.9329032004679902,-6.315070428533886
484,9,-0.6923733518569861,-11.422038361893101
485,9,-1.145647179212574,-6.784083860165083
486,9,-1.3138858015336154,-6.201478207531409
487,9,-1.2018177506151915,-4.648614837244963
488,9,-0.7504352747100711,-8.052331955369255
489,9,-0.6845295132134197,-8.099995603906336
490,9,-0.8540700350476982,-5.098084462615702
491,9,-0.3853212044941756,-5.09973905143886
492,9,0.6521461523107064,0.39433834364047016
493,9,0.4629898285747913,0.6519668859374406
494,9,1.721313406450463,4.825279450137714
495,9,1.8858105014442117,6.340057526855958
496,9,2.1270140875631114,6.128503929600811
497,9,2.1289027224247548,4.291371380270675
498,9,3.244916338781877,5.473389502490818
499,9,3.684561449589637,0.23360024792634704
500,9,3.402275304135401,1.503406363582826
501,9,2.916774384908422,2.0171356710957298
502,9,2.725069723293018,2.838451533000125
503,9,3.034245446307068,1.2306170078473997
504,9,3.818935133022933,-2.120485603926795
505,9,3.8781955014983396,4.159928647071183
506,9,3.8206794714496937,4.032859729918073
507,9,3.8139256438771554,2.0902913817317312
508,9,3.887092654827029,-1.4224136252090602
509,9,3.585172617848002,-3.56823425044945
510,9,4.457238449503166,4.383750224747928
511,9,3.1756363577678712,11.646626507850897
512,9,1.9908235841430724,7.765328645829641
513,9,0.919388794131919,9.530350316718568
514,9,0.4364874336824869,4.667857092433678
515,9,0.08254164759728155,6.553770086449958
516,9,0.03023583916001371,5.341577520441547
517,9,-0.44069226648025506,3.3740720193723064
518,9,-0.5776443405338796,0.7198734468234989
519,9,-1.6910578632550823,1.620368018719887
520,9,-1.2499671058203603,0.814899254923148
521,9,-2.7740427183343854,-4.327551943892445
522,9,-3.262093764356905,-5.675532813597215
523,9,-3.4110147914216213,-8.181445246405701
524,9,-2.6648759201398207,-8.293356511282582
525,9,-3.0931914637394584,-13.552058850054095
526,9,-4.1300353468514,-14.34987098731142
527,9,-3.2309948601896394,-14.174208445796921
528,9,-3.6890745212913316,-11.54579413529018
529,9,-4.290875279735701,-14.225637408073112
530,9,-3.7841435119617017,-10.523029892712316
531,9,-3.289999617468311,-11.169015404713946
532,9,-2.819107086207623,-6.203894922003883
533,9,-2.4516314108295774,-6.0481638146104615
534,9,-1.9156211529898428,-0.10355540597527124
535,9,-0.5288150088945258,1.4938062185681247
536,9,-1.5777675018134687,-5.2087482238578104
537,9,-1.0889541849792295,-3.7325585413705085
538,9,0.28055650955229794,0.22750486975667172
539,9,0.390685316156123,-2.7838661572736783
540,9,1.595855565245074,0.15950242386099944
541,9,2.3978293544951157,-0.20103522714862265
542,9,1.926238653173641,-9.604630250253763
543,9,3.7217498504469404,3.786643609364546
544,9,7.251539851493362,9.62455089868024
545,9,2.2944365760704386,-9.082846684928313
546,9,2.6128190038543835,-10.536765856831153
547,9,4.010203970850853,-7.586937825605673
548,9,4.9748392153796885,0.3081989595665391
549,9,4.5185928834371225,1.4015620164881284
550,9,5.211590302314107,2.4247281268611687
551,9,5.923680146244806,1.7458459308202237
552,9,6.092590210589151,4.229335469731723
553,9,6.2530288637372,3.3125116069883234
554,9,5.526055744430778,3.157567352036267
555,9,5.594372259582997,-0.05361016933568408
556,9,6.962374738726794,1.6991035867716846
557,9,7.006618771357353,6.529095090759938
558,9,6.6277937804243265,10.091161041200394
559,9,6.361342581687495,11.537451434622994
560,9,5.676453953495184,8.188571557020396
561,9,5.279114866479176,9.162981014529123
562,9,4.548115346759914,13.536369058954847
563,9,3.6191166051385153,12.601941263957201
564,9,2.858588698953099,11.206355416291444
565,9,3.2963466312476157,7.3621464950500695
566,9,0.667677437333623,0.01103529855117813
567,9,1.3258339845106093,2.2599962365877673
568,9,2.3183711349975056,-4.825863744954177
569,9,2.6553839001453525,5.3605924331461665
570,9,4.858896562466725,17.620666624572095
571,9,4.764431949476602,17.605622824211082
572,9,4.865494988764112,12.79773194539905
573,9,5.915839547869837,14.42820351397836
574,9,3.987138482260889,10.761464366539485
575,9,3.509139614475316,16.986074368999084
576,9,3.8986695634548596,17.69259375411673
577,9,5.748432163801226,16.100613197316534
578,9,9.317570312211501,16.80844743817397
579,9,9.437572579536209,15.53715787683575
580,9,6.732316672976594,0.0840669177827067
581,9,6.360387194033137,0.6071329363267068
582,9,6.74618263328739,4.871590467683404
583,9,8.295606649181536,10.342391190257331
584,9,8.554931642003794,5.863598673976071
585,9,7.734337211463753,2.791490238125448
586,9,6.853895358703085,2.935806239024487
587,9,5.792385974741592,2.4521266703836773
588,9,6.319254576535968,5.627086244454631
589,9,5.134329514044111,5.36200512875314
590,9,4.2722418647508675,1.7875457326094875
591,9,2.988300407829229,-0.15097046408106962
592,9,2.4829164374323227,0.2586502600053109
593,9,2.9307892713641195,-3.587967464762869
594,9,1.988058334904963,-9.19987825996202
595,9,1.643428807602504,-11.151570989848437
596,9,1.055887153553158,-12.259347102729294
597,9,0.26161013102591824,-11.791078718708945
598,9,-0.4812881687803383,-10.858983892071137
599,9,-1.262604470091901,-10.109209834317653
600,9,-2.460459676112805,-10.25406105217121
601,9,-3.1833653819549,-9.631546299411752
602,9,-2.306884831147727,-6.62216279963252
603,9,-3.8382575253745017,-6.8529026862764795
604,9,-2.221438800554097,-4.1471639015047685
605,9,-1.491861644657547,-6.0193399788358875
606,9,-2.188739474428985,-1.7048338497613713
607,9,-0.4471077545767912,-2.740885452731959
608,9,-0.6903989251686653,-1.9085641855423319
609,9,-3.6666605855552916,-4.699819777032417
610,9,-0.34632314584632695,-6.489192640982878
611,9,-3.0853369635851777,-7.442355977958641
612,9,-1.1035639764977532,-8.855685454699483
613,9,1.379274521133084,-5.122211144426046
614,9,0.13204728809523658,-5.83311791364838
615,9,-0.5994188559170652,-2.2742708568484886
616,9,0.8710410078183486,-1.7557513154533808
617,9,0.7498871137331662,-3.2429050415939855
618,9,-0.7447591497366375,-1.286837168020611
619,9,1.456543789290663,-0.2866677065752583
620,9,0.6036481443097728,1.315485898936231
621,9,0.6505437628429718,-3.909449099506901
622,9,-1.3481315972248922,-4.705507781286201
623,9,-0.5207240992394873,-4.583791838383945
624,9,-0.5170532921047197,-5.212931808098688
625,9,-0.2894055307551753,-5.762462699440789
626,9,-0.26751676141702774,4.7358704651036305
627,9,-0.8053643866724087,-4.343380128631679
628,9,-1.2009183047657643,5.421392449221344
629,9,-2.4673035155265097,6.314589866574011
630,9,-1.329204418471818,8.037239756644112
631,9,-3.8721255794152967,7.103276350485885
632,9,-5.697626375013897,6.836998867968191
633,9,-5.266374519735109,3.365698406801016
634,9,-5.901272798018908,5.335876800004371
635,9,-4.215911079588295,1.5135056803061389
636,9,-4.026546811041044,2.562472829986973
637,9,-3.447010838848655,-0.1525019883446248
638,9,-2.4728119543497087,-0.5824618382082463
639,9,-2.395585322536135,-0.7430366558681953
640,9,-2.1257528962323704,-2.1530300763305377
641,9,-2.78184271653663,-6.222491983587815
642,9,-2.3095497142830936,-5.30590536114471
643,9,-1.8265424100964083,-7.279093627719931
644,9,-3.521201741024015,-12.057860361996177
645,9,-3.556617078866111,-6.8304258402416735
646,9,-3.6247042332461206,-6.423911083950657
647,9,-3.438939008698071,-3.791169649426706
648,9,-2.805569264170117,-1.13303672503514
649,9,-1.7907515445331228,-6.0195625688969585
650,9,-2.1777439338111435,-4.033353383935491
651,9,-1.7593040351657692,-3.6907614090404195
652,9,-2.5936548334384497,-6.511549986912769
653,9,-2.5212067736474637,-1.5686111868819808
654,9,-2.445366440637372,-1.0292901552207923
655,9,-3.4843886180369736,3.252966941055547
656,9,4.078048360515822,3.166986969902041
657,9,-3.1334347177116797,-0.27340370629190147
658,9,-2.728621045908767,0.10064498552435452
659,9,-4.8803101364428585,-7.55832130430997
660,9,-4.7937007118334805,3.7250361833628176
661,9,-4.730027397153208,7.731860104230691
662,9,-4.817022684791482,2.1940587926351327
663,9,-0.6265501577563555,8.229140910708793
664,9,-1.3071475204324088,3.6755704231046593
665,9,-2.54839633111078,0.5551405666104756
666,9,-2.4552663417453005,1.4742634345535635
667,9,-3.374861921322008,7.433365116137111
668,9,-4.432936421717386,2.6987076801287913
669,9,-4.694285332198888,-1.9272556563682883
670,9,-4.094852398729927,-6.286900355162402
671,9,-5.382927521905003,-2.1475907102178553
672,9,-6.442707904540839,-2.0876881733162236
673,9,-6.4040988473680045,-5.186643207040106
674,9,-5.886686019191984,6.499674081615012
675,9,-4.741509040129131,2.8525214402826577
676,9,-4.588571375365973,3.1681269321104537
677,9,-4.700798955869686,7.3735385132115425
678,9,-4.712254741039942,3.113013102784521
679,9,-4.1414428532089005,4.253448148919119
680,9,-4.101962257465857,1.0057634244519704
681,9,-3.515958347007654,0.7066036877376973
682,9,-3.888129901973116,-0.6453056225996079
683,9,-2.202267808573197,-3.918545976059022
684,9,-2.314054607043545,-6.752305684422936
685,9,-2.660401528991315,-1.226877400805165
686,9,-3.182386202309317,0.2775505048167588
687,9,-3.5525947304568035,-5.29051364554698
688,9,-4.659279968465853,-4.450881933831738
689,9,-4.641911041858293,-1.7431618133897473
690,9,-4.247274188381198,-1.1069909400341658
691,9,-4.409853679639127,3.733812521202026
692,9,-4.15849759343655,8.482693438378078
693,9,-3.9399665934079167,5.484087314498311
694,9,-3.188980891850406,7.421065869666791
695,9,-3.028031587825353,7.111043176237104
696,9,-3.0018470707882443,8.604724713569112
697,9,-3.593749043169737,8.08642966894513
698,9,-4.036082176293348,8.72834417868171
699,9,-4.974822581932131,5.310320744309138
700,9,-5.337734678217203,4.392247015988573
701,9,-5.564632095187335,3.9633927193748377
702,9,-5.458186508119979,1.7773489927748187
703,9,-5.298314273274627,0.8058373931810365
704,9,-5.677101006906923,0.36540186643844663
705,9,-6.128685219504405,1.3184604357738863
706,9,-5.989918403802221,1.1468102914337805
707,9,-5.5300331492790065,4.379897940976434
708,9,-5.224777312947481,7.427535123785219
709,9,-5.635217734451544,5.470128965008712
710,9,-5.712292232093205,5.742700532973913
711,9,-6.072755739106469,4.540163513630205
712,9,-5.999238776090351,1.6541158455378309
713,9,-5.833171804866652,-0.9310802249948438
714,9,-5.966333934868999,2.3273023949050184
715,9,-6.0047381971107825,2.0719164708417566
716,9,-6.2899099105998175,-2.5056936850573948
717,9,-6.438207748960849,-2.8517424524301305
718,9,-6.223819580774034,-5.817615836418895
719,9,-6.400021609014402,-7.003707339890866
720,9,-6.34708164892163,-6.97762331141962
721,9,-6.094872609561207,-3.3095461273029514
722,9,-5.47777199342363,-1.419777868763731
723,9,-4.459647832753944,-0.18996274843073024
724,9,-4.183730284380545,-3.9731704669984538
725,9,-4.374370574370914,-2.0817671481623847
726,9,-5.0109536742393175,-0.7643901326468949
727,9,-5.147024080197298,-1.168234099590677
728,9,-3.4195123450890605,-4.110559915407407
729,9,-3.916602973979934,-3.90030397208011
730,9,-3.514504768293591,2.186659273454552
731,9,-2.7658828976573204,3.9802984055988873
732,9,-3.3861214446324084,8.617349467895224
733,9,-6.148417643796165,27.85100735457229
734,9,-6.23138020782244,22.04445795518791
735,9,-0.9993547211406621,-3.6921346645300446
736,9,-1.3676406598742687,-12.251552142167498
737,9,-1.8644983783615316,-14.10579592465399
738,9,-1.7281395293757669,-13.845516147632566
739,9,-2.188370265041158,-13.91802075241776
740,9,-2.310299839918116,-6.683557078748095
741,9,-2.1953217079480964,-4.328926963485742
742,9,-2.438704421049806,-2.2001683232807636
743,9,-3.9898098589883375,1.6228570511473208
744,9,-4.265829814292374,-0.40939462265600923
745,9,-4.849821165706999,-4.945941359345966
746,9,-5.384500509510872,-3.629011294549059
747,9,-5.120807764526944,3.2698274311596833
748,9,-5.3801155986611775,3.082952254519796
749,9,-4.300091854787752,1.2819187629869475
1,10,0.14893174672852183,-0.979833493512615
2,10,-4.283581744201001,-3.4873746657390257
3,10,-4.86835482299648,4.382216305830752
4,10,-5.658776261976527,-1.5987266348838602
5,10,-11.1337248338059,-9.62096330118402
6,10,-13.492598916184761,-0.18889284167153164
7,10,-12.283274679609349,-0.8571442358315835
8,10,-15.571464428208856,-3.891194312515836
9,10,-11.763264521897327,5.114340865273789
10,10,-9.595764507441345,7.599536768007056
11,10,-11.176239356551378,2.3972758871254882
12,10,-9.401019696435469,3.785262313356725
13,10,-12.499735898459221,3.632576092882573
14,10,-13.713002814762149,-0.033676541080239986
15,10,-17.333137832136345,-9.330924571042033
16,10,-19.230653524445188,-26.098121354007162
17,10,-17.625162383273164,-24.965210976013623
18,10,-16.228266016795715,-27.493759867501467
19,10,-10.74668845972974,-0.8739179371782484
20,10,-6.237290662092164,17.675846353541147
21,10,-5.683475025879488,16.767164614038393
22,10,-5.535569287038015,16.456654812956458
23,10,-4.967130057619215,13.037863762087909
24,10,-6.159265932620656,10.643697342502492
25,10,-5.831892969174078,13.147527983835062
26,10,-5.823886757520086,13.130978305692679
27,10,-5.268946981366753,16.103199025089907
28,10,-4.8161264063801354,18.26012538411942
29,10,-3.6994471413463543,18.379930400191824
30,10,-2.4189715044094555,20.858697025285437
31,10,-2.3281735026275783,19.896689722917017
32,10,-3.7862482742102657,16.245754090673927
33,10,-4.5560273663804765,9.113202895762697
34,10,-4.389071888803301,10.549058476002756
35,10,-2.38877416068226,14.541736170719105
36,10,-2.2533866998592202,15.35918573341587
37,10,-1.4545233150183776,12.85644381691327
38,10,-2.2966139918080444,15.966012566331756
39,10,-1.1826028786545066,21.079486576224554
40,10,-2.107430484638826,19.71974591688422
41,10,-2.1651868870976614,15.179221426030836
42,10,-17.787299299268852,-1.6738139055814827
43,10,-14.906305417978729,0.7942618145079905
44,10,-14.723609619443778,-6.738700659128426
45,10,-12.619477638440003,-1.6794146188003651
46,10,-8.763492254201083,3.2949881028248456
47,10,-5.76302840927201,8.948510046903266
48,10,-5.738680152509005,11.20532355290743
49,10,-6.567382745046416,11.901941418154365
50,10,-6.235444570887012,9.85921726082006
51,10,-4.248348691593492,8.396893410137181
52,10,-5.778343928858703,9.736598326442163
53,10,-3.6442959601326947,11.856666237344598
54,10,-5.366276644423124,12.585059397198165
55,10,-0.3405591737346185,16.734931729957225
56,10,0.6607369306248074,13.910724253439184
57,10,-0.07489061306841904,9.065704291063867
58,10,-0.2755641277799441,14.965886263668835
59,10,0.24530402627897274,9.14046376484066
60,10,-0.3744436104007036,2.252938943150184
61,10,0.3879062594478455,-4.194808299712804
62,10,-2.84849207845582,-9.055107655864504
63,10,-3.268237871384372,-13.286222839827587
64,10,-3.067461129135154,-17.885141341192593
65,10,-2.1681743343424387,-8.559761494711893
66,10,-4.681753958673653,1.6083080238076946
67,10,-5.214869988165447,15.991223382945918
68,10,-3.1612141855403024,15.196140253619433
69,10,1.7310064991243053,28.351872671669298
70,10,4.273964416189301,31.49104553816869
71,10,3.6569872460004262,34.21526613383912
72,10,3.0671408926455115,34.26772685724245
73,10,3.0349798393062883,35.36673557883887
74,10,4.840755763558263,44.88639245439708
75,10,6.4106576581853005,42.80166831695169
76,10,5.406398732524394,40.03479806981932
77,10,5.045110887063856,30.45663256900707
78,10,3.976294421928287,29.054850788189924
79,10,2.7368971790865544,24.375525424445186
80,10,3.843389905501681,11.874724866087945
81,10,3.096994658017138,4.53754004336588
82,10,3.732500928917034,6.08783015498193
83,10,6.936044927988405,2.7231868057529027
84,10,4.901244420744661,16.44373624531636
85,10,5.4626962326992725,16.764690202194743
86,10,6.099819912322346,16.25189080484097
87,10,3.728033814271839,10.960546907701882
88,10,1.2729538405837957,14.530934564844756
89,10,-0.22526320636643504,16.88687819635925
90,10,0.28896296248240105,-1.4364901787903364
91,10,4.754120404088098,0.6121011925279163
92,10,-2.6126188153857584,-2.558697226301774
93,10,0.9787863621259021,1.3870295201459157
94,10,2.937261993428365,-0.003549036504864489
95,10,2.9977059462325997,1.7024247973449746
96,10,1.5474502617544204,24.04670667618302
97,10,-0.11404190444227424,21.632971246705438
98,10,-0.8604654172168011,17.25433858599763
99,10,-0.5369899588395128,19.407272283989187
100,10,-1.3388248798128188,9.285124826978517
101,10,-1.8179163399117897,11.056325530452341
102,10,-1.0815342452688128,12.67292743418102
103,10,0.05711227510255412,16.51549490166235
104,10,0.7173441853547047,21.36799136530044
105,10,-0.06594459908046701,21.192362959676302
106,10,-1.6034155016823206,21.26708482790582
107,10,-2.368968142774065,12.317948255485135
108,10,-4.714368122517044,6.752813883169438
109,10,-4.492440998275015,-0.08827128728125899
110,10,-4.8283823427591415,2.0999469767834853
111,10,-3.309823198637787,9.978566110567044
112,10,-3.2242347307865202,13.275729439082625
113,10,-3.9723348968673236,18.89737821771587
114,10,-3.510455773220201,17.576849955370108
115,10,-4.104185206867442,14.321153740560476
116,10,-0.5588261253396922,20.417450892992747
117,10,-1.9282747045836004,14.530851646668452
118,10,-2.8333878480834755,11.839611402993796
119,10,-3.5022891815578987,8.408969940649513
120,10,-2.024165116919903,11.248209239970492
121,10,0.105303238243323,13.650628015790062
122,10,-0.4276191546714472,14.823406902999523
123,10,-0.038883980722857814,13.746419812343447
124,10,1.8849613174761544,18.669987244981712
125,10,-1.3300439774066035,15.762030141006562
126,10,-3.8397751385746233,13.706244421494375
127,10,-5.826831414017761,13.418705467999644
128,10,-3.880920848495407,5.091174695086465
129,10,-3.9926215786417742,12.100279022245104
130,10,-4.428911341640742,15.844344641140196
131,10,-2.320402967964583,18.666865057522955
132,10,-2.216922761979731,17.62857618952421
133,10,-2.3768354320282015,18.953524271254537
134,10,-4.608948911871266,16.501870850750947
135,10,-3.8118964559071173,20.074011913650793
136,10,-3.124097860612892,15.678176558735686
137,10,-4.528437426573873,11.230793791176893
138,10,-4.4073720296601095,11.218719924056131
139,10,1.513191942173762,22.3406007671897
140,10,-2.17260546757916,18.911493540381798
141,10,-2.0566397500879248,17.191752289423675
142,10,-3.4667996602265703,17.15992121595218
143,10,-5.420539469149844,15.128788728451127
144,10,-5.484051395458664,11.830981981470359
145,10,-5.920102849959676,7.043364201928398
146,10,-5.551137045962605,7.778433697725177
147,10,-4.7329577066348065,13.713840922987401
148,10,-2.9862112480509495,19.024655680427713
149,10,-1.0215892991122928,19.269120557050883
150,10,0.423356063582105,26.883407013071064
151,10,2.1896641559319505,25.740576147321917
152,10,-0.026528010902893584,20.364758941974742
153,10,-0.8595357519875506,17.099361228016733
154,10,-2.7055483790322796,12.729564273021424
155,10,-1.4261882056894137,12.885399638108083
156,10,-0.06554598668253675,16.983132692570962
157,10,0.9700610117756696,16.024637254621666
158,10,3.447442146602043,21.238376940555554
159,10,3.290627343514643,24.506137694912013
160,10,2.822163517960689,25.181570457761154
161,10,-2.48452912327366,13.810202905136066
162,10,-2.6331687199271983,13.285772820007878
163,10,-2.4834326006066476,12.50156409934516
164,10,-2.4379346840305516,13.002649836817
165,10,1.2989983804823169,25.882246525320625
166,10,-0.21673597489234453,23.810310763241432
167,10,0.41431514056466767,25.397802666286225
168,10,3.4909209215124974,36.85306628002127
169,10,1.8670525516645284,30.757166222394517
170,10,-0.010299434648459282,16.010251726635033
171,10,-0.6483754680257334,10.255530368902328
172,10,-1.596699765359972,6.168543744356612
173,10,-1.822708576124569,5.1211353838698415
174,10,-0.29860799817925,10.972346587172979
175,10,1.2454529015958542,16.219255165256982
176,10,1.9595985839232526,18.411376465750436
177,10,2.740204447868109,22.24777133124644
178,10,1.2722802201687955,18.69602804535134
179,10,1.4059528873317504,16.724651773197365
180,10,0.38986791079742034,14.716278867756955
181,10,-1.9643144807664612,9.288112166223073
182,10,-2.018775188194013,9.047250770782739
183,10,-1.5357572547927703,10.760824986292391
184,10,0.810088416997587,18.55719915143527
185,10,-0.3574737613839716,15.399838205037668
186,10,1.165308755413207,19.19830376241589
187,10,2.3347353945760005,20.603942158078098
188,10,1.586231138194762,18.19791900590826
189,10,0.1408586274164918,12.41850607195829
190,10,0.38396297222016074,11.543596503356639
191,10,-1.491770161360364,8.48477053663919
192,10,0.9770780111698514,21.18911400696834
193,10,0.9175791408401892,14.222355626034187
194,10,1.1545201169533357,14.327358830293633
195,10,1.60349872337747,17.092225607155342
196,10,1.7154312081947864,19.240139315294982
197,10,-0.11410790542640825,17.652936481346842
198,10,0.1605236248260553,13.101330087477436
199,10,-1.9638652734870448,8.884172956857583
200,10,-2.5345564988638216,10.338589455183865
201,10,-2.9636072418725234,19.97153471722686
202,10,-2.121252747302151,25.034667320522203
203,10,-0.33309374844748163,28.688787616190893
204,10,-0.39317218398582554,26.486179938837267
205,10,-1.2403295057988544,21.83174049277477
206,10,-1.5602675355312385,20.865867518968116
207,10,-1.836402056463612,17.99443008772232
208,10,-1.6854783811991183,16.090558000884812
209,10,-2.6816821520264966,11.206242919047327
210,10,-1.8984242798455853,13.698815709417431
211,10,-0.6681116995991943,16.314283469844668
212,10,0.005297814808727708,17.379553911285257
213,10,0.6138524777984458,17.833950938695125
214,10,1.6199225554228178,21.104869680902993
215,10,-0.15637718058769678,18.50896140718578
216,10,-0.9120887278800183,15.819026623431455
217,10,-2.372653917392654,9.915886114170462
218,10,-0.40228959091791694,10.697755112989398
219,10,-0.7253450059552051,7.92396073665077
220,10,2.2811593584006005,14.620155355494717
221,10,3.808970861101443,17.33529755102245
222,10,3.310864757314903,15.674526865942426
223,10,3.459513831804088,16.266423748591478
224,10,4.3944190872744,14.025373525171744
225,10,3.4911164931299936,10.142457986405134
226,10,3.4164623952856346,8.532094633402266
227,10,2.773766736055677,5.625495436972415
228,10,3.090382463278729,2.9723226560900002
229,10,6.134613705120046,10.114800855662907
230,10,7.414270099434361,15.489372785912565
231,10,8.992349119157552,17.710818944628954
232,10,9.05170749646004,14.84106629127291
233,10,7.511926099353332,13.011995693646895
234,10,10.31620819033651,11.924750599479012
235,10,9.587831368050502,10.314220629991723
236,10,10.086439958916344,9.380180782613024
237,10,9.022589171404434,6.322846077122449
238,10,8.222524340133532,5.084615643188954
239,10,3.988800169348906,6.606999874231406
240,10,3.775114443046732,7.906481765420722
241,10,4.5496891468037575,7.126964008849427
242,10,4.476776539652747,6.3820924161982475
243,10,4.551136013657015,4.47681086589273
244,10,9.62798396648759,4.923874007890845
245,10,9.117691839051076,1.2632469761247194
246,10,7.25163864568276,-3.01770773779117
247,10,7.615339932393908,-3.002412576812276
248,10,7.067591221096336,-3.0137712543182715
249,10,7.899876678441615,-15.540807852211401
250,10,7.541502794293592,-17.278440589184356
251,10,7.348019695878975,-14.99395658022695
252,10,7.165869690580621,-12.794050732428332
253,10,6.654654747546374,-12.181965673527884
254,10,6.037168255892539,-11.476928286250768
255,10,5.606298119079838,-12.6987248677151
256,10,6.271530766487558,-12.374120284460332
257,10,6.891699759596122,-11.419568910815542
258,10,7.34595071095373,-10.188292282462498
259,10,7.403148589714874,-8.165305333035576
260,10,6.918304368899953,-7.497694380026587
261,10,5.91202616407827,-6.784715784826403
262,10,4.341327991423896,-6.396009200361732
263,10,3.924149516868056,-4.5252144808628145
264,10,3.456071310310108,-2.1526467264729945
265,10,2.8358629632230077,-3.4434705370676966
266,10,3.10141506653963,-2.2512924275897603
267,10,2.31138724531138,-3.705672096029957
268,10,1.284869478409746,-6.9941743313293046
269,10,1.0971509467390206,-7.465415983938328
270,10,0.7314341127030275,-5.575030017493191
271,10,-0.3546267682140751,-2.3893293289947906
272,10,-2.0926623573359393,5.426929060758084
273,10,-0.5202490976134868,-7.619941713816843
274,10,1.2378913520569768,-7.575728343326773
275,10,1.3946863793671582,-5.2749556329044935
276,10,1.328884881675549,-4.444412534665389
277,10,2.17952887728552,-4.031174139032373
278,10,2.588329822358901,-3.710381537191097
279,10,1.8361732768698857,-3.047306036777627
280,10,1.7757962118175783,-8.038101628410004
281,10,0.2170604466318764,-11.36135558931801
282,10,1.3204526592417096,-10.37274740619614
283,10,1.4800247612656676,-10.484465492000709
284,10,1.039775854790605,-9.123663629728071
285,10,1.7705384246228277,-6.538026163988434
286,10,1.7700329136769142,-5.033753734765014
287,10,1.8705211221613354,-6.492917562207367
288,10,0.9533299212162092,-5.558432379768419
289,10,1.2976523252445986,-4.9042911020724205
290,10,2.136269784706201,-4.06003933755801
291,10,2.3646757662045275,-4.328951605204566
292,10,6.882129790361432,8.939404726491375
293,10,7.32315211576406,9.00807264469313
294,10,6.709491732526658,6.095131368032526
295,10,-0.4616861674739994,-10.879229088869579
296,10,1.5450699505081502,-2.695974612158352
297,10,-3.896335362083846,-16.233234841495687
298,10,0.9820135340760316,-4.17350297818939
299,10,-2.951580475123592,-15.392479176032793
300,10,2.291914679567526,-1.7146469865874678
301,10,-0.3266417982931671,-10.447141154782003
302,10,2.5429050973516496,1.2966758372140248
303,10,-1.5823978082071335,-11.730912609813458
304,10,-0.8165664949847269,-10.896575865680461
305,10,1.1894822966232823,0.8527125423061079
306,10,0.6183579685375662,-1.8148472725688407
307,10,0.44596845890282566,-3.5215775515735004
308,10,-1.5691567642452355,-12.46823607006354
309,10,-0.6392378686659868,-9.91223855311
310,10,-0.37432208613063267,-11.581791925426842
311,10,-0.34195862358046725,-10.383968752325927
312,10,0.13467888753621082,-9.293307198848197
313,10,0.5118751802674524,-7.759931830365531
314,10,0.7745140178485599,-6.414674924953033
315,10,0.47523255773649,-6.38454333435493
316,10,0.7006293961749179,-6.4253321545602375
317,10,0.7476609209834351,-7.499566297887213
318,10,1.3316461763224652,-5.980224117884973
319,10,0.931645860900062,-7.986753625851634
320,10,0.31789164387100755,-7.828457255349349
321,10,0.6100830868826961,-5.802857199385471
322,10,1.2812697822710106,-4.647767153682253
323,10,0.24723609046122874,-4.9845670931754285
324,10,0.6253248381372032,-4.625454147077107
325,10,0.22433329151408543,-6.539901180139168
326,10,0.12136019135596143,-4.508786959164354
327,10,-0.03348047613599192,-5.202202214752106
328,10,0.17023897272338218,-4.781509932418885
329,10,-0.18914528843924927,-5.741569609578619
330,10,0.4745678884764857,-6.284802776077413
331,10,0.9169814657288953,-9.003788971904214
332,10,2.2029951742124467,-9.029016897569818
333,10,3.034407232364174,-6.418255058038994
334,10,3.6015322088669564,-5.236765920097241
335,10,2.9802466014289166,-7.986997907713885
336,10,3.1598882781427164,-6.377978846981932
337,10,3.4635717600704083,-6.404551914096373
338,10,3.809099638859152,-4.53122635204727
339,10,3.4975628934480483,-5.055980748224101
340,10,3.590403862880521,-5.431821457994374
341,10,2.163522458218722,-9.908625487839345
342,10,2.0286316922083643,-11.691480678579865
343,10,3.157908733579461,-10.947858368070229
344,10,3.6958331250189076,-6.987837277218205
345,10,3.060445083649938,-8.095708766561074
346,10,3.1523205503390272,-7.584717348780941
347,10,3.017184836917295,-7.851293690881903
348,10,2.7296449776285954,-8.411013952065332
349,10,3.175300367305681,-7.042038030606818
350,10,3.5350216311389886,-6.60369786272895
351,10,4.58306211179206,-6.104707999807033
352,10,3.935884212924975,-9.147117110483123
353,10,4.8969530251861215,-8.211460105962033
354,10,5.70415002966547,-5.515916642066259
355,10,5.948431583663478,-3.535878243596926
356,10,6.28378827540655,-3.3327624121648114
357,10,6.334373663215047,-10.129892553552963
358,10,6.37033655311825,-11.927816402519966
359,10,5.884248744833712,-5.218739945877132
360,10,5.88855240331668,-7.787684449142034
361,10,6.587432423644714,-9.239693881050698
362,10,6.150396493925655,-10.538108464636025
363,10,7.1236130670713464,-3.100655076696057
364,10,6.340281678434621,-3.882137390556636
365,10,7.17713447299775,-2.878653159615169
366,10,5.640198707375021,-8.129138135350331
367,10,5.164363913663692,-6.609404144859582
368,10,4.377247154947327,-11.52350353622478
369,10,3.861742610186411,-9.626433087919395
370,10,2.884158245487015,-15.648866920586443
371,10,3.786448980082241,-12.371860090507653
372,10,6.593689075779366,-5.883184453276044
373,10,6.704840494053315,-3.16332913203496
374,10,7.70611191160333,-5.519496966016959
375,10,5.856757646570259,-5.029661101842066
376,10,2.8753774319193326,-5.827328038623818
377,10,3.301727640399804,-7.380271165597151
378,10,3.404217976799373,-11.48831832063388
379,10,3.4842169925341295,-14.7319695154074
380,10,3.951967530739239,-10.761125854553029
381,10,5.372142005064234,-8.380920489303207
382,10,6.045844064615267,-2.6506423054333936
383,10,7.059704683193559,-4.802087557280174
384,10,5.484087222892413,0.03896816872929776
385,10,5.321295904652288,-5.531709156135548
386,10,6.5704689023432366,-7.985025059175314
387,10,6.020881275419015,-23.419324242788207
388,10,4.842591757998889,-19.799625246241703
389,10,4.742179198356098,-14.768038610339318
390,10,6.709518353801286,-12.249337280909458
391,10,7.730901072510278,-11.273295980683542
392,10,9.603975299150989,-7.841959329294696
393,10,10.143739614505648,-13.285553865339352
394,10,10.391150707794623,-9.012581043667524
395,10,10.944061071418218,-7.550085226323063
396,10,10.241592111248792,-6.946211677379324
397,10,8.638242318404991,-11.402542994495889
398,10,8.165966982851387,-12.195008576364671
399,10,7.984406505090192,-9.647924236221115
400,10,8.540424814914331,-11.35211209033696
401,10,8.706938619948232,-7.275381938654391
402,10,6.931508067898903,-6.712080231241998
403,10,6.3223162826107,-4.025752746448234
404,10,7.523755086267556,-1.1566231400274773
405,10,8.101308482318927,-3.5036675050687336
406,10,8.865952136532542,-6.648767958028657
407,10,7.2336239124824715,-3.490378913757013
408,10,5.8520932125547915,-3.3227239040497807
409,10,6.011402961402382,-2.0494453917981446
410,10,6.452691569702438,-2.60323008837986
411,10,7.036034356488017,-3.1014438558277106
412,10,5.8420325925071666,-6.380937894881754
413,10,6.1871883232443,-8.264853051387945
414,10,6.604354565532049,-9.17054573516998
415,10,6.095768472353484,-8.133278950746899
416,10,5.890643265704966,-6.69660632353407
417,10,5.176302570320331,-6.5055672795883766
418,10,5.93697784521828,-5.807813611077563
419,10,5.245366904758157,-6.223405432291202
420,10,4.265142931938499,-9.229525879488847
421,10,4.295799035365235,-11.238867773509355
422,10,3.6090324452225104,-7.324314674543984
423,10,3.175999810146095,-7.9114157145040735
424,10,3.6478087275381768,-6.253685930260417
425,10,3.4665668717243534,-3.454981452370248
426,10,4.371925432281387,-4.38212657342001
427,10,5.413009228656847,-6.185887633841048
428,10,4.546330692341144,-4.267138892934327
429,10,4.748698027339742,-2.3481499056833854
430,10,4.091241944513058,-0.8585245855333596
431,10,3.673417353938021,-3.6075049154492262
432,10,1.5647235352735152,-5.828113155335359
433,10,1.928148053913901,-7.863390819062261
434,10,1.6424165408334375,-5.422288463755194
435,10,2.087839685768813,-4.121864953302975
436,10,2.6530446217393546,-4.030762361349844
437,10,2.819374224173771,-4.131777450900245
438,10,2.137518666840151,-2.431510247715778
439,10,1.5918992183851515,-1.9504018934680971
440,10,0.6456018509798014,-1.466108302433895
441,10,0.0704398171410503,-1.9224913265620671
442,10,0.22797088468178117,2.1587531092427525
443,10,-0.5586101555072673,0.7110647127683478
444,10,-0.02188621099867305,-0.884214668425102
445,10,-2.0291978819886936,-4.3736601449481896
446,10,-1.7224199474194393,-8.950790575096107
447,10,-1.3855401061982775,-10.409420721676724
448,10,-2.0399887720477636,-9.191492950728843
449,10,-3.0618186107885776,-7.494622641992919
450,10,-3.127640355745825,-7.043789023041882
451,10,-2.6058090992537473,-8.407001379271605
452,10,10.556221132204882,6.031151667212271
453,10,8.568660740400446,4.356686306706706
454,10,-5.4467315078145475,-11.172728091684348
455,10,7.276141470581933,1.8604817886225646
456,10,6.370782550362492,1.7607936695649187
457,10,4.245442205077779,-4.710655011644576
458,10,3.079780860489336,-3.5727936944622343
459,10,2.3258248496595115,-5.42178416147317
460,10,1.795389750153845,-6.039201657674312
461,10,1.275325574695671,-7.568681254972034
462,10,0.4867185900138793,-3.2674859198887134
463,10,-0.42833662558041397,-5.052206584140549
464,10,-1.9613628618753864,-5.831424884348962
465,10,-2.467931648890044,-6.085018057015986
466,10,-2.5583126853116482,-7.3179815438284095
467,10,-3.4468962293631193,-4.919851916831703
468,10,-3.129715143503745,-4.528816229686072
469,10,-2.797425936773834,-4.353865044503436
470,10,-3.557446115358289,-1.7385867202733607
471,10,-4.509923825122314,-4.809698644613945
472,10,-5.101513551886455,-3.6898002636780802
473,10,-4.867154622666021,-3.6517846065194135
474,10,-4.2224782305747794,-3.519726599805381
475,10,-4.3110550283299744,-4.095402113356158
476,10,-4.018477808098396,-2.5093121597660684
477,10,-3.88326415521351,-1.0232196419246975
478,10,-3.7164607538861674,-0.7715050237056857
479,10,-2.843081357303163,2.035202167058742
480,10,-18.708117053903152,-7.758687435724369
481,10,-16.52983350627983,-5.876957934205166
482,10,-15.85198058001697,-8.202934657914739
483,10,-14.81595628323521,-11.540184077358845
484,10,-13.513102089044878,-12.764574004255792
485,10,-12.232402710187671,-12.275864309408007
486,10,-10.805764491907212,-9.861799090987915
487,10,-10.059110260707712,-7.935902627830274
488,10,-8.654934631843389,-9.602543158126537
489,10,-6.870925683152564,-9.10970005827312
490,10,-6.494931512471339,-7.152546899426852
491,10,-5.043028729314756,-10.262287698692944
492,10,-3.2600359363677853,-5.054394684989347
493,10,-4.375709354349965,-2.361360356532259
494,10,-5.57531408570685,3.905187410498911
495,10,-5.750627030137366,-0.899224599639183
496,10,-5.238042417766337,-3.555206458943303
497,10,-5.053434675830431,-3.6246357673285274
498,10,-6.0502797857561745,-0.29271243290713755
499,10,-4.765250678299708,-4.874994824941496
500,10,-4.446884066148414,-2.0843231817175365
501,10,-3.489467702958791,-3.179762435632256
502,10,-1.9040089968457323,-4.0123927357867615
503,10,-1.8458085697038769,-2.403517943391307
504,10,15.922548747475048,5.838279546729609
505,10,-2.9157054437464467,-3.0646660797137883
506,10,-2.540767046360088,-5.324273041586366
507,10,-3.1632529499347584,-5.446659278073184
508,10,-4.6810182370536495,-5.831901870882575
509,10,-4.120204910277607,-9.250762140211464
510,10,13.431103590743078,1.6357166941784271
511,10,11.103872163242158,1.2405516243393322
512,10,11.219317583207157,-0.7385504369940463
513,10,8.346655287925387,2.716537716136372
514,10,7.046896678582925,2.49441327631439
515,10,5.955222979490827,2.1961894481687523
516,10,5.542484081868679,0.07406436401652172
517,10,3.9659226335443236,1.5458893829786575
518,10,2.2488341128291722,2.4173611174574035
519,10,1.3236634843606225,2.1584247748373855
520,10,-0.653245830092601,1.7900081964962737
521,10,-1.8809723029789893,-5.950290049631349
522,10,-2.4980985748316016,-4.615803274964492
523,10,-2.861426044115433,-6.15853062039514
524,10,-4.219226777972835,-4.868612472515906
525,10,-3.6480953495884023,-8.233709378012463
526,10,-4.218392756565663,-6.792922271653879
527,10,-4.3056646033919606,-7.534623442772045
528,10,-3.468594415012376,-7.299686721739818
529,10,-2.3041622315868153,-12.174727031059774
530,10,-3.008359968426703,-5.287787375354128
531,10,-4.106239425329477,-4.891964285559425
532,10,-17.88175278528888,-21.93773423563198
533,10,-16.142015830611854,-26.507587474143293
534,10,-15.965591481879528,-21.096069903377156
535,10,-15.52560809327042,-17.290849200264347
536,10,-12.135236445143164,-24.545526067700848
537,10,-10.6170904712626,-17.046349964639376
538,10,-9.677940547628168,-12.594488907398045
539,10,-9.941202883420374,-12.474882895040537
540,10,-7.59139326183049,-7.971197525374919
541,10,-4.46916387121837,-11.293594009315711
542,10,-10.661650859595284,-7.111978804033242
543,10,-4.78899474908394,0.4128131079000923
544,10,-5.146755776147074,5.198810978732126
545,10,-5.247239334733422,0.6367502178090945
546,10,-4.464221913638539,-5.436798942486348
547,10,-4.055646883703957,-7.0843444634174375
548,10,-3.9164583904239407,-4.813471006950749
549,10,-2.9268596463807626,-1.4319799223858354
550,10,-1.6150294579611,-5.376085968973257
551,10,-1.2240393106958436,0.3422586980932465
552,10,0.2285001536101845,-2.8413457563715383
553,10,0.26885999733985955,0.2949501530260932
554,10,1.4575978016009685,-3.5501524297778815
555,10,1.1678505046211285,-4.260313013967789
556,10,0.24315364731774025,-0.08669650249294136
557,10,-0.2911423223231395,-0.9305066904030355
558,10,0.04056070685965096,-2.2656506275811807
559,10,-0.3439784704678459,1.5441447705529754
560,10,-0.2858094318808071,0.8562362457378185
561,10,0.38685641918800684,-2.076508660510626
562,10,0.8991445857409417,-2.1050547477479995
563,10,1.2271491585615877,-4.731208107366001
564,10,0.2549710011953721,-3.5321440734610405
565,10,0.2058785190274648,-4.214079569065234
566,10,-1.700363365600424,-6.058862677569323
567,10,-1.5823181579007723,-6.547711813233946
568,10,-1.915890261639106,-8.619066240759366
569,10,-2.663912400080335,-12.448553578513838
570,10,0.27464282742766954,-7.479421443184947
571,10,0.5853005966846467,-9.789000700447104
572,10,1.1061516660829511,-9.75919958037548
573,10,1.3792901013857772,-10.586644841722318
574,10,-1.0720540833708583,-14.175824107777771
575,10,-0.22587036356981116,-11.79732647786841
576,10,0.46947934623312904,-11.582976662284636
577,10,0.5941339515784421,-11.601259879920235
578,10,4.262725357251838,-6.606340838354299
579,10,4.1065419298493,-6.661155348008833
580,10,1.6736778842850981,-12.862367811725562
581,10,1.7307810520051135,-13.597273357117047
582,10,2.9068253216719313,-13.52176534377486
583,10,6.10169454966217,-9.761057419824283
584,10,6.222384840325503,-9.870919081868578
585,10,6.040660998303792,-8.457392552776128
586,10,6.297944303012628,-8.544262319068821
587,10,5.8907693818409825,-10.300572296546306
588,10,5.196533879957315,-7.58065544560759
589,10,4.834998611150695,-6.823147022649664
590,10,4.738418150670441,-9.563634863238349
591,10,4.689899506661277,-9.067285644028743
592,10,2.9173526594368013,-9.712887860895535
593,10,3.136482703181173,-6.453122705568603
594,10,3.250665310653858,-11.714971008733755
595,10,2.6820638993267494,-10.98181038740313
596,10,2.9225708110252526,-11.130872655028725
597,10,3.5473012208613,-11.88938315936366
598,10,3.2328514043983887,-12.090532487223754
599,10,2.6173561076411715,-11.188875276411181
600,10,3.7881267192678933,-8.408518087042467
601,10,6.328020266223575,-8.569407633618539
602,10,7.4674160999175,-2.8965497075460007
603,10,7.478318309606038,-5.144730128441097
604,10,6.829554570393157,-1.4855940331131023
605,10,8.1762699640567,1.0178566885456348
606,10,8.775012743593834,4.236268084529911
607,10,8.825134773001992,1.1888327621200006
608,10,8.111494253325873,-0.030088706003425614
609,10,7.337116785941362,-4.944033812615999
610,10,7.722093888808558,-3.0706378351742387
611,10,8.846247519742064,-5.896218064182449
612,10,10.809469228043781,-6.037874522238781
613,10,10.869147963651812,-1.375832496464227
614,10,8.928097552919098,-6.231095035369435
615,10,8.51949908570532,-3.526410923916501
616,10,7.437053191122686,-2.354504198230643
617,10,6.3538753927532525,-0.1904256173693284
618,10,6.116044882620372,-0.8345505028250955
619,10,6.473583748907913,0.6212409976551498
620,10,6.07625427113453,5.476729042973602
621,10,6.4136941641609155,-2.027159889493305
622,10,6.867109692729173,-5.815240105077919
623,10,5.725277784523314,-3.268737160616638
624,10,5.756207019060639,-0.04468477630553025
625,10,6.104216662150975,1.690614629085303
626,10,6.96647812107949,2.4196172926972395
627,10,6.424991906063951,0.7756016783541781
628,10,5.968730464653163,3.5674653132618914
629,10,5.4879927341762595,3.9441653173930717
630,10,3.583987710432666,6.569949040349002
631,10,4.546200607985156,2.6107442820157303
632,10,5.424196412955098,0.14105782126262056
633,10,6.032517114387701,-3.1941203552137267
634,10,7.168016306140089,3.017794597642933
635,10,6.670958584076288,-1.7793792385109555
636,10,7.1015274111096005,-0.7448419870670477
637,10,7.840971870218709,-4.0090259851263
638,10,7.116307536422937,0.3386787644803917
639,10,6.749159747002523,-0.010983444089106342
640,10,7.154507918953641,-2.4129522727912445
641,10,6.187644112342241,-3.6073655005561704
642,10,5.0525133227884,-3.652303908403155
643,10,5.496622905183358,-5.923602457632569
644,10,17.901129816150387,8.064016914982403
645,10,16.59945377274198,10.026731015762834
646,10,16.263707157168028,2.3009208657467752
647,10,15.178787041956639,-4.623672064970378
648,10,13.818436926417235,-1.3923748620786682
649,10,13.121109640718714,-6.31613672631147
650,10,12.331964113584036,-4.444024973868636
651,10,10.715148328134092,-4.273060399798851
652,10,9.913546922208297,-7.326151640176249
653,10,7.797927329846971,-2.021725580394559
654,10,6.53897972734012,0.26246050729423587
655,10,5.4353115303329105,5.197696607379385
656,10,-14.4371229433782,-0.594026745757219
657,10,10.977909588087641,-17.223061699898608
658,10,10.928725097469396,-15.210858108764569
659,10,9.548242532356198,-10.350420471780126
660,10,9.084123625681059,-0.07243578693305608
661,10,10.000739745224564,8.035159713532266
662,10,7.731696227329849,7.9802988507008195
663,10,4.1525937704982425,19.59928963635457
664,10,5.591298078125874,11.74162709589882
665,10,3.5908815864740973,8.28625150991229
666,10,3.0531727903535284,11.177798746127792
667,10,2.362883895802952,17.113834096025585
668,10,3.325222637650768,9.523534208164165
669,10,3.5351009586356668,2.8096494310220805
670,10,2.3218385003274307,0.8941636653776186
671,10,0.4932846370156767,10.117331855955854
672,10,1.9444601245168087,6.649808065459183
673,10,3.0855855523859645,7.550448482857973
674,10,3.816714872319608,14.283162378119414
675,10,2.0640528741760136,12.479296830147177
676,10,2.0615472046356444,10.614818837434541
677,10,2.5289610134104805,7.366836631216756
678,10,3.249418261935716,6.626211725622397
679,10,3.426431196172416,9.551058860333342
680,10,2.995169603756949,7.861738012536534
681,10,1.511653898853183,5.037402359975658
682,10,0.6739307265688694,2.4101087831063523
683,10,-12.417604293057593,-2.3966695763947428
684,10,-10.919354583424138,-1.3259688286120763
685,10,-8.701601493748967,2.491080556957513
686,10,-6.214864577855224,1.3129332120352046
687,10,-6.4100902370364565,-5.5828238752978905
688,10,-5.492494308224195,-4.104228793011771
689,10,-5.267231733122571,1.3710678369970992
690,10,-4.633830409183247,3.2478627324835543
691,10,-4.514221741729671,7.317179527971348
692,10,-3.8170513387976825,6.849444253824458
693,10,-3.231773703972067,7.80279876997929
694,10,-2.5274755470682067,7.983122230901245
695,10,-2.7021440895468913,11.440663245455198
696,10,-1.2497448373887892,22.862644635817105
697,10,-1.2615833465051765,20.56136129888273
698,10,-0.6051827435476298,22.16698702173153
699,10,-0.8096060398029294,20.404710548072217
700,10,-0.24038233884948568,18.06869116850521
701,10,-0.06559865491817618,13.804676313818618
702,10,-0.6523110955240554,11.37708992836042
703,10,-0.776968710240908,9.74992996360379
704,10,-0.9317469098350557,11.221240064810445
705,10,-1.3856151047284584,16.16762714202332
706,10,-2.3432546737240045,16.307000822153896
707,10,-3.0134448520639125,20.046082249778465
708,10,-4.721506292615231,17.951139366380175
709,10,-5.705154092226621,17.6470471927405
710,10,-6.9821760579425245,12.970899538616322
711,10,-7.816563222591867,10.88409801190437
712,10,-8.006408175828255,9.784401994421842
713,10,-7.7958627956159035,11.897018222866336
714,10,-7.272202386817298,19.14496985507094
715,10,-8.214431223076645,20.472808826862547
716,10,-9.28813872063347,21.472043294447303
717,10,-10.639149795736557,20.32382367874152
718,10,-10.036001624335768,10.97549995234067
719,10,-9.303935581746373,9.182547501659428
720,10,-8.988177594122135,5.5908286663407125
721,10,-8.751508213109446,14.542510172502716
722,10,-8.04704921038865,20.500387166484416
723,10,3.3465782764342293,28.84180211735884
724,10,0.7858647159955581,26.868388164142743
725,10,-1.0629313237468523,24.92534506451966
726,10,-16.52712124144182,10.99329007546794
727,10,-16.505658041634888,11.292517504947227
728,10,0.30860559601933346,17.396462234121827
729,10,-0.03309454065947648,20.272526907752763
730,10,-1.1679789867202999,27.772909741810963
731,10,-1.2682222923594964,34.65623402207075
732,10,-2.7164004736978313,34.482419127087724
733,10,-8.50196464533019,43.27059025479048
734,10,-9.47370289632363,32.972343526584154
735,10,-6.362228629491256,15.018920799157513
736,10,-9.064722361416898,11.04410979108934
737,10,-7.692026271188297,15.385853284218229
738,10,-6.423329536117308,11.128508534562116
739,10,-8.623887737884615,13.308223568935773
740,10,-10.506422106398531,18.068991236207694
741,10,-8.722514556085116,10.699897514678923
742,10,-10.392039783726432,10.832850758109544
743,10,-12.099766707330673,8.451033895106775
744,10,-11.259663817076216,13.051629893926474
745,10,-9.797480602946962,15.361238764607606
746,10,-10.054398174300331,19.532099589981954
747,10,-10.008491001659422,27.38263865085173
748,10,-12.50837363122173,28.5718679154852
749,10,-11.778252468424398,19.778918869666086
1,11,-0.012513211010627856,-0.5837044900627006
2,11,2.243068211228092,5.291147242126499
3,11,2.8193253677100074,9.173923413208286
4,11,3.514219235733435,9.999060147607452
5,11,5.496826875712031,4.300172206753359
6,11,6.964660575993548,8.583359331644715
7,11,10.672254957732548,0.04034493549306717
8,11,14.898248066841006,3.911298460733633
9,11,13.127892763500313,1.8205355321229035
10,11,11.817559941897343,-3.3073886600914193
11,11,11.862508046593575,-1.7862953332041798
12,11,9.60043773551206,6.3345234574085225
13,11,8.450344265174863,19.319018008437524
14,11,11.041696475398567,13.959045371640968
15,11,13.151491125025132,13.397210030451333
16,11,12.218307488439677,11.166711555699749
17,11,11.437490149241057,9.80485373470674
18,11,10.592501068994352,10.304804107337986
19,11,9.810056545764382,11.014767569381547
20,11,9.119281167438203,18.96302613947364
21,11,8.709149220181644,18.490947997791864
22,11,7.787969369914208,17.430220824113803
23,11,7.217883986334527,15.958274349111434
24,11,7.002912733936682,11.664819630676448
25,11,6.9599361239361315,11.406465692750317
26,11,5.9714357848824875,19.32959607569319
27,11,5.227132385096411,21.915901898030825
28,11,4.580341250410129,26.650941889269234
29,11,3.4961896877230174,25.327701105661617
30,11,3.3229908942139446,21.814080808584094
31,11,2.8333797352997863,19.36008828375452
32,11,2.4650173314212225,16.184519624510358
33,11,0.8116538050890085,18.995437720428527
34,11,0.010197678853728576,25.59166619810958
35,11,0.7451797065550636,23.96287420412
36,11,0.8539798127767426,23.233263489270485
37,11,0.26115628762454435,17.958498277754188
38,11,0.09979678897525446,18.80854639373456
39,11,0.0602780697745402,20.065829878881686
40,11,0.3891890404156584,21.537340993946145
41,11,-0.4161755448722033,14.815917092565542
42,11,9.395390342509018,31.31765210565345
43,11,7.399087480082926,34.48575314683558
44,11,7.015779660759108,25.134116975300458
45,11,5.586212948455795,25.753185277317243
46,11,3.952270846475585,22.355435597964515
47,11,2.4100814937592077,23.17617441322409
48,11,1.4530822601773252,29.570667169429726
49,11,0.6812753506337685,32.694895441442895
50,11,0.34225324704584636,34.177993773329035
51,11,-0.33816231289165444,32.27021027518549
52,11,0.07583520184743975,31.420358972571194
53,11,-0.7825514067226322,27.856427863053796
54,11,-0.10510612030157063,22.699092609723266
55,11,-2.4076397336384616,21.17438243395918
56,11,-3.490651695417,25.256800426271184
57,11,-3.4181657605695364,24.346260712572075
58,11,-2.8143523415292293,29.238354247514508
59,11,-3.6751195969418404,31.24651699203696
60,11,-4.062483246345437,25.738141614062442
61,11,-4.998210704101439,19.89630678728099
62,11,-5.619911746870457,11.060458643483798
63,11,-6.309246721040836,6.748982636580877
64,11,-6.112696914659864,14.998440320486225
65,11,-6.363275556511326,24.93136959505773
66,11,-4.735065656903316,26.462371008754417
67,11,-3.350750943344792,22.040706794853577
68,11,-3.820558736904786,19.40831094024088
69,11,-4.071257150540987,15.18740219096162
70,11,-4.282758454126451,9.055956387932383
71,11,-4.484052190190596,10.366670853694814
72,11,-4.780082483249316,19.184183958055655
73,11,-4.819528698548311,30.733992946676153
74,11,-4.163821475543045,28.500074251525803
75,11,-4.604557548906996,25.16462756333476
76,11,-5.971214657910423,21.446660161949694
77,11,-6.5066576919871295,17.878758156560252
78,11,-6.103206349774155,14.448417850585429
79,11,-6.674523080249855,15.096468088244364
80,11,-7.652488043630001,23.53679686454234
81,11,-7.299397507988033,21.899449342256958
82,11,-8.208956595037307,23.096518778160316
83,11,-8.73097763829901,17.459945960764344
84,11,-7.70984660627164,21.953785421221255
85,11,-6.967946253264927,20.73090821219739
86,11,-6.5025677190515125,21.375857767127854
87,11,-6.801947943946288,22.604648963991167
88,11,-6.175678446036727,26.482948065802702
89,11,-5.61003972306662,29.644765336797718
90,11,-8.12203592163587,27.005054130269855
91,11,-8.210416763590729,20.664144182410382
92,11,-4.490173419265375,20.400579609817214
93,11,-5.809844588794476,9.672167490503853
94,11,-7.18838940599835,7.652135546938553
95,11,-7.701150329975462,14.351704787023664
96,11,-2.979017681355799,26.77750844073671
97,11,-3.942517434864385,29.216575437771098
98,11,-4.492830645735921,27.73916169478798
99,11,-3.5471743770140165,25.516573717343817
100,11,-2.569099888083656,18.63052010046431
101,11,-2.82425252737994,16.074858061294435
102,11,-4.892698612507957,24.50750937590874
103,11,-5.720352169081707,27.629549266095637
104,11,-4.283300906252407,29.963353296609966
105,11,-5.042090390205885,30.923778362425764
106,11,-5.9894844097088935,26.9436093064578
107,11,-6.5116129026901035,17.882236067701342
108,11,-5.20110848945842,11.087490675369736
109,11,-4.377473891837326,17.62762686889255
110,11,-5.634562963278768,19.521034437667367
111,11,-6.563101348516284,20.85473790956712
112,11,-7.438265450313338,26.024850928783053
113,11,-7.377967737388644,24.062378766349866
114,11,-7.6552689306427055,17.273751237204124
115,11,-6.938368857197929,11.576624081386399
116,11,-7.517624860806791,14.892557597804625
117,11,-8.736751724540227,22.955627494148757
118,11,-9.204422680067182,23.105769715855786
119,11,-9.103908852662244,24.559580364306385
120,11,-10.059220939198894,24.616952671078252
121,11,-9.974622962088688,19.852651729032004
122,11,-10.31457940713608,16.237077636189497
123,11,-9.46278749972862,11.818509715597429
124,11,-9.00687278145142,18.204360308919604
125,11,-9.188946017457965,22.489452405924567
126,11,-9.259569053933774,23.328491763632883
127,11,-12.047013224630973,29.26859299187072
128,11,-13.024437158566798,24.878286379115707
129,11,-14.411428056861041,22.55743602043367
130,11,-13.654757918897303,17.814872992709752
131,11,-13.129081558398866,17.148278493786165
132,11,-13.017815498707932,22.776912170615105
133,11,-13.487654249590378,21.653027676710735
134,11,-14.747317710485731,23.856753948537516
135,11,-14.738556102180155,27.668177073837796
136,11,-14.644625834816907,24.973920586517124
137,11,-12.968554158695042,24.808231602903106
138,11,-15.34320812284659,23.807237891775003
139,11,-12.167919250323393,20.887114653630306
140,11,-14.740920459196786,15.835084232234294
141,11,-12.942978860366566,15.450007283407103
142,11,-13.727255245733431,17.383094161138615
143,11,-14.21977231429264,18.974826983038838
144,11,-18.06093465388858,14.040346204748857
145,11,-17.818426804565206,10.161028138882102
146,11,-18.253367431509105,8.091300153647353
147,11,-19.535450495386613,4.3621730485110675
148,11,-19.746174598230937,0.04775293361490185
149,11,-24.194590979474015,6.225454399912451
150,11,-22.6481974381868,7.965384113396794
151,11,-22.742277354878752,7.779941712597065
152,11,-23.250932328998715,7.351881959504681
153,11,-22.55289821741917,4.248596905621525
154,11,-23.102926691658467,2.9840970474160713
155,11,-23.24064440002894,4.040084697098791
156,11,-24.82205727409564,2.619732944722273
157,11,-24.512169838191767,-0.47435634371049673
158,11,-23.886531435270626,-6.523682150105742
159,11,-21.853543050658118,-6.944784363226972
160,11,-20.336631333468176,-9.13287376536482
161,11,-17.837697919197126,-5.502591777772068
162,11,-17.372808227911264,-6.229147137356449
163,11,-17.732992807212213,-5.091845080380153
164,11,-16.136766924163567,-2.8129653715050154
165,11,-14.825852763678085,-0.13881323222267383
166,11,-12.861827379130773,2.701179272378795
167,11,-10.366705394702876,9.00983905114299
168,11,-12.853103897069559,15.404748122276942
169,11,-14.522570365785214,14.564872435053076
170,11,-12.515992799734704,5.299276438616289
171,11,-12.120522846767926,3.510475262643922
172,11,-12.275313857627225,-4.601303414024187
173,11,-12.389754378356884,2.2323147304123268
174,11,-12.585238514864614,4.883596577155004
175,11,-11.583855850710279,7.395140300181993
176,11,-9.696850985294077,5.897936822169868
177,11,-8.433618677992854,6.120555394036273
178,11,-8.04163851814701,10.115432508005142
179,11,-6.576292156935779,13.539762483167578
180,11,-5.812171289391699,12.694920230258504
181,11,-5.105000727338847,11.252503720194
182,11,-3.6519739458753975,9.978377466750317
183,11,-2.2905558132615624,7.207929462274478
184,11,-1.1890860202001932,6.032211578322858
185,11,-0.4226641681671026,3.884113508542214
186,11,0.2189094125833435,2.3688246869051
187,11,1.15554245682506,0.7628282363557446
188,11,2.3669584460594706,0.3773591645058332
189,11,2.715942477412682,-0.8445213304275967
190,11,3.3710766345375305,-0.7254602946595696
191,11,3.8081389887502155,0.2799112607362986
192,11,3.431153016025746,6.7526502077962505
193,11,4.466261335922354,-1.0489524557133336
194,11,4.523752693388815,-1.5155757838192585
195,11,5.449916086272424,-4.485624616317182
196,11,6.4532679040175935,-5.100584964180598
197,11,8.683974341008252,-3.494694373875973
198,11,8.328181871832385,-5.142288327666392
199,11,7.333874486294917,-7.668998126383485
200,11,7.873192724830005,-4.456459619897942
201,11,7.627475162621522,-0.7764135327443
202,11,6.502569952711383,-3.5331971418781905
203,11,6.768429164176268,-5.270616560737835
204,11,6.666128278518045,-7.972765224084469
205,11,6.552673358270113,-7.771349552375796
206,11,6.418015270418437,-4.80507881453741
207,11,5.5185961620536546,-3.84548035692751
208,11,5.541153568655318,-6.187520474356461
209,11,5.290451039153595,-6.311202196248814
210,11,4.574255995815292,-11.889305890470496
211,11,3.875445726160251,-14.715955111792027
212,11,3.3782117665341502,-15.893237021289679
213,11,3.2082723300618454,-13.411832277231952
214,11,6.273187661341581,-12.558782025942492
215,11,6.097493047550415,-10.665897030637097
216,11,6.316926735008565,-8.110533623359515
217,11,5.676691129105166,-8.95011001687817
218,11,5.908756939869818,-9.362212192701918
219,11,5.628517481852214,-11.898053250907651
220,11,5.1088623062596525,-13.907917918942985
221,11,4.37799135610021,-18.132168438737608
222,11,4.026165350672272,-16.175142902885455
223,11,4.348359432114194,-12.719636957096554
224,11,5.198201967414207,-12.988843193592402
225,11,4.946568031487004,-11.266901284513551
226,11,4.704582143051994,-14.500167437799973
227,11,4.324495734558695,-12.119697707835257
228,11,3.815020881070268,-11.551631034838465
229,11,3.023601420911291,-14.599475769330638
230,11,2.339255850164591,-10.681960515978062
231,11,3.109156347384669,-13.948549623877625
232,11,4.163611435383245,-12.817482916537301
233,11,3.8704641202002676,-10.288753629670282
234,11,4.242731519290828,-9.428049352829476
235,11,4.870749582925782,-7.524060562617706
236,11,5.2822218644087116,-7.403548272095577
237,11,4.528683317553259,-11.801097723841849
238,11,3.3362203817096088,-19.438527911309393
239,11,1.7519403324004088,-17.55117797809453
240,11,1.1945078182152429,-14.900391469571332
241,11,1.220185768545889,-12.651125455197871
242,11,2.2230712778173256,-10.95635053427759
243,11,1.9435801583631473,-9.961984656291861
244,11,2.6456599015909887,-8.315939862120103
245,11,2.2266161214211024,-9.445002843216571
246,11,1.9394255399474787,-10.378347510657477
247,11,1.0391637266975522,-22.68032473526182
248,11,1.2628639366612333,-19.379080641148903
249,11,-0.5838334769632638,-19.960813267925914
250,11,0.010280416423483985,-20.981934549457947
251,11,0.450498027789763,-17.083274211874595
252,11,1.3600433280334983,-14.505217366797297
253,11,1.5060096636962044,-13.588472720198297
254,11,1.8812460504668707,-13.585610908443414
255,11,1.7711349117798818,-16.11398111710332
256,11,2.1360191121466414,-14.65197358561909
257,11,1.9516200809675865,-15.759886008597277
258,11,2.187512727075955,-10.43544372578799
259,11,1.7967347118519683,-12.054362159902666
260,11,1.9609852404146295,-11.874486353593056
261,11,1.7579473409987258,-10.44787489187911
262,11,1.5939772733800055,-14.024871392643036
263,11,1.7920553412923255,-12.346764303356395
264,11,1.6647656872473817,-12.502395791272647
265,11,1.2853119329784022,-14.407882455995605
266,11,1.405632159342531,-16.980011484802162
267,11,2.1777639094407277,-15.886215884976082
268,11,3.094326517416448,-14.181164681096561
269,11,3.4646450369618833,-12.256860316354505
270,11,3.6012351108356597,-9.576706595141331
271,11,4.111205829665778,-5.188553669785506
272,11,7.036576719685399,-3.2898185735966763
273,11,3.3093232106675714,-15.970501742171109
274,11,3.544014972376317,-17.93511541596672
275,11,4.27976150161885,-14.627004402327657
276,11,4.742362974718162,-12.101652116402875
277,11,4.96416810451592,-10.591225872840369
278,11,5.108249614745546,-10.588146868685726
279,11,4.456862449190339,-8.935453036247054
280,11,4.469843936838515,-8.473477312073555
281,11,4.615638547065828,-7.687181813905227
282,11,4.447569643824863,-12.526129343885259
283,11,4.602513381583776,-14.608726337981352
284,11,5.318779451595219,-16.225474087091243
285,11,5.762962058298399,-13.13213527033895
286,11,7.340024143090886,-11.161390716505593
287,11,7.126842955490247,-10.526734802368992
288,11,6.491088444787238,-8.731526788736119
289,11,6.700725003210209,-8.053203092228614
290,11,6.987556921302712,-12.320841828599441
291,11,6.66654369898697,-14.416331706000165
292,11,10.940687500843524,-11.421360008182091
293,11,11.435010140216036,-12.27704650454416
294,11,11.48891145264588,-11.791361259819496
295,11,7.250081376559137,-16.02280279542083
296,11,10.706761208308308,-5.323309999431331
297,11,5.6352458137625945,-8.45741584615189
298,11,8.936441675285096,-7.417864887098403
299,11,4.160577851625021,-11.970391031564759
300,11,8.259363082622258,-16.49375497060919
301,11,9.254314255330428,-23.003425862478252
302,11,8.236144531189893,-20.344515926500208
303,11,2.9248443893893636,-13.400867160630696
304,11,2.924844389388454,-13.400867160630696
305,11,2.9248443893893636,-13.400867160630696
306,11,2.9248443893893636,-13.400867160630696
307,11,12.014357601280608,-35.011618104625086
308,11,12.714021495028646,-14.759021207824844
309,11,12.092463357726956,-5.22362590116154
310,11,10.925919690520459,-3.2447403339820085
311,11,10.155719702370334,0.6176246902359708
312,11,9.41704785179536,3.6823491380409905
313,11,8.93189986379275,5.031132473007347
314,11,8.193869877922225,4.658236754591599
315,11,7.769360990898349,2.760232745285066
316,11,6.994273322608024,3.0304220576517764
317,11,6.834891745455025,2.7042270582633137
318,11,6.510446668640725,-0.619219677602814
319,11,6.0647676634253,-3.39611495619738
320,11,4.398840255063988,-6.56848874811476
321,11,5.169748046945642,-7.440023516595829
322,11,5.4979908775467266,-8.495728394016623
323,11,4.786341260421068,-6.081542117696699
324,11,4.0502755851575785,-5.720722296118765
325,11,3.647873441138472,-8.980453931368174
326,11,3.064871631638198,-11.664434154865376
327,11,2.9637539105215183,-14.147589646942833
328,11,2.4461823102874405,-17.251345249271253
329,11,1.8113825855652976,-13.777695720168595
330,11,1.3371434085565852,-11.956540285136725
331,11,1.0491940695737867,-10.504686171806497
332,11,1.2453590645782242,-9.88881578499604
333,11,0.6203995447158377,-8.933402107226357
334,11,0.15813586719195882,-6.611069243314887
335,11,-0.5941877068808026,-9.177494888368528
336,11,-1.0260901106557867,-9.261960741733674
337,11,-0.9106825394192128,-12.477944998546263
338,11,-0.8464274776579259,-16.110365944043224
339,11,-0.8818566381714845,-14.717701841501366
340,11,-0.8542284250252123,-13.407225320670477
341,11,-1.3988706970294515,-13.287902588117504
342,11,-1.909039146194118,-13.377308585004357
343,11,-2.046128084704833,-14.712057746321989
344,11,-2.460781195119125,-14.54594810904291
345,11,-2.861280548322611,-17.06172579096892
346,11,-3.783508296884065,-19.39538798934609
347,11,-4.016892570341952,-17.548866631710553
348,11,-3.888887579238144,-14.56918206226419
349,11,-4.456016807995184,-13.914234520012542
350,11,-8.31800914888754,-12.00113725844858
351,11,-3.977406211375637,-11.737880594537273
352,11,-4.413231545167946,-11.896307054609679
353,11,-4.740282120708798,-11.326096994790532
354,11,-5.755731554389968,-20.644512537766786
355,11,-5.491184924094341,-14.524056168503193
356,11,-5.568191140918316,-10.514645280542936
357,11,-5.486400248870268,-12.350131481374774
358,11,-5.07771579402106,-14.660173279203264
359,11,-5.788104587874841,-8.456781741604573
360,11,-6.17585765126114,-8.042586834066242
361,11,-6.22982768386737,-7.081302391156896
362,11,-5.740011469034471,-10.529096966612997
363,11,-6.591644401380108,-15.73661489193455
364,11,-6.094463782224921,-13.825903105114776
365,11,-6.62712127969462,-11.158488708498226
366,11,-6.780304540913676,-11.157757170098193
367,11,-6.184475304981788,-8.600156841731405
368,11,-5.725796732505842,-7.460087462502088
369,11,-5.879837670558118,-7.054757581744525
370,11,-6.301173018162444,-13.195527887851313
371,11,-5.549190538934454,-9.929621922203296
372,11,-4.952214347498739,-16.796500728847604
373,11,-3.3839881765288737,-17.044133241254713
374,11,-3.277867725608303,-16.14362529959635
375,11,-4.8607887956213744,-13.688696676940708
376,11,-3.313824627086433,-9.715705929445903
377,11,-1.5406983741113436,-9.007689895978729
378,11,-1.632013989961706,-9.466546799394564
379,11,-1.9532694932413506,-16.92367880007714
380,11,-2.1413516015018104,-23.500830927433526
381,11,-0.8569356896177851,-16.741207504293925
382,11,-0.4683453066081711,-13.640211296615234
383,11,-0.3230810526156347,-12.044857581764518
384,11,-0.013053993505309336,-7.57797657384981
385,11,0.06738391473390948,-8.86558317483923
386,11,0.2899742852587224,-6.940111538947349
387,11,-1.5335259962503187,-18.60504824409054
388,11,-0.40281905923257,-19.549097415459073
389,11,0.8192877898627557,-16.664163175113572
390,11,2.15394485518118,-6.920343687015702
391,11,2.60980352779643,-16.05194152720469
392,11,2.811965343029442,-15.4843756428927
393,11,2.322359720743407,-16.83437088864366
394,11,2.0629932132460453,-9.168726686410992
395,11,2.3794597587120734,-13.13882085962905
396,11,2.849179981681118,-11.132098720755039
397,11,3.266997430851916,-15.998615867414628
398,11,2.9353430026176284,-13.765980214140654
399,11,2.7643460285062247,-15.028124442028002
400,11,2.8765328726076405,-14.880866668030194
401,11,3.1144860634612996,-18.142919578859164
402,11,3.408914067586011,-12.0715565738451
403,11,3.406766876510119,-14.099973911892903
404,11,3.7880596695604254,-2.344016366156211
405,11,3.7073676458549016,-2.5276992813037396
406,11,3.060550796759344,-11.346374798456964
407,11,4.374015910097114,-7.814481487190278
408,11,4.726847408334834,-3.7914791684052034
409,11,5.718345347102513,-4.550109521775084
410,11,6.829096648886662,-2.244775278819361
411,11,7.575906950318313,-2.68551441390764
412,11,8.351093153649344,-3.300850961442393
413,11,8.964433578691569,-5.816404725510438
414,11,8.212142582658089,-6.25633395443856
415,11,7.648972657795639,-6.567882371592987
416,11,7.1765172948507825,-6.1370585117551855
417,11,7.2894659486782984,-7.963853046214808
418,11,6.398970905873284,-10.493793900891887
419,11,6.258724260148483,-7.455227911226757
420,11,5.3231980182927146,-6.478335832849098
421,11,7.582927832713722,-5.8464806338165545
422,11,8.061408752869283,-3.513218073553162
423,11,8.289705063994916,-1.9726463006677477
424,11,7.493003042433884,-3.1922942204837454
425,11,6.978753591777604,-2.50969011592224
426,11,6.880943155400018,-0.22012045913970724
427,11,5.839970040647131,-3.398430385725078
428,11,5.097670738252418,-1.3691826908657276
429,11,3.9591411950486872,-1.189124097178592
430,11,4.731235216307141,-0.880786155827991
431,11,4.89960493577928,-1.6063264332738072
432,11,5.263311014266037,0.9206733378437093
433,11,6.067439506780829,-0.7530425432141783
434,11,7.048496152821826,1.936075391731265
435,11,7.303088479234248,2.127784059691294
436,11,6.688709182897583,1.8342000212464882
437,11,6.213828879764151,1.3598649531199953
438,11,6.615602375781236,2.6458057893628393
439,11,6.314781376170686,3.2920009493136604
440,11,6.114140785182826,3.844242740130994
441,11,5.949150388793896,4.108803912502481
442,11,6.06525908387448,2.7259681922423624
443,11,5.505882873389055,2.6362913422835845
444,11,5.260572252304883,2.642492670962838
445,11,5.472928974681054,6.0232763279459505
446,11,4.912872014658205,5.725456837942602
447,11,4.67546444697382,2.2707910609610735
448,11,4.328997805211657,6.003146705462768
449,11,4.09882089283019,9.250169106838712
450,11,3.5551411851729426,9.311463399152217
451,11,2.8316927321475305,6.814172492974194
452,11,-0.31081304669260135,4.920788006420025
453,11,-0.30341485872031626,5.351041172443729
454,11,2.601895096663611,7.344125282521418
455,11,-0.321166483210618,3.3284667165130486
456,11,0.043085502580652246,1.3365777446965694
457,11,0.8320022572688686,-1.0318200857686861
458,11,1.6786281824715843,0.22923244798039377
459,11,1.4492972814996392,-0.9267126676554653
460,11,2.341048264403071,-3.8582503722414003
461,11,1.9041735988403161,-4.841308815652155
462,11,2.168852732455889,-0.31601347114383316
463,11,2.4577018052677886,0.3928820502628696
464,11,2.3122225439947215,0.5419374798007084
465,11,2.231857416210005,1.3804073454803074
466,11,2.370772893440517,-1.1849349858366622
467,11,2.3142337553190373,1.9087955009199504
468,11,1.7184184637089857,1.5284764581665513
469,11,1.3937504428431566,1.1624574168690742
470,11,1.3785912957082473,3.666937311663787
471,11,0.9338633170900721,9.349626457744307
472,11,0.43045518984581577,9.572826877867556
473,11,0.47187252685034764,8.202046295283708
474,11,-0.1351204139091351,6.690724618527838
475,11,-0.1388552014632296,6.037380144899998
476,11,-0.6779808998799126,6.156364615126222
477,11,-0.8744450831345603,7.503268367515375
478,11,-0.7851288136989751,5.650751043912351
479,11,-1.0757506818918046,5.904750927221812
480,11,0.4544934864006791,14.190035943332532
481,11,0.3707710130156556,12.031835213097565
482,11,0.05426698626797588,11.563911008884133
483,11,-0.49195862770011445,10.067886156838995
484,11,-0.5958834383063731,8.340719167402312
485,11,-1.2576455973276097,6.590066315518925
486,11,-1.5426430178704322,6.083961740246195
487,11,-1.4022126733871119,5.812019385867188
488,11,-1.2590825427569143,1.3665191455024797
489,11,-1.8140838495564822,-1.3591261380142896
490,11,-2.801578177214651,-0.7888657242215231
491,11,-3.745923581182069,-5.513432174168884
492,11,-4.967456199376102,-4.630134021952017
493,11,-4.695209925198469,-4.390667810994728
494,11,-3.3706936276184933,1.3279365873245297
495,11,-3.535929375271735,-0.14272345040808432
496,11,-3.7149597906181953,-1.4456099016197186
497,11,-3.806301023011656,-1.0888053667649729
498,11,-3.6780355706496266,0.8978379718646465
499,11,-3.849735803383737,-2.7082372062577633
500,11,-4.152305993909977,1.378293466840205
501,11,-4.307346511672222,-0.9954431830115027
502,11,-4.727928330328723,-3.231624798296707
503,11,-5.187816364425089,-7.0802757570768335
504,11,-6.902121558844556,-11.798895331487074
505,11,-5.14015321829811,-4.428727066820102
506,11,-4.915420982466458,-5.0957370224050464
507,11,-3.972752546716947,-1.6951829616450595
508,11,-3.2141559547198995,-2.889527981394167
509,11,-3.6277071477097707,-2.7635899244100983
510,11,-5.458289869752662,-6.763953935034351
511,11,-5.306185895837189,-6.338486220172854
512,11,-5.497515134277819,-8.901587482174364
513,11,-4.730630711035701,-5.350868248035567
514,11,-4.442821731169715,-6.629056232077346
515,11,-3.851462793495557,-7.285507512713593
516,11,-3.736060628551968,-7.564452976494067
517,11,-3.3539071323129974,-4.849491814582507
518,11,-3.128304365672193,-10.996153644452988
519,11,-2.8357564089537846,-9.530991172942777
520,11,-2.0031788808146302,-7.404220895687104
521,11,-2.490445860287764,-8.42085767317667
522,11,-2.4091886208962023,-5.433246022565072
523,11,-2.0535947062617197,-6.255521681659502
524,11,-0.6601418811278563,-3.2409078034493177
525,11,-0.4740307927404501,-6.873059762912817
526,11,-0.4255667962415828,-6.86242711125351
527,11,0.022105684024609218,-12.016175221309368
528,11,-0.4319556573000227,-14.154051237652766
529,11,-0.9086866509787797,-19.230996295652403
530,11,-0.3578222593596365,-10.977939116457037
531,11,0.2677523516676956,-8.764954222358483
532,11,1.377794458660901,-6.058874244788512
533,11,1.0503680324345623,-8.11145432161129
534,11,1.2143803761791787,-3.3789004773220768
535,11,1.2643441946165694,-1.7393380642442935
536,11,-0.07405899890727596,-8.735709135540674
537,11,-0.506586457207959,-5.042089119150205
538,11,-0.14621997932499653,-3.3127626905957186
539,11,-0.5198737140162848,-3.7102895181906206
540,11,-0.5079647055226815,-4.643905698786057
541,11,-0.9622610184478617,-9.521792310797991
542,11,-3.271196287877501,-16.096456557835154
543,11,-0.39756887326893775,-3.935042264542062
544,11,0.4340706191242134,6.2892330132544885
545,11,-0.6018646525863005,-1.7551985243894705
546,11,-0.6432263845217676,-8.274761827573911
547,11,-0.41460426088087843,-8.11404442535013
548,11,0.44436546637552965,-2.4805996885602326
549,11,-0.043483603008098726,1.0646901688537582
550,11,0.045785519340824976,-4.874539359458595
551,11,0.6660921392549426,-3.0655028685023353
552,11,0.3297383370518219,-12.979640706262217
553,11,0.5924531446717083,-6.583300042492283
554,11,0.30589887601490773,-10.244050389220774
555,11,-0.011518948856064526,-9.042367017194465
556,11,0.32539134913986345,-1.8226254100768529
557,11,-0.45046964235734777,-1.77736938190219
558,11,-0.42027153117123817,0.6704958692507716
559,11,-1.136645815546217,4.789257475748855
560,11,-1.4416306782823085,2.215151455952764
561,11,-1.31361950025439,-0.19596862847265584
562,11,-1.41252920725492,0.8528967717738851
563,11,-1.5825446768376423,-2.354787918342481
564,11,-1.9004771192876433,-0.9434237010282231
565,11,-1.8934722315998442,-3.6673616209372994
566,11,-4.084459716021229,-17.858869346507618
567,11,-4.415594495359073,-18.48454299667992
568,11,-3.9442070322138534,-14.603764771764872
569,11,-3.6049453161422207,-12.403424624166746
570,11,-1.8476942813613277,0.12141560612371904
571,11,-1.9151770829585075,-0.6752253968306832
572,11,-1.65709782189424,-4.255788484898403
573,11,-1.1720822530614896,-4.837367328050732
574,11,-2.495599473943912,-16.089216594267327
575,11,-1.5235156703138273,-12.734447242599344
576,11,-1.081729280059335,-10.006698139617129
577,11,-0.40901247792589857,-10.872454825733712
578,11,1.1462408884926845,-4.525843867995263
579,11,1.4515543435099971,-4.921947230613114
580,11,0.3343025552640029,-15.16671198395079
581,11,0.7348821138448329,-13.685509139866554
582,11,1.4955890642186205,-11.429170628645807
583,11,2.870470768733867,-0.635983029151248
584,11,2.74079442231141,-0.224252188068931
585,11,2.5117165758256306,1.6770920630901855
586,11,2.036299215686995,-0.38704093479464063
587,11,1.7037721318238255,-0.896656970409822
588,11,2.15391808251934,-2.823410569684711
589,11,2.1224121184295655,-2.0147378157666935
590,11,2.032925784525105,-1.84247371854417
591,11,1.7327373487887598,-2.8509996808197684
592,11,1.853031399120482,-0.38867900995364835
593,11,1.9514536849283104,1.8829790571976446
594,11,1.6978462730412502,-1.5045143185880079
595,11,1.4092214587462877,0.15332174804780152
596,11,1.3527310606687024,-0.9154727888794696
597,11,1.6037865556527322,-1.8000960391991612
598,11,1.6157512595382286,0.9065820694318063
599,11,1.6248384876680575,4.086406611398161
600,11,1.868258330205208,4.312771919120678
601,11,2.9365332997685982,3.5563330533923363
602,11,3.9528986633958993,2.049217563383081
603,11,6.486284856954626,-1.6468659337833742
604,11,6.4364186809161765,2.2114216348168156
605,11,6.495709453447489,0.5817196663242612
606,11,6.07119013641568,1.8170623064047504
607,11,5.785511840789695,2.9907540884905757
608,11,5.787365795081314,5.6438387825933205
609,11,5.058643398627282,4.13699079656044
610,11,5.402874294052708,5.931758670596992
611,11,6.088847374686338,5.068439607950495
612,11,7.102719385295131,3.8628134868508823
613,11,8.603823479789753,3.6629480067713303
614,11,7.750642426770355,1.1154690769576519
615,11,7.1775246128472645,4.959559296635689
616,11,6.722892236071857,4.138792641757391
617,11,6.686845369482398,7.046025930406358
618,11,6.665902088653638,7.382082781879035
619,11,6.793158024384866,7.896552619999056
620,11,7.549230519119192,9.43013422956028
621,11,5.950666462544177,7.086588698273772
622,11,7.012116331292418,1.213542635385238
623,11,7.661930526503966,4.829582036747524
624,11,7.221914752033626,3.767651700733495
625,11,7.631476460823251,3.3270220265812895
626,11,7.469733303243629,5.446654255928024
627,11,6.017609442356843,3.5369218299892964
628,11,6.63715904788296,7.236622974412057
629,11,5.962696793317264,6.186850578891153
630,11,7.6286185917160765,11.130382726981225
631,11,7.667813590942387,6.0045713409981545
632,11,8.126516327617537,6.373986464812788
633,11,8.272146049810544,4.824437637231767
634,11,7.015116674819183,4.901454950766038
635,11,7.033161372852192,2.002896131725265
636,11,6.020939020220794,1.7586109849607965
637,11,6.125337655844305,-3.0671140300032675
638,11,7.271729547612267,-0.1451699205690602
639,11,7.218170006513901,-0.2731143426253766
640,11,6.9862762887723875,-1.1089249625069897
641,11,6.263638179582813,-1.7347653958754563
642,11,6.969548157557256,-3.0806269129839166
643,11,7.129607119542015,-3.851861316014947
644,11,1.9503371725058969,-2.3893341849484386
645,11,1.8161376483412823,2.3839668630630513
646,11,2.0936720864883682,-2.8261617221428423
647,11,3.3094343414049945,-8.000377392873816
648,11,5.011951420749028,-3.367863890004628
649,11,6.701857597626258,-8.71768994910235
650,11,7.7210425846606086,-6.508837382471938
651,11,8.108929524571067,-4.070743207454598
652,11,7.341763651625115,-4.72986140808689
653,11,7.40871980173597,1.3577325709597972
654,11,8.148923642295813,5.029460338363606
655,11,7.976134356351395,9.510572516564935
656,11,25.778544495634378,23.102115454707473
657,11,12.50236210417279,20.810038474605335
658,11,12.006427171504583,20.1922757798352
659,11,11.741062355991744,17.404377361572642
660,11,10.87148092651023,22.032290052251938
661,11,9.707089642692154,22.90506622146404
662,11,9.428420063932208,20.71879007535881
663,11,8.316945992695764,0.08489806661555122
664,11,7.227365772230769,-4.062553151219163
665,11,8.159193083517494,-6.932121471588289
666,11,9.662448339178809,-3.9943838371264064
667,11,8.790092349097904,7.1057582463840845
668,11,6.82241548440561,4.065603553889559
669,11,5.431564414841887,0.2600310856737451
670,11,6.284511543984081,3.7932535602112694
671,11,7.566492341521553,10.479837560125816
672,11,6.98342233691892,8.269137940281325
673,11,7.952108380772188,5.2156233636319485
674,11,9.007368426904577,4.102728223827853
675,11,10.04440738221183,4.824846653181339
676,11,9.312968141055535,2.5576490109169754
677,11,8.244183722881644,6.980462118532614
678,11,7.674803911288109,8.104621047892579
679,11,8.271451398489262,14.801558806451794
680,11,10.130188895689571,13.784538783746939
681,11,11.41761608444449,17.52309305976587
682,11,10.569432428756954,17.488026212144632
683,11,28.756412673033083,28.268162549950375
684,11,25.754609414449078,32.729471745196406
685,11,25.804106372151182,32.625380920062526
686,11,22.90228842171473,24.981974543048636
687,11,20.520512137660262,18.05497436832593
688,11,17.81987456782099,17.041743384465917
689,11,15.86647905515565,20.674504910184623
690,11,14.56024457996864,22.67313592064329
691,11,14.486580080356362,29.34010385309739
692,11,15.217528579171812,25.50559800075189
693,11,15.785437582451777,21.417087151431588
694,11,15.534456473494174,19.97322889499719
695,11,14.953637576655638,17.134208606978973
696,11,13.687617142853014,22.239626449587377
697,11,12.427333307177832,29.587207075155675
698,11,12.15692980494623,29.146573313557383
699,11,12.144976967802904,29.310659615593977
700,11,11.844044348431453,25.40756842547762
701,11,10.991643200928593,20.54632133268933
702,11,10.920798184495652,16.818501631957588
703,11,9.75573680821799,24.454300943612907
704,11,8.957409417021154,23.27912790870323
705,11,8.645905626109197,28.624718830957136
706,11,9.64937955368805,26.25725035907635
707,11,9.832465864062215,24.183127218486334
708,11,10.154324959590667,20.417242120211995
709,11,10.515126748500734,15.646148809122678
710,11,9.316397881265402,22.835022799510625
711,11,8.595042420008213,27.52062568985184
712,11,8.97542185243492,32.54475194311726
713,11,8.939917132081973,31.281438896535292
714,11,8.809718528370468,25.577348310584966
715,11,9.263050518794444,23.470390062872866
716,11,9.614076562172158,27.078583398480987
717,11,8.331067867783531,30.710732048119098
718,11,8.138129685061358,29.349902720581667
719,11,7.0838873999528005,28.85983504241358
720,11,6.928286494537133,23.09973486639592
721,11,7.2037128228721485,19.571089826166826
722,11,7.633218946165471,16.949561244396136
723,11,-21.490681570349807,-3.084577450078541
724,11,-18.850436093021017,7.910392374083131
725,11,-16.56151069340831,15.441799143522985
726,11,14.529122213379196,40.69913742476547
727,11,15.724357011838038,36.76033591905707
728,11,-15.492415256328059,2.346999300949392
729,11,-14.85839010309428,8.486998247260999
730,11,-13.06411579385076,15.824037518957084
731,11,-10.177798014232394,22.489250858528976
732,11,-9.951683769605552,30.359656354257822
733,11,-7.599758408643538,45.00060279459376
734,11,-5.395843562981099,33.798682440601624
735,11,0.14744104715828144,13.041881576686137
736,11,3.559716814699641,18.241464173098393
737,11,3.967913004240472,19.247389204550927
738,11,1.8394692332340128,18.851645941224888
739,11,3.3681803129602486,17.49000468437498
740,11,2.887501107091339,19.897734411126294
741,11,-0.6525998905444794,18.22021310280161
742,11,2.0461031839904535,24.269116025417134
743,11,3.3466202595727736,28.74164512923744
744,11,4.474264450145711,23.270363633832858
745,11,3.487838932165687,17.847441233354402
746,11,3.1112405741259863,16.564561390229755
747,11,3.9609562967289094,20.487676484845906
748,11,6.029279418353326,31.924752653807445
749,11,5.551680446510545,28.935298137040263
1,12,0.05913105595027446,-0.6104484116340245
2,12,-0.1049018298917872,8.38980679762335
3,12,-0.7082064642345358,15.088652848732636
4,12,-2.1602278818781997,15.625266030327111
5,12,-1.7678766796980199,12.370959429739742
6,12,-3.604097759913202,22.32184467802199
7,12,-3.485689180997724,22.10054893112101
8,12,-2.073751795842327,29.090394139150703
9,12,-3.4888021134302107,26.1401132135843
10,12,-3.333171282118201,18.020298683823967
11,12,-2.331675229413122,16.85169399323604
12,12,-3.9565578544761593,12.620860190299027
13,12,-4.651775562532748,15.205771087424182
14,12,-5.707576994360352,17.706257049419037
15,12,-5.771464118426593,19.5458529003472
16,12,-5.648672324884501,19.482414791546034
17,12,-5.586486949480786,22.134983977648517
18,12,-5.46678694532693,16.258776098984526
19,12,-4.534753268488203,11.882568982545308
20,12,-5.237121601166109,9.193034607524169
21,12,-6.613525197122726,9.28126691466241
22,12,-7.85379324657697,14.492308096461784
23,12,-8.017041912928107,15.368075679009053
24,12,-7.956409740305389,19.26756912007113
25,12,-8.348155454465996,23.008828259397887
26,12,-8.588148966875451,18.80757503676159
27,12,-7.860901574347736,15.541551609436283
28,12,-7.099710912048067,13.602906319112662
29,12,-7.480553908410911,12.576461487635243
30,12,-6.298998067564753,9.677447014261816
31,12,-5.522010492150912,8.000446524178187
32,12,-4.075830243946257,5.162360684988926
33,12,-4.124121593378732,0.6092835925574036
34,12,-3.784889595308414,1.7981775822681811
35,12,-3.622698536758435,-0.42174846985926706
36,12,-3.106088581739641,-1.756513201808957
37,12,-4.358139155011486,-3.5760244164466712
38,12,-4.608719812798881,0.5165761773714621
39,12,-3.598122159946797,4.141481236745676
40,12,-2.1155363712578037,3.0028802775350414
41,12,-2.9366187920750235,5.383751332243264
42,12,14.22813758616121,17.29432679868023
43,12,13.147198515759555,17.307101272906948
44,12,13.674529116762642,12.469904508242507
45,12,11.440923843867495,12.11176795767824
46,12,7.977437893124261,12.323088343485324
47,12,5.053719626022939,13.122151077473973
48,12,2.625593602531808,14.041419721460443
49,12,0.49742078445433435,13.753019126823347
50,12,-0.516307173507812,14.575165047947849
51,12,-1.491854431754291,12.669974420071412
52,12,-0.6904312427031982,15.584582657503233
53,12,-2.254326811197643,16.003086209162575
54,12,-1.8977511867160501,17.202588839079908
55,12,-4.758789279943812,14.114722971091396
56,12,-7.3606071168978815,12.704278262794105
57,12,-7.970553333318094,10.922989012407925
58,12,-7.601537058408212,19.75529694755369
59,12,-8.081221034804912,26.288124458642415
60,12,-4.618392190035593,1.5322776317261741
61,12,-5.871141188879847,1.7434809447076987
62,12,-6.686624694561033,-1.2403866535560155
63,12,-7.220913557087442,-0.8748154352115307
64,12,-6.457878745736707,-1.846299681333221
65,12,-5.432248363940744,0.11273306654038606
66,12,-3.6585857846312138,-2.773080009077603
67,12,-1.3821568323428437,-9.635096155839165
68,12,-1.8136588189636313,-8.59351792257803
69,12,-1.4996042630682496,-7.610494585680499
70,12,-1.0369525146388696,-7.4713053975474395
71,12,0.06612630456584156,-1.5044986087268626
72,12,1.3175636134774322,0.5588608627467693
73,12,2.4745153286748973,0.8067538194527515
74,12,3.2770982529727917,3.9317560420613518
75,12,2.8012523484021585,4.254350263134256
76,12,2.40973282457162,3.1209790028169664
77,12,1.8239320251595927,3.0695423994966404
78,12,2.3111278266869704,2.623731063208652
79,12,2.130342532225768,2.3820495537029274
80,12,0.235157882850217,8.449232138758816
81,12,0.5913811845730379,9.570074948172078
82,12,-0.502208557087215,12.33455850057635
83,12,-1.797538780812829,10.35617883769919
84,12,-0.3252102564638335,17.6061546140063
85,12,1.2378837612277493,19.961801982602083
86,12,2.881318599037513,19.324668249187198
87,12,4.219149754756472,12.67205159076184
88,12,5.565739664362809,12.16108601277665
89,12,6.732722801959426,12.754312671555454
90,12,3.9402432350225354,8.979787230782676
91,12,2.1753844931308777,9.29999537500862
92,12,6.698627951602248,13.529571994428807
93,12,4.211784282002554,8.558101108906158
94,12,1.7014300314676802,7.175214483838317
95,12,0.8118029893739731,5.741453992272
96,12,6.926432825440315,15.537568523493064
97,12,6.554671133600095,13.608954575565804
98,12,6.562443864377201,8.258353566539881
99,12,6.522981864330177,9.21509116103789
100,12,6.509164634868284,5.282479240824614
101,12,5.094711920198279,7.169861708362987
102,12,2.6738239852948027,8.19558402041639
103,12,1.423277269330356,9.275398488057363
104,12,2.199493397038168,14.401205513724562
105,12,1.4237234742022338,12.028235174752808
106,12,0.9859410941908209,9.983534841938308
107,12,-0.3027397342511904,3.803833503788155
108,12,0.7777035962890295,-2.004611126653799
109,12,0.30949846626481303,-1.613901701947725
110,12,-0.4282107646795339,-1.4591241902380716
111,12,-1.8142165434846902,-1.121668897827476
112,12,-2.5982501451426288,3.008464339357488
113,12,-2.8120379777619746,5.2479406270358595
114,12,-2.9965296069249234,2.847277673210556
115,12,-2.069709168985355,0.933615878978344
116,12,-2.9048573210766335,3.762366028231554
117,12,-2.726257656348025,3.057880696571374
118,12,-2.427835470779428,2.818797351939793
119,12,-2.045809192602974,2.3550314141484705
120,12,-2.5452824639960454,2.766116732754199
121,12,-2.667334938132626,2.427721202662724
122,12,-2.9299553917417143,4.105878098937865
123,12,-2.875414563490267,5.174560189037038
124,12,-3.307255012216956,7.834004521447241
125,12,-2.2883806302506855,7.14024165448609
126,12,-1.7034472662926419,7.861553181394811
127,12,-1.7911657038512203,9.922097118386773
128,12,-3.0023768072178427,6.59869229204196
129,12,-3.26167966738376,7.970227877441175
130,12,-2.802716195290486,5.623989319240536
131,12,-3.1016202924502068,4.731566232435398
132,12,-3.5714186605055147,2.6822326770352447
133,12,-3.2714621094055474,5.293706852690775
134,12,-3.229502931445495,4.925407414643814
135,12,-3.330639465751119,8.315226668141804
136,12,-3.8703700026962906,6.154148749403248
137,12,-3.561301012338845,4.416669941622786
138,12,-7.996848277384743,7.867907277707673
139,12,-7.737654361445493,2.8931058656926325
140,12,-5.630797453804007,8.246083595919117
141,12,-4.364698880882315,6.94633698515554
142,12,-3.584500306942573,6.422460193477491
143,12,-3.0489040192815082,7.326673727535308
144,12,-3.28561861943399,4.785318986599123
145,12,-3.917313332154663,3.6897101681197455
146,12,-4.279094558387442,3.973962569410105
147,12,-4.513753919111878,4.068371896367353
148,12,-4.359211978995518,5.130354276736398
149,12,-4.506411347460016,2.841089363389983
150,12,-3.6819633781096854,4.645255114291103
151,12,-4.61974508637195,3.9989244240668995
152,12,-4.335296655624006,5.300465294053538
153,12,-3.4778921317729328,4.911398975078555
154,12,-3.169855248883323,4.233291030092914
155,12,-3.7346133642759014,4.298541673088039
156,12,-4.058477769800447,4.298093875767336
157,12,-4.338212048495734,0.12638941661225545
158,12,-4.981192566573554,-1.8732606201956514
159,12,-5.4677167001909766,-0.29580344662645075
160,12,-5.282390066225162,-0.5558910702129651
161,12,-6.06641805572599,-2.3341786228520505
162,12,-6.608503299072254,-0.6510808301909492
163,12,-6.759919298675413,0.7503175453921358
164,12,-5.895487513971602,2.054901764281567
165,12,-5.117226530336666,2.9725428565070615
166,12,-4.170584007161779,2.802089673741648
167,12,-3.321314707071906,3.6527535423492736
168,12,-6.124204494110927,1.6152161754098415
169,12,-5.21666833409472,3.9466660983853217
170,12,-0.9484141018037917,5.663153690642503
171,12,-0.07777325973711413,4.564528583870924
172,12,0.8113614525254889,4.009964072320145
173,12,0.7928141266211242,4.540260374013997
174,12,0.9115081529625968,8.345287128651762
175,12,1.447930273115162,6.645781982349035
176,12,1.3786596098298105,5.746644464022211
177,12,1.7070893988538955,4.5022683753531965
178,12,1.7768888259297455,3.5153751306352206
179,12,1.8100643889356434,2.10312303273804
180,12,2.1303862995173404,1.1948748614368014
181,12,2.810177926844517,0.2885045898756289
182,12,3.6768799631063303,0.7856000697611307
183,12,4.6592965033796645,0.5442999237311597
184,12,4.802099017758337,2.341409381552694
185,12,4.996179209943875,2.9864663238449793
186,12,4.89759058198706,2.787176323582571
187,12,4.396793982442432,2.1999444934290295
188,12,3.96975771968755,2.125744389157262
189,12,3.492102088331194,0.90337314804583
190,12,3.554917920601838,-2.223431194285695
191,12,5.03203703823965,-4.009859460743428
192,12,2.51127164592981,-7.153548843030876
193,12,6.97135866003191,-5.2664484750703195
194,12,6.355761749983685,-4.442530260861531
195,12,6.093417407832021,-2.9522901888758497
196,12,4.697882605208179,-2.6398589074751726
197,12,4.609579356453651,-1.4339280774374856
198,12,3.3626949575018443,-0.9905765332914598
199,12,3.4191139668600954,-3.7979837612138
200,12,3.9269740539248232,-1.7169645195026533
201,12,6.575588490726659,-13.250968591242781
202,12,6.345269431447377,-11.877044373199169
203,12,6.04835887894933,-9.918705017274078
204,12,5.051950955046777,-10.300174216778032
205,12,5.455365699398499,-8.505699915724108
206,12,4.618095518276277,-3.695041459653112
207,12,4.976642887551861,-3.1993984942173483
208,12,4.475402901279267,-4.7260388523809524
209,12,4.532842825388798,-6.296481961601785
210,12,5.009954018090866,-6.139443306336034
211,12,4.6217064160600785,-4.820141525206964
212,12,4.400136896018012,-3.125424452034167
213,12,4.487873460289848,-3.2543894728751184
214,12,4.541969855341449,-2.616196879152085
215,12,4.147082614682404,-2.8712784175449997
216,12,4.715629501748481,-4.731638405810372
217,12,4.905652401421321,-7.497017606686313
218,12,4.372032246204071,-8.257893225114458
219,12,4.382761131871121,-9.841561313764032
220,12,4.088607364063137,-8.817015911810813
221,12,3.014410137661798,-7.96309682012361
222,12,2.676658569533174,-5.614344567972694
223,12,1.6039639988566705,-4.551333067112864
224,12,0.7772891244130733,-7.522153872083436
225,12,0.7496997381786059,-5.619943090472589
226,12,0.5070434444114653,-10.173368282251431
227,12,0.011823336015368113,-13.362344097597997
228,12,-0.9272891380123838,-17.689353953862337
229,12,-1.9253937668436265,-16.640883127841334
230,12,-2.3660365360692595,-12.917677503830419
231,12,-1.8436739295339066,-13.382458388934538
232,12,-1.6473507219170642,-13.718269993007198
233,12,-0.3139109183666733,-15.754227389173138
234,12,-2.860072467791724,-21.350467278434735
235,12,-1.472824148608197,-33.68082756743752
236,12,-3.329754756994589,-32.19476689721432
237,12,-4.027812493030979,-27.56331648975265
238,12,-3.6363673070918594,-24.34052425871232
239,12,-3.118019173411085,-18.687778679774055
240,12,-2.0605421736063363,-14.88270082627696
241,12,-1.1173673957055144,-13.661924905927663
242,12,-1.1271357508157962,-11.894223988884733
243,12,-0.7414979270561162,-11.731723224869711
244,12,-3.802032858111488,-6.201611545254309
245,12,-2.3907168837349673,-8.179481504284922
246,12,-2.1323583742796473,-10.820254464229038
247,12,-1.2129009618365671,-13.700603888965816
248,12,-0.8088209878660564,-13.770073261363905
249,12,-0.750271022103334,-2.7290455859802023
250,12,-0.08708297742759896,-5.066841682075392
251,12,-0.2565091895976366,-3.817504906902286
252,12,0.03356354976131115,-4.329998224328847
253,12,-0.06833672243101319,-4.945356566935516
254,12,-0.11574234514864656,-4.925067877984475
255,12,0.1572817531750843,-6.390804627049874
256,12,0.14739245543933066,-5.633648611841636
257,12,0.5583059350583426,-4.011466489238046
258,12,1.3740387139550876,-5.400807219431954
259,12,1.972618865504046,-3.8490942657335836
260,12,2.3750706065056875,-2.257303639422389
261,12,2.7824379848743774,-2.221034228989083
262,12,3.516607266963547,-5.2036390530192875
263,12,3.9109923473042727,-7.895866956902864
264,12,3.8897906762795174,-9.608361507827794
265,12,3.4481707573559106,-10.419704908391395
266,12,2.9473155821106047,-8.291257906447754
267,12,3.099558572573187,-8.229704525501802
268,12,3.480356407785621,-9.670605225375766
269,12,4.662829857809811,-9.160364649960684
270,12,5.113803788377481,-7.666516868360304
271,12,5.823926009959905,-4.134647301294535
272,12,7.330597546281751,-12.574171637993459
273,12,4.565759782037276,-7.153611168355383
274,12,4.1103214283230045,-7.192692424444431
275,12,5.538747151013922,-6.618159251639554
276,12,6.569133815508394,-6.186318760433096
277,12,6.183075950076272,-6.014076081033636
278,12,5.3144811940155705,-6.1437424957684925
279,12,5.30454587290933,-4.401796951866345
280,12,4.8348896356974365,-7.86561534223074
281,12,5.696201508696504,-9.655631779863143
282,12,6.414161490459264,-12.82990508893181
283,12,6.906281708200368,-14.81921554609562
284,12,6.641234616095971,-12.679079558367448
285,12,6.151324618735089,-10.339607703013826
286,12,5.8358436527651065,-7.489823692942082
287,12,5.289050930257872,-7.677323675945445
288,12,5.022546838132257,-6.70443974250793
289,12,5.331807976085656,-5.7244340841098165
290,12,5.701337696035807,-6.98648942674663
291,12,5.537271628187227,-6.339949281895315
292,12,5.932740722284507,-9.327761842127984
293,12,6.152623027180198,-7.967794734434392
294,12,6.390718242460935,-7.949220664672794
295,12,8.160897184577152,-4.486983736876937
296,12,8.000016494387637,-7.764060230117138
297,12,6.738382693787571,-5.023443679661796
298,12,7.294428800470087,-13.386658117615298
299,12,5.989473463676404,-7.8924619720583
300,12,6.163790110937043,-7.334978860652882
301,12,10.763832977183483,1.1628152311368467
302,12,4.509036248130542,-4.694519939932434
303,12,10.737783266456972,0.38255719738663174
304,12,10.029317180301405,0.7393471818804755
305,12,3.7650664078137197,-1.7434001925803386
306,12,2.8867264514865383,-1.6218428712199966
307,12,2.547662037180089,-2.841631839719412
308,12,8.356197989277462,2.621164398035944
309,12,6.928711426359769,4.239086999322353
310,12,5.855760611540063,1.3940132199968502
311,12,5.054476814517329,0.9726573437892512
312,12,4.424829362740638,0.46987119147524936
313,12,3.6885567446306595,0.864675279117364
314,12,3.0389497090654913,-0.09530310699301481
315,12,2.576386454366002,1.2091690886127253
316,12,1.4790314704196135,0.5597863139355468
317,12,0.7629544685323708,1.6682503999409164
318,12,0.6222487676686796,0.7787221539492748
319,12,0.5174329582978316,-0.47608829328146385
320,12,0.4006683507368507,-1.970143487423229
321,12,0.1267220305999217,-2.596775822696145
322,12,-0.11318452347586572,-5.489664351593092
323,12,0.8999261362323523,-8.530611906473496
324,12,0.7539252739334188,-9.267103047215642
325,12,0.6228783605238277,-8.537967327180013
326,12,0.5208514299301896,-6.185047095671507
327,12,0.5136242339158343,-7.281037280129567
328,12,0.21808254070765543,-6.184494133771295
329,12,-0.22109982546953688,-4.568945384955441
330,12,-0.5281582526122293,-3.7663782660993093
331,12,-0.48402837360936246,-6.153864359101135
332,12,-1.0448089553419777,-7.063960673543988
333,12,-1.824061337852072,-6.162389674435872
334,12,-2.2097849740439415,-4.57800263484387
335,12,-2.872310842302795,-7.856168619124219
336,12,-2.0386281072278507,-14.823300022561853
337,12,-2.324055657137251,-12.779856473300242
338,12,-1.833624512654751,-10.91554489471855
339,12,-2.3793518133843463,-8.973667052663586
340,12,-2.6875762403706176,-8.885173921690694
341,12,-3.604402092692908,-7.218110874867307
342,12,-3.6147721222041582,-6.080997667644624
343,12,-3.828269330831972,-4.444587473438332
344,12,-3.0544399663695003,-2.611917210608226
345,12,-2.5449006556445966,-4.240196106001349
346,12,-1.9693125549874821,-7.503715964302501
347,12,-1.3402345675476681,-13.373560881455887
348,12,-1.5241096029239998,-14.013890915256525
349,12,-2.2163160791815244,-12.018475000433682
350,12,-8.121573626508507,-11.627580189133369
351,12,-1.2644503992032696,-7.256281046906224
352,12,-1.2306740569247268,-5.076523969255504
353,12,-0.968534669699693,-4.430109288303356
354,12,-0.8937172436853871,-1.7258719561359612
355,12,-0.2217671106036505,-0.922910924653479
356,12,-0.8567429401537083,-0.8076938372460063
357,12,-1.9358807056405567,-6.29732341082854
358,12,-1.4282908369932557,-11.270370913396619
359,12,-0.38723885139188496,-10.486004843188311
360,12,-1.6751720402780848,-10.66155674154561
361,12,-4.178107117116269,-9.181888211029218
362,12,-4.057922009950744,-9.304276730801575
363,12,-3.4662350463140683,-2.6813980463603
364,12,-3.15343299824508,-4.532470176454808
365,12,-5.233847206255632,-3.57716548420467
366,12,-6.936817936776606,-4.975223566862951
367,12,-6.69260392943761,-0.840182997060765
368,12,-6.311053941433784,-2.5043920217040068
369,12,-5.6858788671879665,-1.0434562856571574
370,12,-6.353391195171753,-4.890547257107755
371,12,-4.642881324741211,-4.84739498842373
372,12,-2.9935497731448777,-1.9799886201517438
373,12,-0.16312507210295735,-2.5438010750649482
374,12,-2.6393804096924214,-4.296053475000008
375,12,-3.4213800672305297,-1.1177401489276235
376,12,0.7504470396970646,-2.8538228188735957
377,12,1.6296447347103822,-1.4808347872567538
378,12,-0.005556410118515487,-3.8186682959603786
379,12,-1.7963919929543408,-7.177022497098733
380,12,-1.761882106293342,-2.6260369102128607
381,12,-2.285467526911816,-0.15162034724289697
382,12,-1.8601968372631745,3.0079462235753454
383,12,-2.6796430052272626,1.7055159506589916
384,12,-0.784546919978311,2.9357636048553104
385,12,-1.2584571471470554,-2.526761457250359
386,12,-2.3389482826478343,-5.434914068796388
387,12,-7.489470523450109,-13.265856508697652
388,12,-4.804805595550533,-10.002319061785784
389,12,-2.4630120793044625,-5.352358339237071
390,12,-2.056885483588303,0.3711700158110034
391,12,-0.5626330802142547,0.28931124052360246
392,12,-1.0320958733163934,-0.6651198302952253
393,12,-4.0316417759459,-2.9779573625337434
394,12,-4.254734790206385,-3.276303475008717
395,12,-4.70405686873346,-2.340302153042103
396,12,-3.8057093818270005,-1.614098021672362
397,12,-2.8598114652158984,-0.7041857515514494
398,12,-3.031691163774667,-0.7614762630446421
399,12,-2.0403066641074474,1.2864990995431071
400,12,-1.1633252609890405,0.0918142121990968
401,12,-0.8082123939338999,0.6801708452921957
402,12,0.7675829898189477,2.3505925068820943
403,12,1.488002213361142,1.5862136711712083
404,12,1.7151064110203151,2.732006679954793
405,12,0.6707443823243011,0.6314913298992906
406,12,-1.3993248741044226,-1.1049888776842636
407,12,1.3253935098673537,1.4943532601000697
408,12,2.6295927538094475,2.374571229562207
409,12,3.1683587322222593,3.267887609373247
410,12,3.600272470644086,2.2234932031942662
411,12,4.019773004341914,-0.2857278374585803
412,12,5.313848536833575,-0.7831566473405474
413,12,7.553439244446963,-2.789952782995897
414,12,7.592415918471488,-3.8223737723474187
415,12,7.993353001821561,-2.185323291628265
416,12,7.25183247269706,-2.420800843334291
417,12,7.773088847314284,-1.378851042540191
418,12,6.329791621168624,-1.1304612479907519
419,12,6.487016841345394,-0.1053032046656881
420,12,5.61120081228637,0.3779064888303765
421,12,4.550606987491847,-1.2667785684006958
422,12,5.116560132346422,0.5799985138801276
423,12,5.692817354616636,0.23246673198536882
424,12,5.21721082141994,0.5516098183370559
425,12,5.394633622397123,3.7786008674411278
426,12,5.349340737807324,2.8612045749359822
427,12,2.8986735071584917,0.09429314022327162
428,12,2.866533426251408,1.5683221654389854
429,12,1.7337698998435371,2.1301719989533012
430,12,3.810345159999997,4.811552389857752
431,12,3.332394348292837,5.511552086199117
432,12,5.317237147004562,5.020798575141271
433,12,4.995202008560227,2.9063773883881368
434,12,6.252551883048909,3.1988474420049897
435,12,7.813391245395906,4.18317268609735
436,12,7.936835501859605,1.8333086170596289
437,12,6.939198345065051,2.9023934885763083
438,12,7.776064579233207,2.473033294479137
439,12,7.639280990555562,3.9592415896077
440,12,8.443087220450252,5.367810110897153
441,12,7.884540364885652,6.7488779356535815
442,12,7.590259521650296,7.391474844404911
443,12,6.417414561895384,8.62085941512214
444,12,5.081272581067424,7.9954674814225655
445,12,5.619926089124419,8.558192589800456
446,12,3.9927795211415287,5.710331517331724
447,12,3.318445294553385,4.914813906539166
448,12,3.7180000953821946,3.490516491301605
449,12,3.669469751212091,3.611463120649205
450,12,3.747305092437273,4.55278771002213
451,12,3.1486801393857604,3.1489065399655374
452,12,-18.98725185177591,-9.292585853620949
453,12,-16.83636287811987,-5.506549669279593
454,12,6.629331776654908,11.085239668776012
455,12,-16.083439168158293,-6.603693872413714
456,12,-14.435424765676544,-6.7462511963849465
457,12,-12.977288362553736,-7.201779012898442
458,12,-10.135716844309172,-5.12913194968678
459,12,-7.99880885902985,-5.7537078053974255
460,12,-6.104005544214488,-7.4901110498494745
461,12,-4.941107530726185,-6.035795272369796
462,12,-2.7113533051524428,-1.9291756278062167
463,12,-1.4851241616306652,-0.4880081473984319
464,12,-0.24059396914617537,2.993579625781422
465,12,-0.09981746869198105,5.763246669936052
466,12,0.19526332077293773,6.457014322802024
467,12,1.5981839564328766,7.536566610173395
468,12,1.3971521398971163,4.074297456028944
469,12,1.0429411885015725,1.6746529894508058
470,12,1.623735352537551,4.9132600828297655
471,12,2.3368036444835525,3.759908742148582
472,12,3.0598483045059766,5.489717430708879
473,12,3.6544010521747623,3.3826823407407574
474,12,2.8851981723637437,2.7706180966852116
475,12,2.8808495619869063,6.316166511152915
476,12,3.1434003786880567,10.300099269209568
477,12,3.180888666500323,11.491861884052923
478,12,3.511687859774611,10.930807276387895
479,12,3.1180893001519507,10.804136780056979
480,12,26.195424789268145,31.32872421700813
481,12,23.188445251303165,27.88285638727575
482,12,20.121896503352218,24.798016432410805
483,12,17.213589659257195,20.602457214559763
484,12,15.303860048023125,17.040770846796477
485,12,12.496815383647117,14.37035287683193
486,12,10.65946366166736,12.818854831122735
487,12,9.75696527843047,11.476970869091929
488,12,8.263653453621373,7.361192046438191
489,12,6.41090365009768,4.711830024143637
490,12,4.794299820893684,3.5438102260131927
491,12,2.3486636842471853,-0.2450779414994031
492,12,1.0085731455355926,0.06263089623735141
493,12,1.9676386539140367,-1.1854045531781594
494,12,4.539952058406925,3.2486779510609267
495,12,3.0845407878632614,1.4504613066292222
496,12,0.26679850382606674,-0.04830156648949924
497,12,-2.168098931183522,-0.16084672265151312
498,12,-1.1868802556091396,2.3383241776737123
499,12,-2.9730065931371428,-2.124473345374099
500,12,-3.255197359016165,-0.33954727693435416
501,12,-4.9234887907196025,-2.151180843829934
502,12,-7.256696922164338,-3.2586564063058177
503,12,-6.884774997102795,-4.6800539128889795
504,12,-31.98221341959561,-22.946923381200577
505,12,-4.871318546678594,0.3560088177491707
506,12,-5.10003543215862,-1.002894429972912
507,12,-3.961730687246927,-2.0385826095916855
508,12,-1.5757389865739242,-3.3509166802869004
509,12,-2.898979778773537,-6.533447474328568
510,12,-27.047456117918955,-26.467794953227894
511,12,-24.372259233889963,-22.66978047295561
512,12,-24.441396602452187,-20.04411415551931
513,12,-21.016373213091356,-15.423671899056899
514,12,-20.29682572063848,-12.979801005390073
515,12,-19.354716969452056,-9.284929067795929
516,12,-18.506054191077965,-7.699516218081953
517,12,-15.510539344765675,-6.04108849423028
518,12,-12.50758465983472,-5.420170311297625
519,12,-11.172349655842481,-5.361779562362244
520,12,-8.169977699673836,-4.167316072048379
521,12,-8.26250177096881,-7.419098076658884
522,12,-7.102796188769389,-6.698904816266804
523,12,-6.297149659300885,-6.2348902106987225
524,12,-4.405602220281253,-3.0198199023852794
525,12,-4.830235824772899,-3.5234142866302136
526,12,-4.057348545728928,-3.1001914103480885
527,12,-3.211725579873928,-2.30330550896997
528,12,-4.837265924808889,-2.1352751339354654
529,12,-6.96294443610077,-6.363987139066012
530,12,-4.474894055495497,0.25031698967086413
531,12,-2.8296221153404986,0.7386613989301622
532,12,16.022001927761266,14.445372247202613
533,12,12.921370375806873,10.416679893871333
534,12,12.754282404952392,10.422828268960984
535,12,12.183870233285234,8.641031660728004
536,12,6.226286241695561,0.15559442017820402
537,12,4.901772065520163,1.653990478272135
538,12,4.462837878853861,4.452616638453037
539,12,3.317675528864129,2.507759671009808
540,12,0.47498145632653177,4.271262503983962
541,12,-3.3716850391856497,0.31779164001000026
542,12,2.6685584744409425,-5.523200312437439
543,12,-0.5997486786327499,7.111706621803023
544,12,2.331144543722985,15.76992468766366
545,12,-1.3471067831997061,0.5315137818115545
546,12,-1.9141784622406703,-3.943948852009271
547,12,-1.5518010329024037,-6.774461564042213
548,12,-1.4701194172175747,-4.723774474457969
549,12,-2.7387422335368683,-0.3514495004174023
550,12,-3.399677988921212,-5.209270618401206
551,12,-2.8355326547916775,0.1389171629480188
552,12,-3.941627425045226,-3.4191939427282705
553,12,-3.8064577468630887,-0.022464284258603584
554,12,-5.868695056663455,-2.4672504093668977
555,12,-6.04842595905302,-2.0003223171142963
556,12,-4.962743507589948,3.4248516711159027
557,12,-4.455794849643098,4.116587530794277
558,12,-4.29612865877516,5.012607932504579
559,12,-3.3049587290388445,6.622669596813466
560,12,-2.8807720248687474,3.023985179424926
561,12,-2.5402975511269688,0.24034583672164445
562,12,-2.666337419346746,0.9733233269062112
563,12,-2.60018646851222,-0.5340639217001808
564,12,-2.0065518628862264,1.4365704976235065
565,12,-1.4744856378401892,0.9103370957927837
566,12,-2.087728663074813,-13.3923847492606
567,12,-2.110436406640474,-12.359101469519373
568,12,-1.390930580570057,-9.214632429058838
569,12,-0.8621394220135699,-7.449025316928783
570,12,-0.15257280671994522,8.411064683712539
571,12,-0.3488016644387244,6.6966617712059815
572,12,-0.25608824652863404,5.084706252401702
573,12,-0.029107539761753287,4.272562541308616
574,12,-0.3163608947179455,-10.991887407601098
575,12,0.31368537608250335,-9.751150024567323
576,12,0.45372316100383614,-8.779597212531371
577,12,1.2208228684121423,-7.576340362862538
578,12,1.9872164944190445,6.088192106461975
579,12,2.565264477081655,5.870665427817585
580,12,2.350544293756684,-9.603548653527469
581,12,2.6797844780694504,-8.514131682313746
582,12,3.4116485291051504,-7.298515911168579
583,12,4.032103676395309,6.4159343008868746
584,12,4.14158461079478,5.484758576229979
585,12,4.003996158683549,5.07814724045511
586,12,3.6233472960057043,2.149933084024269
587,12,4.536941216770174,-0.6670273172712768
588,12,6.831940748222223,0.7427072033378863
589,12,7.846739884145791,1.3963829316380725
590,12,7.978164632836524,-0.021201375115197152
591,12,8.053362520226983,-3.8066747633529303
592,12,7.335715236284159,-1.444987202964512
593,12,8.919668336348877,-2.00268822084945
594,12,9.134307515402725,-4.844328898500862
595,12,9.708089625272805,-4.676203956079917
596,12,9.201520542718754,-5.923879760791351
597,12,9.322442261411197,-7.984898620882632
598,12,9.364006183000129,-6.56066879357968
599,12,10.50197116441359,-5.577302213685471
600,12,10.374185677514106,-3.350342118703338
601,12,9.448074565872048,-4.527714341866158
602,12,9.152386348037908,-2.2090215405332856
603,12,9.025520657921334,-5.592218772067099
604,12,9.923050087376396,-2.358663764109224
605,12,9.858335828555028,-3.7364778415567343
606,12,11.06183037683877,-1.0240068324555978
607,12,9.952545856683173,-4.446935606914849
608,12,9.640972638207131,-3.168950878317446
609,12,9.523155971431152,-6.933261017413315
610,12,9.832122935552434,-6.7741025084178546
611,12,10.070959811549983,-7.19746917899738
612,12,9.742905976603652,-7.197080541708601
613,12,11.13054312272834,-7.988337339067584
614,12,11.87182819699774,-0.9512463648161429
615,12,10.706077678019028,-0.4553766788303619
616,12,10.297602562520296,-0.5156617012335118
617,12,10.199604178840673,1.8540973306644446
618,12,9.787007497001468,1.6888901532320233
619,12,9.87942011621817,2.74945187492267
620,12,8.643234719707834,-1.6344957443370731
621,12,10.050925406490023,0.19809394067578978
622,12,9.756408962740352,-3.4124970464399667
623,12,11.811785219587364,-1.2624981956168995
624,12,10.999923724205473,0.566217815602613
625,12,12.645917719056342,-4.906177144739559
626,12,11.485457369272808,-0.8606147115251588
627,12,9.85227229818156,-4.435331707941259
628,12,9.77476386903163,3.826101746914901
629,12,9.03995645381383,3.075351150295319
630,12,12.949702705213895,6.951413530712671
631,12,10.567363713606028,2.349868062490714
632,12,8.838431195025805,4.006332265634228
633,12,7.139737597623935,4.7350290444937855
634,12,7.187232654599029,4.166949402042519
635,12,9.276830328567485,2.9380101237311465
636,12,8.982711540296805,1.554918230772273
637,12,8.120360867618729,-1.477341101564889
638,12,9.38484992337635,0.3972286893740602
639,12,8.66092864557777,-1.5441754095518263
640,12,6.775989051797296,-0.9786541439543726
641,12,6.130635061963403,0.1414617512964469
642,12,5.976735444189217,4.500750120673729
643,12,6.2653980545755985,1.7564279872640327
644,12,-20.890966004140864,-16.53309462094512
645,12,-17.44055162915174,-11.60344999962308
646,12,-16.787624791375492,-12.455071281779055
647,12,-14.290599820001262,-10.068557134613911
648,12,-12.026023824239019,-1.9082342311749017
649,12,-9.232291124133553,-6.299466890828626
650,12,-7.409440923900547,-2.9050017336667224
651,12,-4.403907822152178,-2.4903883773795314
652,12,-4.164142256987361,-3.81120778251352
653,12,-2.342748416055656,0.08965733834429557
654,12,-0.6240775935430065,3.0832242049573324
655,12,-0.010631587571879209,7.522513812686157
656,12,66.02321520863734,50.19295996485744
657,12,40.602132758934204,73.46951093725511
658,12,33.021684464275495,67.10610983757215
659,12,27.273026298425066,59.172025274458065
660,12,20.792280620010388,53.517588602755495
661,12,15.86159917437817,45.853703341216715
662,12,11.917313241077863,36.59331882014703
663,12,-18.527937731251768,-34.76564374323243
664,12,-19.44504397338642,-36.329832299246846
665,12,-16.359913965747182,-36.38499848126503
666,12,-13.742394793366657,-30.850537040931158
667,12,-12.01196395505849,-22.9452623260604
668,12,-13.176149867415916,-23.906793351204215
669,12,-12.400384946146005,-21.696149559248624
670,12,-9.392426141724172,-16.22735330192154
671,12,-6.136084027168181,-7.623532010133204
672,12,-8.079248741143601,-5.063490448579614
673,12,-6.8565306397285894,-3.7046517563931047
674,12,-4.76171366248218,3.7833573454017824
675,12,-0.9742585237236199,6.474825994475395
676,12,-1.4980866775676986,9.797102309573347
677,12,-2.0373947245861928,10.186305088180234
678,12,-1.9788809369902083,8.117318695181893
679,12,-0.49424182328129973,7.795655597055884
680,12,0.07460948100742826,5.613699896282924
681,12,1.889111269748355,9.346782255041944
682,12,2.4935634988205493,10.375763757386267
683,12,50.45729246902738,42.687201645409914
684,12,45.44887326867138,40.44274727622815
685,12,39.79753231113773,37.48638327081244
686,12,33.10366182263169,31.615075513638658
687,12,27.149172221831577,29.936220170759952
688,12,20.42119293788255,32.786025324993716
689,12,16.179795773079604,32.17692586307203
690,12,13.763668328218955,27.788596426385084
691,12,11.500055484683799,24.37004302499281
692,12,8.692299703428944,19.864852435602188
693,12,5.559472318403095,15.5397351358979
694,12,3.43253819446727,12.331771896127066
695,12,1.8799472911259727,13.288857197529978
696,12,-0.4823122834595779,17.511472371471427
697,12,-2.5906345348739706,16.869392465408964
698,12,-4.818736184435693,17.228448501633466
699,12,-6.122734206911446,17.09749256752366
700,12,-7.245520579580443,16.85189621365589
701,12,-7.4491996227598065,13.627112362597472
702,12,-7.265254108478985,14.10628812277264
703,12,-6.304278701820294,12.061344126414042
704,12,-5.659825059907234,9.127381488473475
705,12,-5.428936886503834,6.08213241397516
706,12,-6.288437479012828,7.584838978435073
707,12,-7.369716756224079,10.46937909659573
708,12,-8.687580345767856,15.13942227499956
709,12,-8.99003656424702,17.085630351216423
710,12,-7.921418917254414,15.227272262235601
711,12,-8.068384159862035,12.324194464274115
712,12,-8.045077285461957,9.238917453779322
713,12,-7.806680810014768,8.591780694567206
714,12,-9.223528321672347,11.720715536927855
715,12,-10.908147770646792,17.749266910370352
716,12,-10.228986663351861,18.406576778638737
717,12,-8.112764962618712,17.183427698858395
718,12,-7.075360684987572,15.74281249033902
719,12,-7.1885791040576805,17.610285845229555
720,12,-6.81466781306608,13.820339960167075
721,12,-6.462372928857803,11.081306510470313
722,12,-5.378436827997575,8.96722518343904
723,12,-46.99249852367666,-21.254343997587057
724,12,-39.58216196144622,-16.32500998800424
725,12,-35.2507044645281,-8.72813550489991
726,12,10.461814176201187,24.87016384538947
727,12,9.792266777234545,26.287574261050395
728,12,-34.432054081741626,-5.411102340963225
729,12,-30.57692958703683,-3.2711417797800095
730,12,-26.861531973740057,3.7146740971238614
731,12,-22.60539429057644,7.338099597103792
732,12,-22.078072967584376,12.46394709555807
733,12,-17.782920133233347,29.536960190358514
734,12,-14.707366318557433,20.609708926954227
735,12,-11.216281457750483,11.242883746433108
736,12,-5.213744613398376,9.344695553048041
737,12,-4.01278935629125,11.487519193993649
738,12,-5.305537955093314,5.163046057884458
739,12,-2.3212724472668924,3.956921570897066
740,12,-1.0210105881487834,10.000852500060319
741,12,-5.963101182856917,17.339205324262366
742,12,-4.491119872473973,25.161955723625397
743,12,-5.9797875601061605,28.226992447709563
744,12,-7.2578419975207,24.73997782886454
745,12,-7.089475676396432,18.71425643155453
746,12,-5.068164250036716,13.725522442186048
747,12,-4.059275305316987,23.4718903480898
748,12,-1.641273213959721,29.8472388636701
749,12,-3.4617311787797007,28.32613550107908
1,13,0.18794352223085298,-0.6741185735381805
2,13,-1.7896685387377147,6.402766877742124
3,13,-4.208086905780874,-3.1629771987227286
4,13,-5.032416570219539,-10.072499742572745
5,13,-4.108632653610584,-5.653761326666881
6,13,-3.6721492749802565,1.3566174203815535
7,13,-3.4497727542393477,-0.1772375640221071
8,13,-5.085186683003485,7.661813433381212
9,13,-3.8538396443091187,9.468679480442916
10,13,-4.8409002567159405,1.2538043268436923
11,13,-4.660794351268123,4.26998898611464
12,13,-4.3715504570755,1.0034948711836478
13,13,-4.0392723713248415,6.556216162213332
14,13,-3.986275385848785,1.6936855609014856
15,13,-3.7413352679559466,3.9600980038044327
16,13,-3.7083302592363907,0.8341573821794555
17,13,-4.196706472646838,-4.601388294077424
18,13,-5.209390007687944,-15.207686636860217
19,13,-5.156357451198346,-12.81260726239043
20,13,-4.7762025440060825,-11.099004240149497
21,13,-5.094684256028813,-11.12664608579098
22,13,-4.814933888849737,-7.866166302433612
23,13,-4.147822994966191,-7.218253214675315
24,13,-4.360244452093866,-7.1733148607204384
25,13,-4.284012799552329,-4.857275704690437
26,13,-4.000708182838025,-2.05339578173016
27,13,-4.096277875690248,-1.4870098656519986
28,13,-4.839234340375697,-1.3418741642021814
29,13,-4.594893925142969,0.15539052884241755
30,13,-5.462975779540102,-2.2977147576439165
31,13,-5.285468396763463,-1.641106464821405
32,13,-5.770042270708473,-2.4856920790880395
33,13,-4.793902296406486,-2.9539643395355597
34,13,-3.7551559132343755,4.503564388748146
35,13,-2.849370746161185,2.633082255823865
36,13,-2.844938368210933,4.923073103649585
37,13,-2.170252059764607,2.8636488840224956
38,13,-3.2004349417138656,6.361994640632474
39,13,-3.3945522682870433,8.179074505299923
40,13,-5.168147458697604,3.9509934310553945
41,13,-4.835389082772963,7.20497240377108
42,13,-19.830391815132316,-7.64160076269809
43,13,-17.660598592134193,-6.604708310863316
44,13,-16.358449463292345,-10.752690484617233
45,13,-14.093107770191637,-4.135988226426889
46,13,-11.718419760814868,-3.032644516383243
47,13,-9.117202507210095,2.2702800607758036
48,13,-7.893139481781873,12.261074881715558
49,13,-8.094784598830302,17.47927078759085
50,13,-7.460971213976336,17.35192313870266
51,13,-5.787206998224974,13.205460081965612
52,13,-8.771008184623497,12.022336073296174
53,13,-8.417687105035839,15.711136439260372
54,13,-10.714208284295637,16.000430865801263
55,13,-8.71425708129027,10.99551934535748
56,13,-8.433823067600315,4.578636201953486
57,13,-6.6691358523148665,8.745989110248047
58,13,-9.211724563783719,6.098577723205835
59,13,-6.7056002374702075,11.117065881949657
60,13,-6.358065787278065,10.282491429898073
61,13,-6.138516675184292,5.270414031791461
62,13,-8.427731631843926,5.568494171036946
63,13,-9.180277569809732,-2.590778800588396
64,13,-7.623818534745624,-5.236213476384364
65,13,-5.096873680017779,7.759246382475794
66,13,-6.3821971759580265,18.901254383615196
67,13,-6.534289298103431,30.955158701437995
68,13,-5.2697723639939795,27.486993752974286
69,13,-5.32076304000293,20.72992284439124
70,13,-5.923237115763186,12.586698223745316
71,13,-9.696475216682302,13.261566071544166
72,13,-10.554260640122266,14.180972391860905
73,13,-8.907822117317664,18.72692478838553
74,13,-9.951018221844606,14.493330887259617
75,13,-6.992113097148831,15.500023292056085
76,13,-7.264895863253514,9.366077122256684
77,13,-5.929740113577282,9.687249378016077
78,13,-7.791212278288185,12.27893092569866
79,13,-7.908888496478539,13.251126377405399
80,13,-6.082665589156022,3.363382473351521
81,13,-5.5998447292804485,2.4017210670813256
82,13,-5.713352497095002,-1.8280464412227957
83,13,-2.7533366210218446,-8.333806149531483
84,13,-3.727643318542505,8.285486600857894
85,13,-3.0444958199195753,9.837663630178213
86,13,-1.3581453844244606,13.817991264918419
87,13,-2.348736091837054,4.5922289600625845
88,13,-3.698913764013014,8.515790586753155
89,13,-6.910383653871577,8.547825256229771
90,13,-4.142737035141181,-3.473345908772444
91,13,-1.3780343307216754,-6.293419043948234
92,13,-5.288934687440815,2.430616529181407
93,13,-4.5259530751363855,-8.748938820426247
94,13,-2.9146975827570714,-13.460818414260757
95,13,-2.7788818941944555,-12.286384178886237
96,13,-4.984589242835682,13.07711434513294
97,13,-5.550500777702837,16.584084814506696
98,13,-6.387784085194653,16.033072855319006
99,13,-5.959555557361455,16.43539454161555
100,13,-6.123296815139838,5.147419582148814
101,13,-7.750555996062758,3.958354413343841
102,13,-6.746883221036114,5.622368751003705
103,13,-4.8334465607713355,11.85250498973619
104,13,-4.32975423566495,13.857573658973706
105,13,-3.952352129538667,17.326495168888414
106,13,-4.070988398314512,19.214396294804374
107,13,-3.6101196784575222,12.644328812009007
108,13,-6.469821825729014,7.67171695591378
109,13,-5.2116987663721375,5.812733156266404
110,13,-5.421746636588068,7.266000341403014
111,13,-6.298414418848552,5.1269612455625975
112,13,-7.3402988165498755,4.779353814860315
113,13,-8.078385386766968,10.066372762475112
114,13,-7.054166904765225,11.116881023792757
115,13,-8.401772870153764,9.84573857932628
116,13,-4.7683833538776526,15.49115867247383
117,13,-4.673155597801269,17.572174444951543
118,13,-6.083292623906345,13.370630761322445
119,13,-6.2502637594152475,10.65766506189675
120,13,-5.450943561102122,10.003095784904417
121,13,-4.4498730618083755,6.929581375889029
122,13,-4.029519281003559,10.480315681537832
123,13,-3.9338085663389393,7.682168169997112
124,13,-3.5041351053391736,5.13857476350131
125,13,-6.163577318407079,2.413767085513882
126,13,-7.762727326464301,6.548481982942121
127,13,-10.870518082555009,5.718524477186747
128,13,-7.325662091855065,5.697165373951066
129,13,-7.861706067466912,9.847584414454559
130,13,-11.14687498540843,1.577285795746775
131,13,-9.370883902803598,0.8672202805187226
132,13,-9.190665625268593,-0.8841080613005943
133,13,-10.27820288830344,-0.9660110033455567
134,13,-11.73778416740197,3.325472840051134
135,13,-12.091052126698287,6.14765088257036
136,13,-10.729275363298257,5.765131570086396
137,13,-11.757109480681265,5.919355093757531
138,13,-9.183114496747294,12.848054555247018
139,13,-2.823901405728975,19.30453424938878
140,13,-7.799067087041294,11.65690891141594
141,13,-8.716481643866246,4.342287357309942
142,13,-8.050631550546768,8.93660980555751
143,13,-10.67146564230734,2.243612092099738
144,13,-9.480938762017558,4.0165327749678
145,13,-8.219878241106471,4.937663568460266
146,13,-8.973438115715453,5.4357406710742
147,13,-11.144863970570896,4.564507119902373
148,13,-9.861944643430888,10.830789065026238
149,13,-7.662713189869919,7.117411567645377
150,13,-5.420716738086412,17.05196635926677
151,13,-4.7838540096968245,8.101336889260438
152,13,-2.5983051364746643,15.497788219991435
153,13,-2.720723119010927,13.280498128779982
154,13,-1.8195927685283095,15.061903428695587
155,13,-1.1168095130892652,13.628740338002899
156,13,-3.393192209488916,7.619624254489281
157,13,-3.3150158078237837,3.256698547072574
158,13,-1.0253049091875255,5.48485355079265
159,13,-2.355674828235351,4.747140764568485
160,13,-1.8157020368357735,6.838858938199792
161,13,-6.132153566625675,-1.1544042465925486
162,13,-6.280457571302122,-1.0202657895047196
163,13,-5.596483953608185,0.7178340131058576
164,13,-3.6465600067613195,5.986303079509526
165,13,-3.386756245682591,8.14393403194208
166,13,-3.5558307098126534,8.232469176087307
167,13,-2.744556469231611,10.641833656507515
168,13,0.1812343479791707,15.921427460848918
169,13,-0.058817907128741354,13.578052555544673
170,13,-1.8800031734358527,4.183834865599238
171,13,-0.8729959209499611,0.9737056470194148
172,13,-0.7499403458705274,-2.752159872402899
173,13,-1.2742172025732543,-6.5640116241520445
174,13,-0.5602542353713034,-2.7371835299295526
175,13,-0.9330532356207186,-3.212088356715867
176,13,-1.2024246547248367,-4.578812163895236
177,13,-1.011941217313506,-6.251576626710175
178,13,-0.3442319273872272,-5.609118478256278
179,13,1.4432068945152423,-4.948593713500941
180,13,1.3001706784848466,-5.221764238941432
181,13,1.9581973449667203,-2.7628301748682134
182,13,2.40836626127566,-1.0472808316899318
183,13,1.7100449060699248,-4.648463099426863
184,13,2.152345947267804,-1.178477428100905
185,13,1.9674641706069451,-1.0498450605527978
186,13,2.8681130958766516,-0.08903820695513787
187,13,1.6582101934627644,-3.8872138251585966
188,13,1.7350554806603213,-2.3884775147289474
189,13,1.979187388824812,-3.1083887336062617
190,13,2.788538122668342,-3.425890961764253
191,13,3.075582346815736,-2.0041516560245327
192,13,5.762765438189035,4.374816607190041
193,13,1.7368230783190484,-3.769119997085909
194,13,2.1674397500114537,-4.980183161750574
195,13,1.8324144763928416,-4.48399501192489
196,13,2.565127078941714,-4.205158225443938
197,13,2.990501386061169,-1.4416091125472121
198,13,4.674989683426702,-5.932857713122758
199,13,2.5445495305589247,-11.715646486640708
200,13,5.39291530409173,1.12898782128741
201,13,7.004726260226562,-5.657930428327745
202,13,6.313921789729648,-0.9880102046367938
203,13,6.055319810584933,0.6907123771024999
204,13,4.595486462312238,-2.679388747588746
205,13,3.818052137635732,-5.026339654747062
206,13,3.8084423460973085,-0.13356029390479307
207,13,3.22942488315266,-1.2752261090531647
208,13,2.514296137499514,-2.2263856758186193
209,13,2.5925813560293136,-0.23519203929527066
210,13,1.826327790409323,-2.5067508535448724
211,13,0.7502160281787837,-3.9409143135626437
212,13,-0.7963180665183245,-8.980921219967968
213,13,-0.857925996409449,-10.47630780609461
214,13,0.17928489578434892,-7.251284115669932
215,13,1.2559204440553913,-0.4746832299633752
216,13,1.3510828685739398,0.1484845067484457
217,13,0.8993105562763049,-3.5403229101070792
218,13,2.3449719833206473,-2.976789992130307
219,13,3.03800447089543,-1.6228119994566441
220,13,2.1310867557290294,-6.026706646748153
221,13,1.974805521383587,-7.19155031268383
222,13,2.3042915450987493,-5.136182069267306
223,13,1.28139409075402,-5.67646532775052
224,13,2.898858658621066,-4.540924989464656
225,13,2.975442746781482,-3.566169625796647
226,13,4.038587800666392,-1.6369967961695693
227,13,3.225192122993576,-5.786916083107371
228,13,3.539195145467147,-8.71985222172907
229,13,3.714201539792157,-8.150876338477246
230,13,3.4393249083796036,-6.891942989137533
231,13,3.1712225982000746,-7.500581511224027
232,13,2.0055061318144,-11.609717267076121
233,13,0.42091168406022916,-14.904334867734178
234,13,2.9698576364307883,-15.356699729652064
235,13,3.4277627867986666,-15.843477828162122
236,13,3.36442785898862,-15.298247652607188
237,13,4.457062548165595,-10.535200894453737
238,13,4.933627385632008,-7.05377441559267
239,13,0.6079583212913349,-9.707648433430677
240,13,-0.3147793739813096,-9.083984069553935
241,13,-0.1535861839138306,-10.919955728973946
242,13,0.12181168558799982,-11.854888688520077
243,13,-1.7415251346442346,-17.216721820537714
244,13,0.1443904899260815,-21.303390003000914
245,13,-1.1646516768214497,-28.391243103648776
246,13,2.818735853612907,-13.228142365845997
247,13,3.1835699416246825,-14.313651566883891
248,13,3.657972039712604,-12.03017449816116
249,13,-5.426045206794242,-15.193228579533297
250,13,-1.6214177682977606,-9.753626527490269
251,13,-2.4422006018930915,-15.025620110352975
252,13,-3.404594506966532,-20.197549182950752
253,13,-2.4547004630017,-22.306767160596337
254,13,-1.6666010698445461,-22.343811466435454
255,13,0.03364014771932489,-21.574841450224994
256,13,2.267728479553625,-18.526592702843118
257,13,1.368291035592847,-21.518574789919057
258,13,0.23062295393765453,-23.244007267244342
259,13,0.319813679325307,-19.42061508410825
260,13,-1.6662270036326845,-25.692759972113436
261,13,-2.860120333306895,-28.868771239800026
262,13,-2.3521179085314543,-28.247762014666932
263,13,0.9345658271672619,-20.30175139588391
264,13,2.55571574734995,-13.832894353353822
265,13,2.965700790432038,-17.31662726649438
266,13,3.9162359277743235,-11.879218278929784
267,13,3.8019301746271594,-15.176595305604678
268,13,2.4112655813505626,-23.669003219602473
269,13,2.003158001324209,-22.849060208420724
270,13,3.5310291054638583,-14.596505316314051
271,13,2.872309989632413,-7.759676425876933
272,13,11.002591070790913,-11.689054342660711
273,13,-4.21028590571359,-38.40246468700889
274,13,-0.576423401253578,-28.169026032875536
275,13,-0.5901127618922146,-22.77947454344121
276,13,1.2638129537035638,-16.06449763566843
277,13,2.9866228271280306,-21.73330620332763
278,13,5.904907469851878,-18.788476358940898
279,13,6.622582613910254,-13.33192160528597
280,13,9.706356803903873,-11.947336168775564
281,13,9.251999530893954,-12.0797710106267
282,13,12.218209267757175,-5.11768864991609
283,13,11.816114507038947,-7.65194586169082
284,13,9.68145300471906,-9.864451338467916
285,13,8.866863650188407,-7.752053502353647
286,13,5.615385385058289,-12.228418374469584
287,13,5.357128980551806,-16.629700961927483
288,13,4.254857487133904,-13.481221844029278
289,13,3.7146032631003436,-13.626810499340536
290,13,4.111410003754827,-13.84991536311918
291,13,4.54962873298382,-13.773294379805975
292,13,13.717832538644416,2.5119216142093137
293,13,13.605243656546008,4.263820238419612
294,13,10.16453213372506,-9.228110816170101
295,13,2.1025524188171403,-11.253474407719295
296,13,8.995688451925162,-3.53743210887842
297,13,0.34576846861546073,-9.508519467020278
298,13,6.546400120410908,-6.934317983405208
299,13,-1.8028046146373526,-12.700831017218434
300,13,4.494869473090148,-10.0544173622568
301,13,-1.7545195674838396,-11.507749138218287
302,13,2.4623073031862077,-8.920468096044488
303,13,-3.107829791560107,-11.461109828299413
304,13,-2.047801414971218,-7.4019073763893175
305,13,2.220445384656159,-0.8032889051273742
306,13,2.237497078646811,0.34459263113376437
307,13,1.2017593258378838,-1.1608661667585238
308,13,-4.329447360614722,-4.142960589828363
309,13,-4.353752730009546,-2.11901372952525
310,13,-2.925215635836139,-4.149307431723855
311,13,-5.100239978490208,-11.088956371045924
312,13,-5.308719115479107,-13.827366124426362
313,13,-5.010162346782636,-12.082102956157087
314,13,-4.630458253547658,-9.978490918969783
315,13,-4.38563998965401,-7.0079366899635716
316,13,-3.6902408189398557,-5.528977834997477
317,13,-2.345139316469158,-2.3140978138117134
318,13,-2.0252329027161977,-1.7629254876208051
319,13,-1.4700413116506752,-3.2684739322983205
320,13,-2.2868282862550586,-7.387103552890494
321,13,-2.553156647904416,-8.352843051755372
322,13,-2.059883148348945,-6.377965740287891
323,13,-2.338956724109721,-4.478950008515085
324,13,-2.177177063042109,-4.361357167590086
325,13,-3.4515969198068888,-7.218860327091988
326,13,-4.046308820982176,-5.938404300489765
327,13,-4.127124165850091,-7.886414310561804
328,13,-4.375419006616994,-8.137755989267589
329,13,-3.899627083310861,-5.642217063994167
330,13,-3.708262155932971,-7.520855078758814
331,13,-3.5062460882095365,-6.9587437682828295
332,13,-3.1467841622243213,-9.337433698097357
333,13,-2.0732312360300966,-5.160926963717657
334,13,-0.9462897289004104,-1.9246603284598223
335,13,-0.7780284317391306,-4.424949853716043
336,13,-1.5392223614603608,-5.20613308882298
337,13,-1.247772118694229,-5.234913552782473
338,13,-1.3990586993845682,-5.089965935700093
339,13,-1.3077105440511332,-5.509811574583182
340,13,-0.8743844921796153,-5.056222411273211
341,13,-1.916846752686979,-5.664890449256973
342,13,-1.635702808294809,-7.003537540304251
343,13,-1.0157300305227182,-8.14538272568143
344,13,-1.3459473391817482,-6.916483248179475
345,13,-2.231948560051933,-9.17928643401683
346,13,-1.7254750114875606,-8.38967073634467
347,13,-0.9177197831963895,-8.091585192969433
348,13,-1.8079712582130014,-10.964137144267397
349,13,-0.5184404453138995,-6.920183784667188
350,13,-0.9580566366680614,-7.328959285421206
351,13,-0.3943571749155126,-8.180139483118865
352,13,0.15884032888061483,-4.608592143559235
353,13,-0.4918391146220529,-4.372893463137643
354,13,-1.250204102857424,-4.777289088786347
355,13,-1.5661467444724622,-2.773811513960027
356,13,-2.078664787415164,-7.121480402585348
357,13,0.1115182874959828,-15.263995387916111
358,13,1.7032156707737158,-13.763256501564001
359,13,-1.5264930051916963,-13.609439358322788
360,13,0.13675823780977225,-12.068896028373729
361,13,1.2152761897195887,-15.70553864640442
362,13,1.3468826284615716,-17.00474199010978
363,13,-0.34491603097467305,-11.792295623760538
364,13,-0.18275850304553387,-13.95570626179051
365,13,2.533902575114098,-6.64429586794563
366,13,2.515431125912528,-8.983603367611977
367,13,1.6586629895318765,-6.496414218784821
368,13,1.5133381498994822,-7.8737092361445775
369,13,0.4549991563540061,-10.160432597002682
370,13,0.694701493429875,-13.331918307178057
371,13,0.850808141716243,-9.688596328344602
372,13,1.7314121590243303,-5.495781674707587
373,13,-1.098933128570934,-7.52815829633937
374,13,2.573228512349033,-1.9609384791788216
375,13,0.41016476286631587,3.819124612624819
376,13,-4.973241604335726,-0.3832589143887617
377,13,-2.0178988495786143,2.4236193960350647
378,13,0.254340966655036,2.00569289736427
379,13,0.5069936812828928,-1.0628788811593495
380,13,-1.2129093341736734,0.8137344224946901
381,13,-0.765257568337347,-1.5889532016888097
382,13,-1.8523829156415559,0.6263673028870471
383,13,-0.34866625101631143,-5.072023907267976
384,13,-3.6553398052110424,-2.7829311614209473
385,13,-1.9416053641443796,-4.432093508676644
386,13,-0.010758640644780826,-3.0346199666576013
387,13,9.21156134899411,-14.927770793877016
388,13,6.426795294351905,-10.898185015314994
389,13,3.545335532009176,-3.574763058554936
390,13,4.077842815557688,0.134218580389188
391,13,3.0600411992968475,-2.269344964838183
392,13,4.20866055036322,-3.4564384852253625
393,13,6.797122937447057,-8.047690316661146
394,13,5.760956222720324,-6.140826948431595
395,13,6.79726278309181,-3.227316796726427
396,13,5.206178050761537,-1.4900280010947426
397,13,4.975024193896843,0.7421458792302928
398,13,5.149459110746648,2.682066339942594
399,13,3.4247432835654763,5.187586221031779
400,13,3.6312948292938927,2.8659153539622366
401,13,1.7789751845612045,4.86997189030626
402,13,-0.7477442385420545,7.714705104958284
403,13,-1.685796262564054,6.944467238066409
404,13,-0.9714575238258476,10.191238145401712
405,13,0.484791215894802,7.802206850688208
406,13,3.9140783279499374,6.581030661591967
407,13,1.180522062264572,8.641346429042187
408,13,-1.7745149581287478,2.440992660614711
409,13,-2.162459208514065,4.3707548517575106
410,13,-1.90916769218029,3.8622819955771774
411,13,-1.8810316753238112,-6.707194055955824
412,13,-1.3978351119603758,-8.559029819896296
413,13,1.589512533238576,-9.301173269170704
414,13,3.3587346112685736,-10.054190813409832
415,13,4.267623592510063,-6.7194581195881256
416,13,4.734808542858445,-5.497031261824759
417,13,3.396379632387834,-4.555853406187225
418,13,4.69695763394202,-5.662309824434487
419,13,4.155861899150295,-5.635273946582856
420,13,4.638951934735815,-4.4531999408418415
421,13,6.967565952449149,-5.067396973325458
422,13,5.624607315302455,-4.917537912923308
423,13,4.995536892034579,-4.527103550825586
424,13,4.4203033471221715,-6.7606726355475075
425,13,3.5084309967078298,0.348649805227069
426,13,4.647329660781907,4.0065749884431625
427,13,6.330744812953526,0.6531652799562835
428,13,6.426807849632496,5.817788309862408
429,13,6.637885427296169,4.15519903470431
430,13,3.9460057614378456,-0.3136273109259946
431,13,6.5485942098212035,6.6953196430331445
432,13,2.706723866705943,4.565376657332308
433,13,3.5850642230025187,2.3464124227270986
434,13,3.007836530622626,6.170037474142873
435,13,3.583277577627996,9.160097425133472
436,13,3.6172440479194847,4.972021750774502
437,13,3.4462855114597915,3.051308805294184
438,13,1.7289771078349077,1.1728433940809282
439,13,0.4627172949440137,-1.7193718564792562
440,13,-0.17310834334330139,5.217383408453088
441,13,0.7787872162680287,8.768270151833804
442,13,0.6592631893245198,10.390653709292565
443,13,1.2676816820503518,11.519249077364293
444,13,3.6306438867450197,14.530277719981541
445,13,1.7513603799952762,16.154320084213623
446,13,3.729492417041911,12.888014873423572
447,13,4.242899271725037,8.444718069377132
448,13,3.644826504309094,9.378438660680104
449,13,2.1299850507193696,10.009270871331182
450,13,3.008246589493865,13.705453162997856
451,13,3.2846250638604033,7.680060767666191
452,13,17.800955052200152,11.457921923791446
453,13,15.309786400912344,9.556830099702665
454,13,-0.14685999555149465,3.6518132288381366
455,13,14.57094866213265,6.214970968527041
456,13,14.160906813426664,5.919642354618645
457,13,12.08184344961137,-2.2605381779453637
458,13,10.492264274984336,3.3153640849805015
459,13,9.498179037812406,-0.7226513888770114
460,13,8.797704170831821,-2.4394612505691384
461,13,8.430509693459499,-2.1868087031273262
462,13,6.298356235569372,0.20721366604561808
463,13,3.6904071177677906,-6.665406094838772
464,13,1.0194718113089039,-8.067532003795577
465,13,1.0625792769969848,-6.7745495037229375
466,13,2.7386770654347856,-1.78776394818874
467,13,2.362908576448717,8.933860038621333
468,13,2.8234575284423045,7.334567656979971
469,13,2.712916571937967,4.742588195683766
470,13,1.6591804223135114,8.288611322928773
471,13,2.5789534182786156,12.464712545812972
472,13,1.2212563720504477,12.291525953304017
473,13,0.8849234030749358,10.234584184831647
474,13,1.7106770098816924,8.60344129755299
475,13,0.3535061514485278,5.53549250340825
476,13,-1.100905617123317,5.340405177052162
477,13,-2.940894903035769,2.7222289077328696
478,13,-3.784656705030102,0.7703057076844289
479,13,-3.0231486052934997,3.493584038543304
480,13,-20.474529047260148,5.8272719761628196
481,13,-17.76143938237874,8.008335186732438
482,13,-16.08675540744025,9.263580679249344
483,13,-16.23519163655783,-3.174812135412594
484,13,-15.86584694519297,-9.841523167523974
485,13,-13.94082153895306,-5.546940868096044
486,13,-11.582792595326282,2.1846229198654328
487,13,-12.016878440628716,0.33734010250782376
488,13,-8.300959313978638,5.928256518961689
489,13,-6.095254546018623,11.076163037367678
490,13,-6.3688443505725445,9.188464861490047
491,13,-4.486861648168997,1.010502419286695
492,13,-2.8742009585766937,1.747000727163595
493,13,-4.401005179118329,4.197701156336279
494,13,-8.259534768740195,6.285088585076437
495,13,-7.170421303985677,4.271140917531966
496,13,-5.082182962092702,6.205016921447395
497,13,-5.117716032419594,6.516854303751188
498,13,-6.513056676677479,10.678334935039402
499,13,-5.073365578030462,2.3716434280522662
500,13,-6.192545889157373,4.861242783858188
501,13,-5.470343411641807,3.3123706765909446
502,13,-4.35746344313975,0.8146230515060324
503,13,-7.896277617435771,-8.418397949403698
504,13,13.382785284293277,-6.562389747233283
505,13,-9.598762641220674,-5.3578613775309805
506,13,-8.283898091109222,-2.21972594509748
507,13,-8.464192266419559,-0.8959094382457806
508,13,-11.801832373519574,0.0007076786539528257
509,13,-10.992868339928464,-2.634153534919733
510,13,8.62173681690183,0.15356693621038175
511,13,6.239517357519617,7.990909476035995
512,13,8.965347475810631,5.285405930471143
513,13,5.007335556962062,8.789766809923776
514,13,4.097385185643361,9.88470446674637
515,13,5.54381683104566,15.176723496452496
516,13,5.271617546140078,11.32440353407651
517,13,1.5355213809489214,11.335892596658823
518,13,-2.086266632028128,8.00553868177144
519,13,-6.468632433333369,-3.8531754422915583
520,13,-8.987402585928066,5.716377971271413
521,13,-9.56669385384248,-2.383617093225439
522,13,-8.320665044353518,7.824006234058061
523,13,-9.880396350564752,2.872151288104533
524,13,-12.57947888383842,0.1633529639648259
525,13,-12.089591587160612,-9.405892985869741
526,13,-12.631417121079721,-5.383579551554476
527,13,-10.142844061481355,3.7563646572996277
528,13,-15.818396308081446,-26.7353772405977
529,13,-8.30089059761076,-12.002738365418509
530,13,-10.130009895123749,-2.404346878638762
531,13,-12.753853286117192,-2.5568282934027593
532,13,-24.77272291398549,-2.522826056130043
533,13,-22.46644876074106,-13.149331610309446
534,13,-22.746948961340877,-4.698167482145664
535,13,-24.13498290876305,-3.305295886052818
536,13,-18.990400380579104,-15.089258576224438
537,13,-18.046416471530392,-12.384140260980075
538,13,-23.800050374502916,-35.755870248294286
539,13,-24.291731022883596,-38.62587109587389
540,13,-19.310246817785355,-32.083054939346994
541,13,-17.016062071205397,-51.89176344445923
542,13,-18.972591983510938,-29.72036895935298
543,13,-14.686439444427378,-25.458442368353417
544,13,-11.802393799040146,-0.5555076419548186
545,13,-17.425886513399746,-13.976973096726397
546,13,-10.137794587066765,-5.349158773435192
547,13,-11.015349995354882,-12.440732049033613
548,13,-10.538337627512192,-10.878957185099353
549,13,-8.403920511025717,-5.871932283874685
550,13,-5.296476108609113,-11.25660142008428
551,13,-6.977524901190918,-9.353461733489894
552,13,-4.9536594409705685,-17.304000861152417
553,13,-5.772930222444302,-14.382114450078689
554,13,-1.93912451730057,-17.59755415624568
555,13,0.6553708007031673,-10.552181566575655
556,13,-0.31059287321022566,-2.725455618791784
557,13,-1.1667818286582587,-4.692370356792253
558,13,1.1921867489190845,1.4162232273752124
559,13,-0.353019779373426,1.8992570184077522
560,13,-0.044490081746971555,-0.035218097797269365
561,13,2.2195161889821975,-1.125427099901799
562,13,4.0158647654388915,1.3468819155752954
563,13,4.557159488340403,-2.6666908005336154
564,13,3.5150856179516268,0.04103596357276729
565,13,3.285611045812857,-2.3715786982340887
566,13,2.0650327835055577,-4.592200918732715
567,13,2.505684819977432,-5.399135949797937
568,13,2.0911287287876803,-4.928326653650856
569,13,1.9056408655696941,-3.616509106006106
570,13,2.476919833586635,-0.9945964454452678
571,13,2.549011602966857,-3.802178950078087
572,13,2.5411739389055583,-4.901036241635211
573,13,3.105955043289214,-5.969410778496467
574,13,2.677118813170182,-4.9027895627355065
575,13,2.124427478152029,-6.69658525321438
576,13,3.6198245269920335,-4.517795149318772
577,13,3.1349988041943107,-7.447891069867865
578,13,4.35169419899421,-6.621723482285688
579,13,4.914933046906299,-6.354053075238198
580,13,6.2862761274277545,-3.3915005092292176
581,13,6.146150426373879,-5.45436290530688
582,13,7.369871345443698,-4.949735797884159
583,13,10.078377349267157,1.8096452926893107
584,13,10.082204397624992,-0.709683738351714
585,13,11.384748742437296,6.7327738539549955
586,13,11.509934831299233,6.333001641038209
587,13,10.347698337608108,1.559739567784618
588,13,8.968621681739478,5.884892903875198
589,13,7.063610017877181,3.0556211315670225
590,13,8.587270319474555,7.396581280866485
591,13,6.30998092671507,4.285262368964368
592,13,5.489985540702946,4.597518060225866
593,13,3.3921997806614854,-0.5804695684714716
594,13,5.990999937898778,-2.5455899864375624
595,13,7.477537774252141,4.505013123872459
596,13,5.793438833539767,-4.337385674448797
597,13,5.778601372197954,-6.442380828733576
598,13,6.318723872873306,-1.1251340153871752
599,13,4.430029171200658,3.151263928896242
600,13,3.9674539396778528,6.044688932985537
601,13,6.784930178019749,9.894175593570935
602,13,6.166533547278505,11.131777649361311
603,13,8.412409761290291,11.52276445679172
604,13,7.161525932063341,12.795159311918269
605,13,8.555929557438503,9.513586116017223
606,13,8.782363507725677,10.84079026510426
607,13,9.104903673147419,4.892267266096269
608,13,10.419331137140034,12.912560918946383
609,13,9.326521518784375,9.275069105730836
610,13,9.446099280735325,10.014263390379938
611,13,10.51727571171159,9.674456353134019
612,13,11.770891390241104,8.191415169708307
613,13,11.900117589000274,6.789493256809919
614,13,15.020835055271618,1.0366107487823228
615,13,14.445246357224732,-0.07901318738822738
616,13,12.590485319297386,-1.3733861220944164
617,13,10.288559853887364,-1.5656541165205908
618,13,11.207687309327866,3.383411833472337
619,13,11.347221821718904,6.522967848819917
620,13,6.309833409556177,11.614712549830301
621,13,10.999329456088162,4.332370008485896
622,13,10.946665546108761,-6.141027112671736
623,13,10.331724980546369,-3.2263103330121794
624,13,10.690406566547608,-1.5662325925784444
625,13,9.80757764066766,0.6630008107608774
626,13,10.680174576892568,-0.057685538762370925
627,13,11.565254495737463,0.9920403335704577
628,13,11.065646056315927,4.592931002324804
629,13,12.205688459814155,10.77355260137574
630,13,8.035592544962128,12.998354516577592
631,13,10.020706731181235,12.379318318173546
632,13,10.489790845902462,12.139154287757265
633,13,10.701736715450352,9.922184916150854
634,13,10.654226483093225,11.1603114872878
635,13,10.05341180799951,2.579605781685359
636,13,10.364292791850858,0.8857065365846211
637,13,11.73167946484591,-2.920800822224919
638,13,12.537959041027534,12.256966404135937
639,13,12.031543356391921,11.708410795574764
640,13,10.912945576627862,-1.1927055185974496
641,13,9.63673765628846,-3.115964617169084
642,13,8.341027208666674,-0.6183742375501424
643,13,8.378533150737894,-4.893126744462961
644,13,22.08082471171292,6.8026465284101505
645,13,20.873315877470304,19.20231390353615
646,13,20.9593837667162,10.025929364755712
647,13,22.34555403317063,13.705732819204968
648,13,20.38573291873854,11.42546676167035
649,13,19.547439452421713,10.275653121213054
650,13,17.352592778360304,13.05808852692553
651,13,13.522143805487758,7.070928804717141
652,13,11.130038541161412,-3.2992353982215263
653,13,7.993243813757545,-3.93910296231752
654,13,7.303164171289609,1.7539916474211168
655,13,3.821247533456699,4.801432496313737
656,13,-24.34115740814923,4.189187702886784
657,13,26.808648316569816,-5.03072004839737
658,13,24.802111416411208,5.15497504275163
659,13,18.875782890806477,3.644280333945744
660,13,14.025160584556033,10.745830865400876
661,13,12.095996240178465,17.70250170693157
662,13,5.518357315740104,16.45245603660601
663,13,-16.46922352456113,20.07392173070093
664,13,-13.138102918473123,7.975587488022029
665,13,-13.594438958101819,9.875941557854276
666,13,-11.586775811247207,22.712485238234876
667,13,-11.50083502081361,29.007431388302166
668,13,-7.4891103357003885,22.89046396901267
669,13,-5.051300712237207,17.412426772850267
670,13,-7.2747060185529335,10.191827489574734
671,13,-9.90249817117001,20.839708950706154
672,13,-7.2031050147234055,13.998011714615586
673,13,-7.728082031981103,5.54464068922357
674,13,-10.59335895931963,-1.0193352702151515
675,13,-12.636908055594176,-0.2635634694561304
676,13,-10.600392063499385,2.202411900322886
677,13,-8.344508358716666,-3.1618597758076703
678,13,-5.021127839585461,-0.004694885350545519
679,13,-3.664317557706454,6.931476558697113
680,13,-4.525729717868671,-2.0592985278913147
681,13,-4.353777075354628,-0.37289700215683297
682,13,-5.124379625869551,-5.536066558784796
683,13,-24.045841993270187,-5.707953334636841
684,13,-24.85380453480593,-14.592186289805795
685,13,-21.175607645855052,-8.580511141337638
686,13,-13.302616171216869,2.6257296079361367
687,13,-9.459754264298681,4.931409840245578
688,13,-8.967836883540258,3.4734542848261754
689,13,-11.549004145454091,-1.709068374743083
690,13,-3.3695173402647924,12.593488280828069
691,13,-3.369517340265702,12.593488280827842
692,13,-1.2840652345003036,32.886281489796374
693,13,5.679210447143305,53.27410567330185
694,13,2.0550752334420395,31.151570085552976
695,13,-0.44992430625279667,22.26212292390528
696,13,5.865394159101925,46.293865122223224
697,13,7.5549939663151235,47.77832933900049
698,13,11.741042960038612,60.98257414106956
699,13,15.0594571607553,74.9163075806191
700,13,11.943013322723345,52.847019210107646
701,13,10.565412221031693,40.739932754774145
702,13,9.35739500985619,33.91067106543733
703,13,9.158182090372975,29.878829155396488
704,13,8.173341233778956,23.82036535359248
705,13,5.99758213653422,21.129724179591904
706,13,4.791913332222066,15.962674439307193
707,13,4.900460504606599,16.397885300938924
708,13,4.537179297417424,15.033409671166737
709,13,3.059595948480819,14.279938833002234
710,13,2.3327307946901783,14.023348734423053
711,13,1.4551642719370648,10.393495908370824
712,13,0.9836847556025532,8.840200501929303
713,13,0.2009667942129454,7.576619083039986
714,13,0.5378198319067451,7.156743504264796
715,13,-0.7519771829420279,6.393162446991937
716,13,-1.797327974628388,8.253923344890154
717,13,-4.343957640127883,4.707843764658264
718,13,-3.7111405804589594,-3.119850241677341
719,13,-4.136526098693139,-9.620403040438305
720,13,-3.2089527333964725,-9.935120401194581
721,13,-3.4160784976274954,-6.15186041368861
722,13,-2.5193093121779384,-5.746272420072273
723,13,16.07946755292778,7.129835674682909
724,13,13.722959081920635,7.572260965152509
725,13,10.83356769729835,7.056929479610517
726,13,-7.662746825461909,0.6299064645304497
727,13,-6.732734439422529,5.874859142814785
728,13,14.99331636554325,3.7536610662596104
729,13,13.669529096207043,4.0118432285821655
730,13,12.36694541601446,6.671038524708365
731,13,10.50221561431772,11.453459154301072
732,13,8.828781526117382,11.871129644123357
733,13,2.989849757597767,27.46250313499513
734,13,1.3482827222251217,20.42989740509256
735,13,2.0321538392008733,-0.009020966832395061
736,13,-2.7628349904853167,-0.3326962644368905
737,13,-2.424925413249184,-0.9743674815413215
738,13,1.1598223883702303,-10.310807253868461
739,13,-0.4197502591123339,-8.013778958783405
740,13,0.3647842475820653,3.148244076629908
741,13,4.478711376038518,-3.16237770830503
742,13,1.403718197827402,0.309639158239861
743,13,-0.03411961694200727,3.3972381566272816
744,13,-0.5809032836723418,3.3066947122360943
745,13,-1.6071478503690741,-4.8960060170461475
746,13,-2.360410973119542,-1.6153733663231833
747,13,-3.6281964771860657,4.758219984253628
748,13,-6.864198903929719,5.546352215795196
749,13,-3.667131178697673,2.7405002258360582
1,14,0.02846142112139205,-0.7970424699324212
2,14,2.5907624060628223,2.625628772096661
3,14,2.248957853518732,9.799108235517451
4,14,3.3369940154889264,5.443141327722969
5,14,2.428098497933206,0.9562198945213822
6,14,1.2633831570965413,6.390581490761178
7,14,0.07368696841331257,1.2648128370919949
8,14,1.4256811980858402,12.885958749880047
9,14,0.04488017341827799,16.251284261133605
10,14,-0.6363070582356158,17.013203705635078
11,14,-1.5900629300695073,24.317199586781044
12,14,-2.1175946757221027,20.354333994765966
13,14,-2.3516374546270526,20.742867415072396
14,14,-2.6784387450197755,13.698046883658208
15,14,-2.5535258497493487,16.033337024291086
16,14,-3.583704660879448,26.006688865040815
17,14,-3.715358792956067,21.44049572791846
18,14,-3.8839154725219487,17.389477860173884
19,14,-4.318836006190395,16.81315767429487
20,14,-5.113972504926096,17.93402969573208
21,14,-5.586489605900169,13.410341743088338
22,14,-5.929956424156444,10.993481660678299
23,14,-5.601988631732638,9.702195583652156
24,14,-5.884376071055158,11.997791753553884
25,14,-5.943313008973746,17.002449705363233
26,14,-5.798220870314253,21.88415082411757
27,14,-7.657963391799058,24.58452044456135
28,14,-7.554533917237677,24.090000532642534
29,14,-7.760627592570017,20.797483456644386
30,14,-7.100238551860457,16.532593839783203
31,14,-6.815021359750972,14.403022110861002
32,14,-6.683160443423731,13.528497752399744
33,14,-7.237971594384362,17.085839348224454
34,14,-7.773532400788099,17.762388968221785
35,14,-7.960411065243534,20.501255672030766
36,14,-7.977638380607459,21.859340113029248
37,14,-9.16007663124492,18.449445755186844
38,14,-9.22276021037942,17.656399164057348
39,14,-8.464073991946861,19.49431915624018
40,14,-8.53819443399243,15.512964334812295
41,14,-9.219597729827,24.793651332798163
42,14,-10.823163675984688,23.670022682330455
43,14,-12.669986608721047,21.787887474745276
44,14,-12.553212335625176,19.224862646324254
45,14,-11.571174203439114,19.201260423329586
46,14,-11.550969194042409,9.148193981014174
47,14,-11.922687219675026,6.979879915895253
48,14,-13.409556646985948,0.018340441808504693
49,14,-16.735081683834323,-9.474117683846544
50,14,-18.787529721337705,-12.560275883674421
51,14,-18.960437533355616,-7.314656130283311
52,14,-8.143829036256648,1.5241379073017924
53,14,-8.143829036257557,1.5241379073017924
54,14,-8.143829036257557,1.5241379073017924
55,14,-8.143829036256648,1.5241379073017924
56,14,-28.894860298154526,25.018224119326078
57,14,-27.373029688842507,31.38401834016713
58,14,-25.762179713728983,32.75459389278785
59,14,-25.24980805204723,25.273771357154146
60,14,-24.31459446200006,21.801391057242654
61,14,-22.825191633011855,17.718002538480505
62,14,-22.014359501254148,10.74075124830324
63,14,-21.84299576988451,7.944257385675883
64,14,-20.556001904563345,11.32965349899223
65,14,-18.91427921696595,15.274666795313351
66,14,-16.776778958023897,23.85679056322806
67,14,-16.95609717492971,20.652896017140847
68,14,-16.931411390341054,17.93265301228621
69,14,-17.264602565349378,12.626707389113108
70,14,-15.817249094481667,8.706510231925677
71,14,-13.921502769378094,18.9505895171842
72,14,-14.380674055228155,16.611832997152305
73,14,-13.605525583831877,19.666014927667675
74,14,-12.262700813977972,29.311845378544604
75,14,-12.146689423197131,24.602452111576895
76,14,-13.071212752751308,18.67293297795186
77,14,-13.670831193991035,14.133619582676147
78,14,-14.93524662145228,6.17214343618798
79,14,-14.73514986932787,4.4929356465545425
80,14,-11.94978733825792,12.471036371530317
81,14,-10.876539704842799,14.242275050349235
82,14,-10.816158222385639,16.8770067260848
83,14,-9.475342752013603,16.84048482318849
84,14,-10.649478831279339,20.837419425972257
85,14,-9.80490862249735,18.46253986953434
86,14,-7.753774754984079,18.68654262050586
87,14,-8.36696265779392,8.911133369929303
88,14,-6.4537090582925885,23.909145572339185
89,14,-6.287242473207698,27.781693076985903
90,14,-9.53835303190317,16.36554587644605
91,14,-6.769001504617336,18.599952158261658
92,14,-6.877236586296021,20.653351562245916
93,14,-6.785399800057348,9.75883551095285
94,14,-6.406821993845369,5.983887710768613
95,14,-7.122817759471218,3.1599838488600653
96,14,-4.15467836980406,17.643674268085306
97,14,-4.3239031161565435,23.027325999967616
98,14,-4.032136444659955,21.35117610844827
99,14,-3.285492749379955,23.697618850590516
100,14,-2.115447534332816,21.814820233080354
101,14,-2.8304460388162624,19.97076379965256
102,14,-3.650109058302405,15.172089017509279
103,14,-2.4490586855663423,15.267592214952856
104,14,-0.933112051324315,17.811329052668043
105,14,-0.2007636694015673,20.70613811676685
106,14,-1.0218496343295556,18.729670322075435
107,14,-1.2060637998165475,12.631602224208109
108,14,-1.0042302395422666,11.531636364206861
109,14,1.2274853482304025,15.382496707023165
110,14,0.5922278701773394,12.794648554726336
111,14,-0.17511466867745185,11.061325210668656
112,14,-0.44396357269397413,12.10823104478095
113,14,-1.911865565663902,9.935951541201575
114,14,-0.8929681444151356,14.715459432206444
115,14,-0.4298392747741673,13.991575629225736
116,14,0.9749994039229932,18.7503738654259
117,14,1.3528490885637439,18.85922677842882
118,14,1.226894681356498,17.230746696420283
119,14,0.7587485422491227,15.864100249832518
120,14,0.7423012965955422,12.231903445477656
121,14,0.915353664223403,8.259499242910351
122,14,1.2501471773275625,12.236076476020571
123,14,2.308935132111401,13.098254413611357
124,14,2.8632552433473393,13.096182431879242
125,14,3.430912161335982,17.284910486217996
126,14,3.9567257359722134,18.02791723604605
127,14,2.7208711643352217,14.919876457533974
128,14,4.1853618564719,11.710917958723257
129,14,2.6563528341521305,11.587923627320379
130,14,1.3392580050376637,9.160978313444502
131,14,2.2465681449302792,12.258941762519498
132,14,1.2701582111085372,12.294427056905988
133,14,1.2069925078076267,14.157026852685703
134,14,1.2604320906957582,18.871665521687646
135,14,1.5514251703689297,21.655208657572075
136,14,1.04142640450209,16.034464871846467
137,14,0.9981176396404408,12.844480658469365
138,14,-0.6464872917822504,11.931149984011427
139,14,3.598648860445792,17.204899745509465
140,14,-0.32164189805916976,10.894074442835517
141,14,0.21926717524274864,9.12967513547028
142,14,0.5656764655868756,10.333725518043138
143,14,0.26163360302871297,11.702115316993513
144,14,0.05577020440796332,10.76629799427883
145,14,-0.2502320090216017,10.56534291245589
146,14,0.02846078654147277,10.611421118969702
147,14,0.25278513916782686,10.108534200827307
148,14,1.5574862619150736,10.912046105202535
149,14,3.1376661327412876,6.618923051119964
150,14,6.299563593304811,15.305443855680096
151,14,8.26570569539399,14.377842794368007
152,14,10.032020643282522,13.029889741304032
153,14,10.803556924668555,11.843100774525738
154,14,10.66675628926987,8.445726856160945
155,14,10.724322523838055,7.919402887609067
156,14,11.1468610883785,6.690256124756161
157,14,10.994678398797987,3.5652560751614146
158,14,13.973413519513997,9.272148141894831
159,14,15.914229639661244,7.860408476653902
160,14,17.085597041862457,5.52278673328783
161,14,15.47641199402915,2.4249511784973947
162,14,14.744144398034223,1.6617388177501198
163,14,14.893079638793097,0.38988592973691993
164,14,15.338957390642463,-2.5199950395917767
165,14,16.03514242739766,-2.7468395499818143
166,14,17.19096898054795,-0.8341828340917345
167,14,18.846120770904236,0.8710519322639811
168,14,20.092194039456444,1.2027035521159632
169,14,19.390350828476585,0.7777147457627507
170,14,17.674575033021938,-7.531814362854675
171,14,16.893299275103345,-11.005207920228713
172,14,16.408517524913805,-18.74918556495959
173,14,15.63627391677619,-19.32480164300887
174,14,16.35971923093257,-12.437485660094353
175,14,16.193195608131646,-11.899778591597169
176,14,15.927777457728553,-11.421046152811869
177,14,16.880645591388202,-10.814716870969278
178,14,15.621697351013609,-11.466021166842438
179,14,14.750672986903737,-11.81241823818982
180,14,14.47798957332634,-12.818001887635546
181,14,13.51063163249546,-13.476442160875195
182,14,12.818219582480197,-11.93536242565824
183,14,12.483189787942138,-8.711769259418361
184,14,11.073187057391806,-9.521325626043108
185,14,9.616371357335083,-10.7270795291779
186,14,8.904469418677763,-9.804750758137743
187,14,8.249398139493678,-10.271183631854
188,14,7.514088667168835,-13.31392766737099
189,14,7.1953317668812815,-12.666529080350301
190,14,7.272756323943213,-9.583794578325978
191,14,6.920034682269943,-7.583169782880759
192,14,6.180729013246491,-2.580229469222104
193,14,6.051029340972491,-4.920199189245068
194,14,5.1954733244074305,-4.688383276227796
195,14,5.4841991719822545,-2.8485562900787045
196,14,4.618724729571113,-2.11352252818142
197,14,4.9146775186627565,0.3744350177821616
198,14,4.317485720868717,-2.3310543231364136
199,14,3.2716988495722035,-6.195235842248621
200,14,3.2816119745994,-7.671827400129587
201,14,6.919278627337917,-11.010566949566964
202,14,6.188169843517244,-5.053633269485545
203,14,5.979795109973566,-3.6650808338044953
204,14,5.429056362191659,-4.412314551553209
205,14,4.7837045253736505,-4.7360625079681995
206,14,4.520354113069516,-0.8461045813974124
207,14,4.046206052687921,-1.0974615144241398
208,14,3.330103214819246,-0.9051506310524928
209,14,2.8662701136136093,-0.765290573324819
210,14,2.5723761991284846,-1.599103123925488
211,14,2.1727597098461047,-2.701650483832964
212,14,2.1862296875779066,-4.848375566172763
213,14,1.5642608158004805,-11.686865481016866
214,14,2.2704934333787605,-7.614716674515876
215,14,2.108040336869635,-6.000916429674362
216,14,2.2191785226868888,-5.446776361811317
217,14,1.9580637973931516,-4.9530489500602926
218,14,2.0239482039542054,-3.5577294636386796
219,14,2.3295400861097733,-3.0931519495352404
220,14,2.187094031111883,-2.3402622877629256
221,14,1.9601526581573125,-2.2858574425317784
222,14,2.1959656123544846,-0.2615774076411981
223,14,1.7920027293102976,-1.3376213006504258
224,14,2.1967556524996326,-5.601722347124451
225,14,1.9738168605917963,-4.8283770412053855
226,14,1.9688468181138887,-6.791119349624751
227,14,1.4317494043307306,-6.794722961018124
228,14,1.5059129978626515,-3.64818644593106
229,14,0.6241803544035065,-5.11042560748956
230,14,0.0639418302971535,-7.761788200987212
231,14,0.502596788937808,-6.480969325700244
232,14,0.09238541958347923,-7.398434777321199
233,14,0.10660066257241851,-6.221377514723827
234,14,-0.1369013520761655,-6.152529099169442
235,14,0.2522225745678952,-5.7746029070076474
236,14,0.7907283380855006,-4.788316252248478
237,14,0.8303652248087019,-2.6789170809561256
238,14,0.752543959578361,-5.218984353382439
239,14,0.3002548953636506,-4.981004767590093
240,14,-0.1487211616440618,-5.040562994402535
241,14,-0.12019039863116632,-5.4537063355783175
242,14,0.019862745615682798,-4.046794538786344
243,14,-0.6605187605009633,-2.5344464606214387
244,14,-0.7735479843740904,-1.0651888209176832
245,14,-0.4151338397477957,-1.107472382056585
246,14,-0.7128332950687764,-1.1076946389748628
247,14,-0.5591744330695292,-2.132280100068783
248,14,-0.8263416952422631,-1.8629385835411085
249,14,-4.423229393186375,-0.25362211313859007
250,14,-3.7368371450074847,-3.191794309778743
251,14,-3.849994830223295,-3.7420489222640754
252,14,-3.5025229637867596,-5.55502204059394
253,14,-3.8496152935176724,-7.296006177769414
254,14,-3.623525011837046,-7.863717118229033
255,14,-3.236085367581836,-9.11064499791155
256,14,-3.1413991185581835,-10.85210322813873
257,14,-2.9545912739949927,-11.011392893525226
258,14,-2.803650585525247,-11.544385527094164
259,14,-2.5813706055751027,-7.956299199693603
260,14,-2.793906414935009,-7.610973799513886
261,14,-2.611594285971478,-6.225132866348758
262,14,-2.3015520398876106,-8.313450710065808
263,14,-2.4971408327674,-7.206852354263901
264,14,-2.674493257789436,-6.232525431289105
265,14,-2.9531473306669795,-7.65980141399632
266,14,-2.7361392562743276,-5.949251107082091
267,14,-2.761951505264733,-8.20224044483075
268,14,-2.3385059281445137,-7.882755847554108
269,14,-2.4764824281228357,-8.211907259529653
270,14,-2.117061785619626,-4.874827860604455
271,14,-1.988758568429148,-3.1363239994861942
272,14,2.0554983611773423,-2.116797204444083
273,14,-3.2539612678256162,-3.9668112509079947
274,14,-3.608850824957699,-3.3294882371064887
275,14,-3.358593799370283,-2.0554736254189265
276,14,-3.23781051813512,-1.7380524321570192
277,14,-2.898422255022524,-2.838451205007914
278,14,-2.7137915682087623,-4.7970644287388495
279,14,-2.8119210664372076,-4.315713027824131
280,14,-3.332596947851016,-4.852588319934512
281,14,-3.5056085514561346,-6.457460845016612
282,14,-3.9550722213625704,-7.425815528215935
283,14,-4.379984004713151,-8.552626683587732
284,14,-4.603708165489479,-7.283362659247359
285,14,-4.795722654042947,-5.077080037805899
286,14,-5.343046353472346,-6.020284673937567
287,14,-4.752385857050285,-19.017552220926518
288,14,-5.427055439094147,-28.490763994373083
289,14,-4.560744155065549,-19.29011885012187
290,14,-4.8523684462561505,-8.799219974961488
291,14,-4.048810560449965,-5.086750433131783
292,14,0.23629968314162397,2.3618710954160633
293,14,-0.2818607205981607,5.044182905857269
294,14,-1.216448288403626,3.323598726358796
295,14,-5.664201475193295,-1.0664145526352513
296,14,-2.1319158917995082,-2.500978771889095
297,14,-6.939276255589903,-1.650582842892618
298,14,-2.048495969981559,3.2521534608222282
299,14,-7.382168301484853,-1.0150689261818115
300,14,-3.3080172954360023,3.919772036939321
301,14,-4.136881478787473,2.4482169990715192
302,14,-3.3078248057681776,4.609906167227564
303,14,-3.4878028339553566,1.8224634338785108
304,14,-3.3782085690072563,-0.5530286168877865
305,14,-3.817260016147884,-1.6225772033785688
306,14,-4.178629791095773,-2.69176524055365
307,14,-5.086852753795938,-3.4525344979856527
308,14,-5.942205210680186,-3.567076706869557
309,14,-5.8305776887873435,-0.8590462615502474
310,14,-5.407897333488108,-2.7494446466898808
311,14,-5.347200779923696,-2.541204117443158
312,14,-5.380259566864879,-3.082892828238073
313,14,-4.993610234722837,-2.336179035758505
314,14,-5.0169155569865325,-1.2831901249619477
315,14,-4.968671711342722,0.5577563388051203
316,14,-5.807448613853921,-5.291176045559041
317,14,-5.714869886261113,-6.3470203595215935
318,14,-5.172906004832839,-7.7729035869197105
319,14,-4.8416672672565255,-8.109794317822889
320,14,-4.40033886938636,-5.321610875887927
321,14,-4.469038705379717,-5.302319767544759
322,14,-4.319980839808522,-4.7054213678929955
323,14,-4.787915711236565,-3.579394950866117
324,14,-5.092419413778771,-3.4606017390797206
325,14,-4.654082023938827,-3.27935567732402
326,14,-4.237271408994275,-2.062492246331203
327,14,-3.8171928297106206,-4.187294027564349
328,14,-4.0065368519626645,-4.079735066687135
329,14,-4.210695130355816,-3.944175433327473
330,14,-4.994983441708428,-6.909876807984801
331,14,-5.822562971149637,-6.509194534686685
332,14,-6.63179041577223,-6.5060341618127495
333,14,-6.529222056497019,-4.3837378101816284
334,14,-6.178966524483258,-1.6661406045677722
335,14,-6.239869989261933,-4.626826906777751
336,14,-6.235913118439385,-3.922450984419811
337,14,-5.914640175997192,-4.661352995976813
338,14,-5.74610570195,-6.645159075515949
339,14,-5.939798479518686,-8.008023175193557
340,14,-6.432986574241113,-9.012278758245884
341,14,-6.502814594476149,-7.108111353638378
342,14,-6.540757492089142,-9.816616731105569
343,14,-5.78974547717462,-6.299574921085878
344,14,-5.489724446933906,-7.731651530030831
345,14,-5.751690802052508,-8.019542604025446
346,14,-5.9295386351695925,-10.278818278967265
347,14,-5.237529363729664,-6.795158689214986
348,14,-5.995265902869505,-8.263591042139524
349,14,-7.101313362640212,-9.329766348627345
350,14,-10.613622903059877,-10.817992298601894
351,14,-7.432114652891869,-7.510347916968385
352,14,-7.165443273276651,-4.304339362289284
353,14,-6.790372945839408,-2.115068720416275
354,14,-6.489682358566824,-2.9353761243728513
355,14,-7.2913767514401115,-6.378670804801914
356,14,-7.498166367203339,-8.577934319176165
357,14,-8.26457567419402,-15.539317907568147
358,14,-7.31331553912878,-14.753676476150758
359,14,-7.48246080496574,-6.618199628474031
360,14,-6.74394592448607,-3.924659589069961
361,14,-6.985162425587987,-5.5764364937385835
362,14,-6.689801288779563,-6.6121713640859525
363,14,-6.318440264630226,-2.3457636798602834
364,14,-6.234802790400863,-3.8721547787172312
365,14,-5.780997490673144,-4.219905866841145
366,14,-6.897611818354562,-11.458581001707898
367,14,-7.684603021461044,-8.296686050474818
368,14,-9.438304894849352,-12.344443006368238
369,14,-9.386708259990883,-6.234521329173731
370,14,-10.294011820017658,-11.368343040059699
371,14,-10.54049688572104,-11.562734049657593
372,14,-9.030169343232046,-6.366075748461299
373,14,-8.147942768436224,-1.5446044413783966
374,14,-7.546473457318825,-2.853807200582196
375,14,-9.051674123157682,-4.009241681618732
376,14,-10.865816441254537,-9.807397268268687
377,14,-9.111776967585683,-8.708105167303074
378,14,-8.366602167123347,-9.162938664083413
379,14,-8.966876328726357,-11.963328072657532
380,14,-8.905635512981462,-8.353070426044724
381,14,-7.17788446056511,-3.8847367000935265
382,14,-6.684446679844768,-2.1372096612940368
383,14,-7.213270598177587,-10.585878552589747
384,14,-8.521231569950032,-11.77036761366162
385,14,-8.984992306456661,-15.813167120859362
386,14,-9.069981557927349,-10.71311454620718
387,14,-9.817395750441392,-21.007935751944387
388,14,-9.052847301614747,-15.51960445894656
389,14,-8.857091879230211,-9.269234064908233
390,14,-8.111572537558459,-6.798733624758825
391,14,-7.7569878340236755,-9.174377052253476
392,14,-6.919405381867364,-9.696341142391248
393,14,-6.783382480660293,-18.029293819664417
394,14,-8.142813300880334,-25.41701948469199
395,14,-7.241907116568655,-22.091949424732775
396,14,-6.652366214186259,-18.865198744189
397,14,-6.093567853906279,-15.962851540682095
398,14,-5.410752364712607,-13.70013664794169
399,14,-5.7315839385028085,-10.848025660377061
400,14,-4.8479301226770986,-9.163151337631462
401,14,-4.686502445822953,-4.241311310632227
402,14,-6.131811757825744,-4.349080392086762
403,14,-7.054468129842462,-11.251394391939357
404,14,-6.527026958986426,-8.4612520607443
405,14,-5.951780444664109,-8.547414362131349
406,14,-4.612387193240465,-9.68839678599079
407,14,-5.343622030135521,-7.545528023521911
408,14,-5.346901617453113,-4.092722143920128
409,14,-5.098726760967111,-2.820316039885711
410,14,-5.00067655049952,-3.3390263771548234
411,14,-3.8650157032616335,-1.059798309459893
412,14,-3.3751273271391256,-1.2044846249496004
413,14,-3.559654705190951,-10.631585968360014
414,14,-2.450131278586923,-10.410816641668589
415,14,-3.5330235138217176,-15.736937655427937
416,14,-2.6108994138267008,-9.691374105068917
417,14,-2.963252903180546,-8.93371083928514
418,14,-2.7286525688041365,-9.062029734365751
419,14,-3.784074480833624,-10.254714899700957
420,14,-3.6523921539628645,-9.477992123090644
421,14,-3.0892496080432466,-10.623201088249516
422,14,-3.352012790479421,-8.2130245851763
423,14,-2.6164524311452624,-4.309821292820288
424,14,-2.9137970726760614,-7.178679020697928
425,14,-3.8796806730015305,-5.619621777656448
426,14,-3.8032066448513433,-5.895355301019663
427,14,-3.017578825286364,-6.355698751126965
428,14,-3.697847021070629,-5.888425132203338
429,14,-3.7176230174854936,-6.600950064740573
430,14,-3.502593190107291,-3.5268969280905367
431,14,-2.69448945019667,-0.4529331978665141
432,14,-3.74757238350594,0.6445934235789537
433,14,-3.515119069148568,-3.529302575764177
434,14,-3.1964011203217524,-0.06655979731067418
435,14,-3.252070779524729,-0.18712664665235934
436,14,-2.894959869010563,-1.3484447853493293
437,14,-2.7295077488815878,-1.7047293893679125
438,14,-4.31870884887212,-7.671508685879871
439,14,-4.655380831268303,-8.423678069637845
440,14,-4.967951067513241,-6.783675156438676
441,14,-4.698764299499999,-4.70250261118872
442,14,-4.988578050087199,-3.9964713727663366
443,14,-4.581085352867376,-1.447583990559906
444,14,-4.229120750559559,-3.2849883731919363
445,14,-4.806471306542335,1.0800260399628314
446,14,-3.7684614759164106,-1.4459816363505524
447,14,-2.6449842337924565,-2.1510104999206305
448,14,-2.2779406145346,-1.0326321567190462
449,14,-2.4439194617489193,2.4352834039568734
450,14,-1.8574401691239473,2.7152180152429537
451,14,-1.3413504096743054,-0.15670486401086237
452,14,10.865369498354084,12.407947045314359
453,14,8.986587223924289,12.589989609318764
454,14,-5.002166854886127,-2.789648593099173
455,14,7.411926663949089,7.352143151244491
456,14,6.680028019212841,6.315336179253336
457,14,5.855202773153906,3.4626302189144553
458,14,4.52745194927229,4.092692298625025
459,14,4.0764370000515555,4.085769872506262
460,14,3.5546982459354695,2.9326611222450083
461,14,3.277611329002866,0.8095091781674455
462,14,2.314965411760568,2.438102269139563
463,14,1.8479360097480821,2.616909617397141
464,14,0.9266020134818973,4.072023498936687
465,14,0.9836870341159738,4.983125775461303
466,14,0.8902014929053621,2.93515168474687
467,14,0.1501073250292393,4.327697669117697
468,14,0.3273454219051928,2.4146937952627923
469,14,0.2554420702253992,-0.7528281056024753
470,14,0.6270698116750282,2.1990101481455895
471,14,0.2477092643493961,0.07466787624571225
472,14,0.6458707983183558,0.023938047429055587
473,14,0.6913020934898668,0.1890566213232887
474,14,1.2956042145096944,-1.9459464374463096
475,14,1.20557097440269,-0.7397185985464603
476,14,1.397957453199524,1.6324580186733328
477,14,1.2523786944475432,4.503545878955265
478,14,1.1077555410047353,4.821237785036828
479,14,0.8789644260668865,6.051464305470745
480,14,-13.569412799829479,-2.564851058406475
481,14,-11.99710473297273,-2.9086441135214045
482,14,-9.787195797486675,-0.2912952981896524
483,14,-7.7650511652018395,-0.07763810058668241
484,14,-5.525663515471933,-2.2373269181621254
485,14,-3.3565888507991986,-0.5175852047718763
486,14,-2.2948479586784742,-0.5530403491443394
487,14,-1.9057900116476958,0.038218864979171485
488,14,-0.9285830875323882,-2.5693656282601296
489,14,0.3301832740089594,-2.733875293188703
490,14,0.8405211082226742,-0.02677210505316907
491,14,1.4701095710397567,-5.6241821624198565
492,14,2.5035243057236585,-3.597003479635532
493,14,1.0854667809126113,-3.5511518718180923
494,14,0.08937272014281916,3.07448649107846
495,14,-0.021133901159373636,0.47017371113406625
496,14,0.9671820105268125,0.3980414738230138
497,14,0.732322110977293,0.916440459012847
498,14,0.18021491378931387,3.3249133977119527
499,14,0.8935069686976931,-3.776475733621737
500,14,3.074651179702414,1.7438207951495315
501,14,3.491217985323601,-0.8863116834854736
502,14,3.6228439776286905,-2.1766698723863556
503,14,3.1511421675650126,-2.4360545807171547
504,14,16.73997218934528,2.2306052723988614
505,14,-1.1553315628871133,-8.000684217843173
506,14,-1.9450493573385756,-11.321571791054339
507,14,-4.276007312285401,-11.642325076132238
508,14,-5.170625745525285,-9.269326727796852
509,14,-4.36085569505849,-8.893315806764349
510,14,10.875339548299962,-0.06429754364808105
511,14,9.13959055261057,1.191822590034917
512,14,8.69497236490406,-2.7646576131683105
513,14,6.441577914612026,0.7495535723937792
514,14,5.597348164722462,0.346258365183985
515,14,5.624114420910701,2.462441825773112
516,14,4.824634668711042,-1.1421958923360762
517,14,3.4295713846013314,-0.8591908696844257
518,14,1.790152620873414,-3.7593923450976945
519,14,1.6195923619961832,-2.5498662110012447
520,14,-0.073602695714726,-2.1934556763908404
521,14,-1.1401995563328455,-8.156405273505698
522,14,-1.2571283192528426,-6.113116708389043
523,14,-1.2437291143605762,-6.526101258716153
524,14,-2.265287565975086,-4.841558725377581
525,14,-1.6039070703418474,-8.43985678754143
526,14,-2.660879015548744,-7.056220961896543
527,14,-2.8099265265700524,-6.701839125836614
528,14,-2.5647296239931165,-7.784399944251163
529,14,-2.838506751915702,-17.19392601354184
530,14,-2.6657198301300014,-5.603306117670854
531,14,-4.066392531243764,-6.809973238316616
532,14,-17.52167278908746,-26.109526264238866
533,14,-15.542092442436115,-25.89963266353834
534,14,-15.004637370295313,-17.770777289985745
535,14,-14.561773891035955,-13.101026402759999
536,14,-11.85771700341229,-18.366566208744644
537,14,-11.352895127333795,-14.430025719987043
538,14,-10.764179704959133,-11.726041821764284
539,14,-10.867453600303634,-11.488633292802206
540,14,-8.607966652094547,-6.377720456300267
541,14,-6.032151680975403,-9.5783618164578
542,14,-13.032656802432939,-11.856259340570432
543,14,-7.379088371840226,-7.24602051193142
544,14,-7.02551818739812,2.6328600799470223
545,14,-6.409972302172719,-1.8848161876549057
546,14,-5.465823626204838,-6.1404285629200785
547,14,-5.456508227270206,-7.3851576234560525
548,14,-5.644148969183334,-3.7693118173806397
549,14,-4.965399334164431,0.1690075007645646
550,14,-4.03482095653635,-1.7536429874589885
551,14,-5.410093624736874,-2.201380105188946
552,14,-4.9435626978356595,-6.619431092785362
553,14,-5.109596972682084,-2.554210016146044
554,14,-3.9696226456471777,-6.904172127491165
555,14,-3.358896020444263,-3.780408513203838
556,14,-3.467025283259318,3.0626248137336916
557,14,-3.9643343404250118,1.4833293369320018
558,14,-2.944346199782558,1.310352011526902
559,14,-2.970696288108229,4.217098176338823
560,14,-2.4279405051620415,2.58909221587146
561,14,-2.246847522904318,-2.854381876711159
562,14,-2.5102042635662656,-7.7461439303006046
563,14,-2.209498840035849,-9.099256127140961
564,14,-3.054082649529846,-8.801784249124921
565,14,-1.9598762520035962,-4.598810869964382
566,14,-4.238116481367797,-9.410168889588022
567,14,-3.774179216818993,-7.966887519834472
568,14,-3.2327741900307956,-5.90110792510859
569,14,-2.8303721587008113,-4.700911995661045
570,14,0.44039994804825255,2.9919413734610316
571,14,0.15304249442306173,-0.17903788425292078
572,14,-0.23143503629489715,-3.531084940735127
573,14,-0.37398902689710667,-5.6271264290558065
574,14,-3.1116956180549096,-11.440762645533141
575,14,-2.5776629698748366,-10.197916193586025
576,14,-2.3778922819246873,-13.687174657741707
577,14,-1.1764368983904205,-11.546594600247317
578,14,2.505148299966095,-5.907761012506853
579,14,2.7245163156876515,-4.1069594976675035
580,14,1.3953301331575858,-8.269820198302568
581,14,2.1881905727932462,-9.636439129113114
582,14,2.862828876571257,-8.416479701841581
583,14,5.014704643381265,-4.67053447495482
584,14,5.1063510634139675,-3.4275480865899226
585,14,5.014000241497342,-0.36849740581101287
586,14,4.857194770705064,-2.1389323217840683
587,14,4.980299130502317,-3.7926237908773146
588,14,4.310774024856073,-5.6074353802869155
589,14,4.711894103418672,-6.399831539530169
590,14,5.836507831359995,-5.537235636957121
591,14,6.239262744223197,-5.041240689537972
592,14,6.797201443914673,-0.30800071713156285
593,14,6.342797134808279,-0.827671552585798
594,14,6.273449700544916,-3.606110430447643
595,14,6.239852858978338,-2.7490755242620253
596,14,7.181988720757545,-1.7935048393060242
597,14,6.6634877910128125,-2.369114668119437
598,14,6.427389428509741,0.2235952647765771
599,14,4.762478566221034,1.7614103761357
600,14,3.666749914011234,2.710904450027101
601,14,4.142133307536824,-1.652029534815938
602,14,4.974687055473623,2.792509080455602
603,14,6.351230594950721,-0.2569000314906589
604,14,6.818055942085266,2.1501741334054714
605,14,7.9592887349754164,4.519279896474018
606,14,7.23350072107678,6.1408810535021985
607,14,8.152125244088893,6.248510095906568
608,14,8.069597107383743,6.415989519933191
609,14,6.912044164315375,3.638822540039655
610,14,6.123639954324062,3.918587446674792
611,14,6.4782993116059515,4.223279939338681
612,14,6.621651238393497,2.8427169199048876
613,14,6.411319898908005,3.9997607358473033
614,14,5.506702979229885,-0.17964197132732806
615,14,6.024667602336194,0.02559986472579112
616,14,6.2419830296094005,-0.5441636686464335
617,14,5.841951786284881,0.004336672388944862
618,14,6.00432844840725,0.4014301408751635
619,14,5.704055448856707,1.819336988743089
620,14,6.896715120047702,7.9929108686783366
621,14,4.590317532335575,-3.079971444509283
622,14,5.5483529288949285,-4.454636433446922
623,14,4.873915189484251,-0.8356355631772203
624,14,4.987158380766232,0.5000923464981497
625,14,5.19247392658599,3.549181468237748
626,14,6.935544126057721,0.9192475245158676
627,14,7.170334964295762,-5.416716531924067
628,14,8.66752445218026,1.523769174948029
629,14,10.321898728680026,6.774233583798377
630,14,8.900267714436268,13.206118732166033
631,14,8.682593879724664,9.588480378665736
632,14,8.109704490212607,8.665183456277646
633,14,8.338386374826769,5.694972772590518
634,14,7.372821836617732,7.06570766474124
635,14,8.258962754947788,2.6651349133458098
636,14,9.884229664637132,1.3549698815036209
637,14,10.166887002257681,-2.8313670448619632
638,14,8.813162258437842,0.464961242093068
639,14,8.315113337337607,0.08378251836893469
640,14,8.486066629588095,-3.5659055944352076
641,14,8.9584839369154,-1.8699549393886628
642,14,8.961023455197392,1.7978143127479598
643,14,8.567398374410914,-0.1294941407591068
644,14,19.260059718670163,11.868553628346035
645,14,18.192266294997353,12.961858615188248
646,14,19.136327996519867,5.461337511099828
647,14,18.51265879488892,-0.38873002821310365
648,14,16.59225530324875,2.111165979555608
649,14,15.621875115656621,3.363469791103853
650,14,14.794296797197603,5.440415330765518
651,14,13.495693761014081,4.795238842895742
652,14,12.474503894093687,2.645133440421432
653,14,11.268220451041088,4.372829931938668
654,14,10.316074625167857,4.196098808999977
655,14,9.524215454076511,6.661271429347835
656,14,-5.665457154763317,2.496516383378548
657,14,9.030550739586943,-14.971688274877124
658,14,9.222557624902038,-9.529891358662553
659,14,8.621955672753757,-3.4969858059835133
660,14,8.547028163311552,5.801643353606323
661,14,8.859178731971951,13.395921884172822
662,14,7.644977380646196,16.1603527012212
663,14,7.292612578463377,22.734037399579847
664,14,8.041179957004715,12.083878262922553
665,14,6.845020139450753,10.416233942105919
666,14,6.461353566513935,13.337518032905336
667,14,6.311176131602224,22.76715466980022
668,14,6.793511896974451,16.41184621614002
669,14,7.031562626595587,10.089696288314371
670,14,6.811621726138583,10.91823785878205
671,14,5.5315527201773875,13.775997456973982
672,14,6.721497969830125,15.647598490502787
673,14,6.308619429728424,9.652199443185054
674,14,6.8237208455611835,12.87457704742883
675,14,5.872322067560162,10.93334560765561
676,14,5.839145479037143,14.483312270418082
677,14,6.7094720741597484,17.301368398433624
678,14,7.409758242883072,16.03869271183612
679,14,6.252551907936322,18.3623488365306
680,14,5.763933711369646,14.602311935422676
681,14,6.198505312639099,13.40489487798368
682,14,6.608302420788277,9.935868716279401
683,14,-2.342815868048092,2.5709041853642702
684,14,-1.0952893884996229,8.996834218136428
685,14,0.12216164590881817,8.095262976597496
686,14,1.5093752271823178,4.436634939100713
687,14,2.2542925927918986,2.882389651433641
688,14,3.0384531085355775,7.058209240589349
689,14,3.3080335837721577,10.066026274936576
690,14,4.246119515020837,12.203630882264406
691,14,5.671865340504155,17.03525247508651
692,14,6.39398932097447,13.818158928700086
693,14,6.307675430111885,10.68223389542527
694,14,6.630730418886742,12.78214205787799
695,14,6.806856894369048,13.925998728581362
696,14,7.524630435275867,18.51843312369192
697,14,7.371127176682421,18.04307460453265
698,14,8.295436071677614,13.393157954072649
699,14,9.004691378857387,14.481803962261893
700,14,8.823328921171196,11.460078678487207
701,14,8.791703965949637,11.210071096478714
702,14,8.732277814004192,14.068023617922336
703,14,8.600582751819275,14.044103678818828
704,14,8.75835553705383,14.96684844406309
705,14,8.74828774312391,17.826480786139655
706,14,8.73168685418932,17.245632826915426
707,14,8.1954235024823,16.444305317115322
708,14,8.16823172964996,14.369536472782784
709,14,7.6289521241187686,10.816683389318314
710,14,7.809926984536105,11.374940467122542
711,14,8.461353587907979,14.961092914589244
712,14,7.9177946170430005,14.773268634760825
713,14,7.653128580900557,18.590787523553445
714,14,7.268058103546537,17.357705494179754
715,14,6.054714785726901,15.900671338263237
716,14,5.5499118663756235,14.377440295329507
717,14,4.478692387645424,12.981572776697249
718,14,3.537227525421258,9.197365460710898
719,14,3.3446549673935806,8.467097614468003
720,14,3.2584052737802267,11.562106098293043
721,14,3.3064368168779765,14.971588434777914
722,14,3.088485124295403,16.804094608984087
723,14,7.169764437365302,17.932326315524733
724,14,6.243551280773318,15.92631313889433
725,14,5.444283288794395,14.735414406507516
726,14,0.8824386213727848,10.621149534524193
727,14,1.298518720697757,14.521691101527722
728,14,5.212278924541351,13.940188699045393
729,14,4.392513272145152,13.329621372293332
730,14,3.899694420189917,16.881041224644832
731,14,3.7573240461897512,21.643077366888974
732,14,2.949441203688366,23.457420174098843
733,14,-0.5357377629061375,36.66066087133822
734,14,-1.8781520303700745,26.123590521629012
735,14,1.7227853507647524,8.336945160766845
736,14,2.179486854945935,13.244656528476298
737,14,1.5764425958732318,13.156923843089317
738,14,0.9903092340809962,8.675115241075218
739,14,0.6898471387548852,12.465353655471517
740,14,0.7667266191101589,14.934646523703123
741,14,0.3171461027714031,8.030719620928721
742,14,-0.1678121480908885,8.448199973734518
743,14,-1.2132998434481124,8.413065597592322
744,14,-1.5564085621026607,7.612180894287121
745,14,-1.8112245257916584,11.52955697264315
746,14,-1.8934379713118688,16.712720904606613
747,14,-1.5303867947059189,21.60464377160406
748,14,-1.6280134043327052,25.44691278309074
749,14,-1.4263965530008136,18.64325265849402
1,15,0.013249282245851646,-0.9770118871083469
2,15,0.06439440010581166,3.043485520325248
3,15,-2.3101666955362816,4.62143420819848
4,15,-3.0072810721367205,-2.8851373422544384
5,15,-3.620423278121052,-6.194122039896683
6,15,-2.747230063452662,-1.480866487072035
7,15,-2.337089867593022,-2.9339736255910793
8,15,-5.358773456679955,2.557698616127709
9,15,-5.880900173720875,3.157352526345221
10,15,-5.144536668312867,4.329965281353452
11,15,-6.891576831490056,3.4928519474797213
12,15,-6.092084218191303,2.872508629510321
13,15,-7.4509241597043,3.5399838215553245
14,15,-7.4947753986680254,2.0809829768700183
15,15,-6.035504744209902,5.249435569154684
16,15,-4.850967941116323,7.287342928822909
17,15,-6.177281224940998,-3.0836040784083707
18,15,-4.907732608678998,-2.563288688706507
19,15,-5.246104227739124,-3.837878184373494
20,15,-5.681589000344502,-4.78633440673957
21,15,-5.37309943737182,-3.73285661936643
22,15,-4.8710025417831275,0.42309627296253893
23,15,-5.647422754227591,-1.9350336335191969
24,15,-6.502709433520977,-1.5557150069530508
25,15,-7.6210569790946465,-2.8786991972883698
26,15,-7.42935496375776,-1.4432022055634661
27,15,-6.501417875946572,2.155396950960494
28,15,-5.196935210413358,7.657636552277381
29,15,-4.783381908459887,7.387072485198132
30,15,-3.949709152653668,8.771560600810517
31,15,-3.4792890971630186,9.207837484987067
32,15,-3.8152810515848614,8.668720579426918
33,15,-3.9372702618320545,4.295259679619448
34,15,-5.16129530233502,2.3722647325485013
35,15,-5.6835177985931296,0.118331093278357
36,15,-6.73564643850932,-2.6239607241222984
37,15,-4.640000144648184,1.7664263844126253
38,15,-5.24745775014344,3.5526102590474693
39,15,-5.135429447276692,5.1479764105779395
40,15,-6.386504482493365,3.715491740083962
41,15,-6.335350351842862,2.652586718631028
42,15,-22.36338225862437,-18.741126066919605
43,15,-20.004704428922196,-16.057373716905204
44,15,-18.14133774169386,-18.25033155006986
45,15,-16.24810813640852,-15.836443154171775
46,15,-14.584563862700634,-17.765987636343652
47,15,-12.64106926522527,-13.486237459447693
48,15,-11.547215195026183,-7.044601975961541
49,15,-13.081346803521228,-5.70395691895601
50,15,-12.933994176252781,-5.9016290059526
51,15,-10.5557574959048,-3.760923266930149
52,15,-10.733092098812449,1.9995694505196298
53,15,-8.317717817128141,4.535323021502791
54,15,-9.19626799208254,5.042675442187374
55,15,-6.909060130017679,0.6410421743821644
56,15,-6.198371389687054,-2.72951242875115
57,15,-6.888076469896987,-7.473860028882882
58,15,-7.609453613440564,-3.6176433061637
59,15,-5.992502937743666,-4.515789913884873
60,15,-7.5097682132000045,-12.925286047492591
61,15,-11.166446872846791,-32.53160150808344
62,15,-16.43307378861664,-47.859068069923524
63,15,-14.78771206753936,-44.46797741463024
64,15,-13.578093469712258,-44.673454443787705
65,15,-14.553299298692764,-44.53564238307399
66,15,-15.98922646259689,-36.09714748615261
67,15,-18.25555437877756,-24.15709538682995
68,15,-13.46440000869643,-14.456016736673973
69,15,7.49581951430082,47.98314863446831
70,15,8.86425377397245,45.449026247712936
71,15,7.128595201937969,44.62033190455213
72,15,5.514682647893096,40.714777199531
73,15,3.848470644750705,37.11542729154962
74,15,3.3297539246659653,38.43630087114889
75,15,1.3321145840227473,29.868848468037868
76,15,-1.7424175530850334,23.75788065787401
77,15,-2.4570384717108027,17.11856463927461
78,15,-3.74049784008821,14.617065278619066
79,15,-4.859146477465401,10.827646203998484
80,15,-2.6175508119476945,-0.040306810390575265
81,15,-2.565359545354113,-1.9535365440501664
82,15,-2.939342886211307,-3.186369576004381
83,15,-1.2738553940071142,-9.090298444752534
84,15,-3.24693061515336,0.7719221554943942
85,15,-2.4272734711184967,0.41018788843530274
86,15,-0.9988215197336103,0.20610194797745862
87,15,-2.9841937353430694,-6.579670756943415
88,15,-4.108877002578993,0.31795057902218105
89,15,-4.308018832741254,4.964594947937712
90,15,-7.581801137086586,-11.68925409090889
91,15,-5.737972445302148,-14.960955538495455
92,15,-11.74842127145348,-11.480075021181165
93,15,-11.888877104716812,-17.072969005947016
94,15,-9.424490361794597,-17.36592347801161
95,15,-8.33421901566544,-15.079025527606973
96,15,-5.562181254078496,7.217386375300521
97,15,-6.900324285486022,6.9969637799276825
98,15,-7.738787295081238,5.469028189098935
99,15,-7.54922828512872,7.598574463240311
100,15,-7.868927797806464,3.924997376101146
101,15,-10.77424988614439,3.234318197804896
102,15,-10.068470424011593,3.7865138831098193
103,15,-8.34830254535791,6.6716864847367106
104,15,-7.742268385587067,8.395604459243714
105,15,-8.079848575915094,8.419427856176299
106,15,-9.819169983191841,6.588801748576316
107,15,-9.88696899409888,-0.6452779153742085
108,15,-10.701397174163503,-2.324127534818217
109,15,-9.22886216292909,-2.5192982952980856
110,15,-10.060105661955731,-1.589308049723968
111,15,-12.023910396792871,-2.3074056318255316
112,15,-11.508923310940645,5.174694916582666
113,15,-12.816960078521788,10.573846569241596
114,15,-13.554105837240513,6.1192558536322395
115,15,-14.141446463664579,7.041243256073358
116,15,-10.615474106242345,9.608510162275707
117,15,-10.962912713466721,7.802275751089837
118,15,-10.034653819837786,8.12427804593517
119,15,-9.028281096566388,6.499006823697528
120,15,-7.656039035731737,6.699596766567083
121,15,-5.982387747309531,5.796821674286548
122,15,-6.330534195740711,4.9554115286646265
123,15,-5.946652641600849,0.8348013984586942
124,15,-2.990171119697152,3.0615330596483545
125,15,-3.820746183812844,3.0330273368917915
126,15,-4.253916888954336,4.7235133981921535
127,15,-5.682111537605579,5.108401073718596
128,15,-2.246673736154662,1.2202470147158238
129,15,-2.5714991409158756,4.167125894001401
130,15,-4.102331119240262,4.783769641849176
131,15,-3.5898817205279556,3.065562438701818
132,15,-6.4255241886326075,-0.10748808093467233
133,15,-8.829474608587589,1.92194250924058
134,15,-9.18301506314856,9.273292006011616
135,15,-10.58291261432305,10.724602163228155
136,15,-10.38643053005626,7.0048460716370755
137,15,-11.73115229129553,6.889074322928536
138,15,-8.713822749617066,8.567575292031506
139,15,-5.010917326512299,19.529735894667283
140,15,-7.503874301007272,11.862489927422757
141,15,-8.445681006374798,8.512643557104639
142,15,-9.662800395527029,8.06427663922841
143,15,-10.928075875180184,8.555273995048083
144,15,-12.088536631524676,5.016152398958184
145,15,-11.815437550514616,0.8411952434180421
146,15,-10.8068509989007,2.7810537866735103
147,15,-12.1783537066608,2.3452390606071276
148,15,-11.171263891043054,6.542118262481381
149,15,-8.973692795108946,6.46058071288553
150,15,-7.9968545263250235,11.115053412520865
151,15,-5.799208322107916,7.8836385283548225
152,15,-5.6732323266519415,10.043590838664386
153,15,-6.174163515924192,9.789450837159166
154,15,-7.888192341409194,9.754837123352445
155,15,-7.4496557432589725,9.629081610280991
156,15,-8.443361508709131,9.233677959667148
157,15,-7.211263473331201,6.841918935491776
158,15,-5.733960148672395,4.9033798712953285
159,15,-4.3505287065981975,6.767759423719326
160,15,-4.296762912291342,8.095119025470922
161,15,-3.6249302350688595,11.911011133176544
162,15,-3.330123026839374,10.387181956204586
163,15,-2.0328782364031213,9.675383745070576
164,15,-1.1150408147427697,12.371964987059073
165,15,-2.087337136300448,11.066805250282414
166,15,-2.936260208888598,9.55835278703762
167,15,-2.3614619636114185,10.300192884606986
168,15,-2.552270420916102,17.941711735232275
169,15,-2.604464763827764,14.889429704564463
170,15,-2.8140545044539067,-1.264875790703627
171,15,-2.119839401979789,-3.7958205963141154
172,15,-2.280458245738828,-6.381184977230987
173,15,-1.7779014216766882,-7.245736644005774
174,15,-1.0715152735874653,-4.741333580403989
175,15,-1.7871743402802167,-5.36169644970505
176,15,-1.5200219095549983,-5.486242205385679
177,15,-0.7000251632716754,-5.24776070583539
178,15,-0.3689396948598187,-5.21390842582332
179,15,0.7620406071036996,-6.478263463782241
180,15,1.0671714890577277,-5.961251914372042
181,15,1.7424086259820797,-4.6681321439791645
182,15,2.992019249200439,-3.453883416114877
183,15,2.743450700349058,-4.105810844255757
184,15,2.727610997212196,-3.1198976245450467
185,15,2.277895459447791,-2.6156171296524917
186,15,1.550404475040068,-3.336605114131089
187,15,2.1142552867854647,-2.2318190205842257
188,15,1.6546215391654187,-1.2901726609179605
189,15,1.7109607679467445,-2.158218156238945
190,15,2.194199777176891,-3.83146866376228
191,15,3.4446457021304013,-2.9034528140937255
192,15,5.024665861583799,6.849323833539529
193,15,4.315759659796186,-5.297085360735764
194,15,5.038563613513816,-8.302592143831134
195,15,6.544899441263624,-4.816149289797977
196,15,7.627729527933752,-3.8183894552494166
197,15,7.796545700875868,0.175835846355767
198,15,9.724100869056656,-3.0682488624643156
199,15,8.336188388319442,-6.053504569284996
200,15,9.149104561856348,0.18578565505868028
201,15,5.114568573940687,4.596730140075124
202,15,4.536388640333371,5.971212237577674
203,15,5.2546629281991954,6.957912034975379
204,15,4.832623078788856,3.8083084216268617
205,15,4.86136120012543,1.4964096834310112
206,15,5.375041806347781,5.579046740196645
207,15,4.242360137849573,0.7279073784593493
208,15,4.741848241628304,0.459133288159137
209,15,4.176690656893243,-2.7540815041320457
210,15,4.230120826769053,-5.379083294084921
211,15,6.262712522748188,-4.123490967793259
212,15,6.472606788584926,-4.483244343389742
213,15,6.677082741834056,-3.348874376317326
214,15,8.634538409253764,2.7334020446687646
215,15,8.248366941003042,5.259205217423187
216,15,7.424714410857632,2.776190363088972
217,15,4.607749542416059,-3.2753116551812127
218,15,-3.7700674363495636,-24.687980744426568
219,15,-5.761019316122656,-29.268189766593423
220,15,-7.944971983351934,-35.3399793328872
221,15,-2.9747819345020616,-23.733198737119892
222,15,6.747396961661252,2.285212955975112
223,15,8.437063887026852,5.339702127405872
224,15,11.995147136940432,9.863002674163909
225,15,11.874252102052651,8.678455050015145
226,15,12.574770659135083,9.901853850239604
227,15,11.100259352413559,7.581421139473605
228,15,11.836260469301124,8.098899604821781
229,15,8.599916528514768,6.7235849301087
230,15,10.229808201323522,13.38238095836914
231,15,9.893380251541657,11.803860344706663
232,15,6.239680351611696,1.5442210133614935
233,15,3.858837972870788,-2.8767680344008113
234,15,6.340599341031066,-6.653847015261817
235,15,5.222597330837289,-10.637622428144823
236,15,11.994509801881122,6.287423545966703
237,15,13.479077311661513,10.59915763211302
238,15,11.962686708317506,8.212166931233696
239,15,6.137320027095939,5.198308484806148
240,15,5.605576636967271,5.311668962754084
241,15,4.370608886608807,2.71420720558217
242,15,5.453585205035324,3.7005535334137676
243,15,4.691911046103996,3.8004655511576857
244,15,8.127056601187178,5.179406390536315
245,15,5.961303241545465,2.434103240026161
246,15,5.422899943133871,0.9473316396170048
247,15,4.248233726721992,-4.9035052664030445
248,15,2.8417635086766495,-11.131141368078715
249,15,1.8116399187188108,-17.559317884190023
250,15,-2.9744286269246913,-31.996078386815498
251,15,-2.102690361155055,-28.372158381213012
252,15,1.741901882656748,-16.20140497653574
253,15,5.820520909651805,-8.305443807857046
254,15,8.694927574341818,-2.4271038104334366
255,15,9.283296879228601,-3.153602473222236
256,15,9.688391635168955,-3.174041233335629
257,15,9.220615257328973,-3.4104716241527058
258,15,7.7458057786420795,-4.261269832773905
259,15,6.234539630065683,-2.8720522866615283
260,15,5.632922164689717,-1.584819188241454
261,15,5.406293544323034,3.729269034848585
262,15,5.631858721917524,6.907351476076656
263,15,2.68983405814879,-1.6982289848492655
264,15,-0.07470438799464318,-6.854481003852015
265,15,-2.148109067448331,-15.482434150338122
266,15,0.8439989961298124,-4.807756649865041
267,15,2.4986808533562908,0.6536870065947369
268,15,4.651973892073784,6.299731640145183
269,15,0.9769221530723371,-2.8955424223568116
270,15,4.449457078700561,9.390520174245466
271,15,4.390689394455876,15.982044117951773
272,15,5.008294050612221,22.110147743960624
273,15,4.982714483301152,11.960804329143684
274,15,5.8012585357028,11.01765363467348
275,15,4.939132873308154,12.008884665827281
276,15,4.297559912160068,10.322750322404318
277,15,4.393378634018063,6.4711497807911655
278,15,4.815308524448028,4.025427170840885
279,15,4.601222019598936,5.899669143731444
280,15,5.177969086412759,1.7578065161251288
281,15,4.701990738303721,2.7634136109427345
282,15,-0.294573105764357,-12.732893320323456
283,15,0.7989058601428951,-11.752301572033502
284,15,2.401930828815239,-5.435795885129664
285,15,6.625047891848681,4.836821364928255
286,15,6.060169479258093,5.392779064325623
287,15,5.64527210235201,1.035652031761856
288,15,4.110819716602691,0.15378957388929848
289,15,3.346561322799971,-1.2952174509782708
290,15,3.676045798982159,-1.953237728237582
291,15,3.9493543770031465,-2.1144412112071223
292,15,9.377158995353966,12.35927757958234
293,15,9.228002825372641,10.777243840365372
294,15,9.25480476271241,9.642667144926236
295,15,2.9410493938912623,-3.6895039383653057
296,15,6.22190258522005,5.9058228256863
297,15,0.3848573675350053,-6.363787582318764
298,15,4.4297618213895475,3.252922224301983
299,15,-0.6859074487656471,-8.23185949299932
300,15,3.7198836935021973,3.0101498654585157
301,15,0.1823329151766302,-4.759386309666297
302,15,2.947278433595784,3.984595594284656
303,15,-1.1072359247227723,-6.823671313583873
304,15,-0.613192988247647,-6.817231937116048
305,15,2.3077815194537834,5.004046642178764
306,15,1.85457705259887,4.276174243868809
307,15,2.210408399428161,4.384109104721574
308,15,-0.5459551539288441,-4.49109329212115
309,15,-0.11717858042811713,-5.737836026582954
310,15,0.8184268151753713,-7.072130651045882
311,15,0.34775849230118183,-7.601363664065502
312,15,1.4123667328494776,-5.9029404018792775
313,15,2.567003933205342,-3.15628946371271
314,15,1.836253939602102,-2.633272662705167
315,15,2.086869005893277,-0.40334061759585893
316,15,2.781583083440637,-0.09599860739035648
317,15,3.5541895434189428,0.6848907872590644
318,15,3.709824891523567,1.2153516167609268
319,15,4.293172922742087,0.37741009658748226
320,15,3.7987705318164444,1.1611740585540247
321,15,3.040171145230488,1.2996147663106967
322,15,3.1124012970112744,1.7480157596091885
323,15,2.085017971807247,3.551646519287715
324,15,1.3925727698615447,2.6162755799423394
325,15,0.7112024541474966,1.2168061282964118
326,15,0.8511013470142643,2.2284118574580134
327,15,0.32170416602912155,-1.1025269844431023
328,15,0.05944499767610978,-2.1955167196656475
329,15,-0.4502879521351133,-3.2182007135779713
330,15,-0.6408664655646135,-4.096456394321649
331,15,-0.16021966765310935,-4.436849378478655
332,15,0.518675677903957,-3.3573674610379385
333,15,0.9073588971314166,-1.866848098016817
334,15,1.2612920003548425,-0.30878980661782407
335,15,0.4689992783160051,-3.81729042963525
336,15,-0.022387544548109872,-3.6815205085686102
337,15,0.12211407866470836,-2.8995264940149355
338,15,0.031626143348148616,-2.0799501105047966
339,15,-0.29827523719632154,-2.2397004548420227
340,15,-0.5703611215567435,-2.660843358150487
341,15,-1.2612091927676374,-2.761671900145302
342,15,-0.8969320587721086,-2.0015158168207563
343,15,-0.8095458946318104,-3.3965972544456235
344,15,-1.0283567555379705,-2.2426342615844987
345,15,-1.4138103807199514,-2.5808425342502233
346,15,-1.4835571693874954,-2.9122314939259013
347,15,-1.363736631957181,-3.203036623290245
348,15,-1.4771231355362033,-3.844155801114539
349,15,-1.325592633334054,-4.357463062147872
350,15,-0.4732841576496867,-3.6836646212177584
351,15,-0.13600244850840681,-2.4238595453634844
352,15,-1.0951405107034589,-4.106165410609719
353,15,-1.6795598011676702,-4.151235960955091
354,15,-1.6406902380113024,-0.8567279538210641
355,15,-2.767722124332977,-1.399984511641378
356,15,-2.122086869409941,-1.1306880844786065
357,15,-1.7995449839318098,-7.47303925455526
358,15,-2.0935661790235827,-9.885204766105744
359,15,-2.2164488279959187,-1.2549488788472445
360,15,-1.9068248581115768,-2.4847207373150013
361,15,-0.6887413645017659,-2.0590944511586713
362,15,-2.012119362008889,-3.215176426147991
363,15,-1.8857398253030624,1.717724524827645
364,15,-3.165932772501037,-0.602553243514194
365,15,-2.0861655398530274,-0.6781015143997138
366,15,-2.336740052202913,-4.118433826957698
367,15,-2.145745810515109,-0.6146302465604094
368,15,-2.1459665702113853,-0.9372194367306292
369,15,-2.635942349567813,0.7828290826937518
370,15,-3.7693045554406126,-6.7563977822292145
371,15,-4.234470075725767,-2.4793379175716836
372,15,-4.17064164095882,1.8658806150106102
373,15,-7.933842219475991,0.012916589022097469
374,15,-6.624838698198801,-2.6644878550196154
375,15,-7.550013060069432,1.036653300447142
376,15,-12.06842831310496,1.5594496396988689
377,15,-10.313335791643112,0.9348779494666815
378,15,-8.956744071195317,-2.1302060482803427
379,15,-8.508877469298113,-6.778910119499415
380,15,-7.781858644908425,-2.153431073747015
381,15,-5.635615655967285,1.7343147305737148
382,15,-5.270277932257159,6.039057274001607
383,15,-4.263037169483596,1.1298732347086116
384,15,-6.30369963090925,4.959227021233346
385,15,-5.962333361596848,0.12941866365781607
386,15,-5.104768485740351,-1.645901235508063
387,15,-4.269408588864735,-18.08215366540753
388,15,-5.44784275347547,-14.55682054215049
389,15,-6.495883256363868,-7.43542249582606
390,15,-5.495800947300268,-6.268111867710104
391,15,-5.82511692132357,-4.975218848937402
392,15,-3.365783282677512,-2.351995772846749
393,15,-0.9328522072714804,-4.78998714869158
394,15,-0.6543706791335353,-2.9532781348625576
395,15,0.45428851287897487,-2.4656330503930803
396,15,0.2544599899051718,-0.711051443317956
397,15,0.5615547608244924,-0.308745973544319
398,15,1.264247420607262,-0.3476937833429474
399,15,0.39761356657982105,0.6486206336930991
400,15,0.5075808512433468,0.003718646094966971
401,15,0.3722431004966893,2.39317233415386
402,15,-1.5915971799158797,4.3157906386750255
403,15,-1.8881833986315542,4.638335658415599
404,15,-1.0813224087237359,5.903150159188044
405,15,-0.5974201183080368,2.6153825956980654
406,15,1.4167415916685968,-1.4584410028883212
407,15,-0.2994160309108338,1.9887619294086107
408,15,-2.3461852674231523,1.1827628312157685
409,15,-2.6339525011026126,2.5281073429068783
410,15,-2.0917433633003384,2.5334823506091197
411,15,-1.6466515153306318,-0.5687882174688639
412,15,-1.3894672527148941,-1.3911544154652802
413,15,-0.4274555554648032,-4.076300140204694
414,15,0.7738360011576333,-5.406373330925817
415,15,0.7528939351732333,-6.055049182114999
416,15,1.588574352485466,-5.096049527413015
417,15,1.2929556905828576,-3.2533017811929312
418,15,2.243815433349937,-4.501283435717596
419,15,1.7204638946691375,-3.5824579388763595
420,15,1.7731246792072852,-2.790678627370653
421,15,2.4339951957886115,-4.2342676399021
422,15,1.6390464082251128,-3.1388762036958724
423,15,1.414006210578009,-3.2515789295789546
424,15,1.4374790504816701,-3.4347860629231945
425,15,0.9268892101686106,-1.1510325805043067
426,15,1.320195392862388,-1.2483822374997544
427,15,2.611383046933497,-3.5986949352281954
428,15,2.449756202810022,-2.1180843433294285
429,15,2.5697568303185108,-3.834202573195853
430,15,1.6705097376370759,-1.7052938399770028
431,15,2.1532817432384945,-2.7679905018244426
432,15,0.3079044057676583,0.1834426021428044
433,15,0.8986147934938344,-2.9584345462449164
434,15,0.9129899521344669,-2.028302454034474
435,15,0.8473734409808458,-3.0773472818564187
436,15,2.5741878758813073,-2.28620203989567
437,15,3.4968377471545864,-1.0468888913028422
438,15,2.4391185605149985,-1.7081999505007843
439,15,1.8945180418791097,-2.276635011505732
440,15,0.21923391254313174,-2.925376610343392
441,15,-0.032004507837882556,-3.863292463946891
442,15,0.8720636482621558,-1.3392065151165298
443,15,2.2866087793063343,-0.0101807524160904
444,15,2.9106929059212234,-1.8128722581691363
445,15,1.9337471430549158,1.7553978250975888
446,15,2.99966799082722,-0.48811394924268825
447,15,3.254991170243102,-2.4310437450567406
448,15,2.503074300402659,-2.6065646670363094
449,15,1.3246018544264189,-3.1207990964353485
450,15,1.3202121772792452,-4.4489559184489735
451,15,1.8364849952481563,-8.667494001522755
452,15,19.960734167659666,14.54567376158684
453,15,17.903733828538407,14.490878616782084
454,15,-1.5323803945925647,-14.623359158559651
455,15,17.69900507795728,13.002391900403381
456,15,15.29602143280772,6.747785420406672
457,15,14.330932584425682,3.6554369419404793
458,15,13.97516813466973,4.964980471110266
459,15,13.035729130614527,2.11767749949513
460,15,12.546652287249344,0.47594569813236376
461,15,11.486730156957492,-1.6984893917906447
462,15,8.733229752052466,-0.3912368831438471
463,15,7.104153088896055,-1.3448475044947372
464,15,4.878251206391724,0.11306113876298696
465,15,4.293477657397489,-0.2897258465886807
466,15,3.0050573745284055,-4.8759266483548345
467,15,0.4714294586055985,-6.896239145422896
468,15,0.34472200891286775,-10.608201075685429
469,15,0.505877531580154,-13.545442596448538
470,15,0.7631448409192672,-9.120500489225378
471,15,1.1730192465092841,-9.195604785269552
472,15,0.9763437535184494,-6.083294913458758
473,15,0.3284170589195128,-7.337040720955883
474,15,1.6763703388478461,-7.823398701799306
475,15,2.810530020667102,-6.550826599510856
476,15,4.01042428576784,-3.551948756807633
477,15,3.265460769243873,-1.039444663492759
478,15,2.2597454127790115,-0.3428519172284723
479,15,2.370338091960548,0.46537426251597935
480,15,-17.28745039514797,-17.221627782833366
481,15,-15.118250460190211,-15.222359247861277
482,15,-13.074611183021261,-12.787119044364317
483,15,-11.706467958414578,-15.549325137676988
484,15,-10.219160327498685,-14.954752980067042
485,15,-8.306559836161796,-11.803060135114265
486,15,-6.720668047001709,-8.406519184082754
487,15,-6.257579810760035,-6.544018740882166
488,15,-4.794676265338239,-7.925680585297869
489,15,-2.4824970596800995,-6.986604622116829
490,15,-1.686293739573557,-4.890339116793257
491,15,-0.7809825362319316,-9.13342750714446
492,15,0.6027710572361684,-7.237682555011816
493,15,-1.187276766636387,-4.306947527033117
494,15,-3.2060805739147327,3.073982588106446
495,15,-2.5347116940811247,2.153060681019724
496,15,-0.8612735930582858,2.3278751629686667
497,15,-1.4154022813772826,0.9148919702620333
498,15,-2.765685850731643,3.5295896038164756
499,15,-1.8864025227367165,-2.533116565565251
500,15,-2.6072509495106715,-0.8260820251020959
501,15,-1.8009122120975007,-3.7094778799578307
502,15,-0.17789217805329827,-6.267920022063663
503,15,-1.2593686002801405,-6.877460943960614
504,15,20.552322825174087,9.07105654785255
505,15,-2.7345024308915526,-6.364367945259801
506,15,-2.1153898113207106,-6.141598497832547
507,15,-2.9198953676204837,-5.578967628472583
508,15,-4.274410419835476,-2.784458584665572
509,15,-2.669887870850289,-4.275617587876241
510,15,18.585555246452714,12.571865522908865
511,15,16.20741911294317,10.966539797457244
512,15,16.41635619565386,6.360628473401448
513,15,12.945538348723858,9.883489143867791
514,15,11.284581466601594,7.037366423252024
515,15,10.3505377505644,5.231758473175887
516,15,9.499409769592603,1.5566260334339859
517,15,6.9186320220005655,1.331478934228926
518,15,4.377267164519253,0.7305960920193684
519,15,3.091230202908264,0.08014591117262171
520,15,0.2264827117032837,-0.8500377953373572
521,15,0.4410025359602514,-3.3284820800868147
522,15,-0.35135496702241653,-2.311738081450585
523,15,-0.5698940942456829,-2.19976276749685
524,15,-2.6429107904759803,-1.8091837078759454
525,15,-2.3020163743785815,-6.293148846429631
526,15,-3.7525379594562764,-5.412667892513127
527,15,-4.214387422597611,-5.875657521355606
528,15,-3.7297325315294074,-8.249850563691325
529,15,-3.2311960574033947,-15.786967681926399
530,15,-4.2348697454572175,-6.807036364142732
531,15,-6.452795209973374,-6.551432801652481
532,15,-22.88830709582362,-30.069663785713146
533,15,-20.208293140191017,-33.06686117074514
534,15,-18.758732993878766,-22.727845842236547
535,15,-18.72426356638789,-17.52890639692623
536,15,-14.671119637326228,-24.576795746353127
537,15,-13.9795304929321,-20.10836643732
538,15,-12.533604240361,-14.028716270123368
539,15,-12.991187196592364,-12.336570276246675
540,15,-10.113264078772318,-9.180825518029906
541,15,-6.33028088443325,-12.919922425284312
542,15,-11.010675521064513,-7.091439960152002
543,15,-7.108401009330009,-3.5684998485580763
544,15,-5.361060148471097,6.541675619895614
545,15,-5.025907337349054,8.552579806625545
546,15,-5.5305329704210635,-0.24018832202136764
547,15,-5.90514784260904,-0.9377564098413131
548,15,-6.764479970865523,0.7781138997634116
549,15,-6.187220041898854,3.5704373573980774
550,15,-4.939288654310076,-2.1119431946940495
551,15,-5.602337193887706,3.62572382844246
552,15,-4.092402052304351,-0.7844233115997667
553,15,-3.7828060135225314,1.9531772012951478
554,15,-1.569709081696601,-0.8355615500681779
555,15,-1.3538063316996158,-0.18822242015085067
556,15,-3.0973134747882796,3.3303803137050636
557,15,-3.0166334543564517,4.144915965630844
558,15,-2.5158768005999264,3.354522104845273
559,15,-2.788202141727197,6.915651079352301
560,15,-6.826968452139226,-8.469716286188486
561,15,-7.764908929955254,-18.201758549842452
562,15,-9.109043891999136,-26.119698034690373
563,15,-8.371477416234484,-28.198534623852083
564,15,-12.61733655387161,-36.721717278490814
565,15,-12.571989141144513,-37.52714848764526
566,15,-14.281281596458939,-33.221108983946124
567,15,-12.731048393514357,-29.908847969354156
568,15,-11.859098047119915,-26.92395866023344
569,15,-4.314602451999235,-3.7194475163369134
570,15,0.2916586019218812,-0.7254541559987047
571,15,1.0215123600496554,-0.7805666405679403
572,15,-0.5069262002534742,-5.904166169170367
573,15,2.17453193315896,0.5701379986958273
574,15,-0.505956294167845,4.246142839843742
575,15,-1.593042383080956,0.5237821969949437
576,15,-1.1808422621998034,-1.7408137293091386
577,15,1.662969092833464,6.189402209295622
578,15,7.647866377787068,10.734586726110138
579,15,7.603037668780416,11.57357425463806
580,15,3.920432217434609,10.24285916017061
581,15,3.769070681388712,8.908730716497303
582,15,4.022617579073994,7.974380334624129
583,15,7.454410313354401,4.943406751804105
584,15,6.806900122790466,2.0897340320630065
585,15,6.618281774593015,1.5499114337103492
586,15,5.969862385763008,-2.577858027894308
587,15,7.3477244597329445,1.1927437097983784
588,15,3.192103339372352,-6.654548673038789
589,15,2.6178892800066933,-6.603561597155476
590,15,1.4935086111372584,-13.371526973890923
591,15,2.455106372662158,-8.80717258556706
592,15,2.2912455845739714,-5.813223637368537
593,15,2.4845358392481103,-2.91211741950292
594,15,3.602577227404254,-4.553282305301309
595,15,2.247341513479114,-5.199492637294497
596,15,2.4213048122937835,-4.990323701478246
597,15,3.146335925119274,-3.3998505783742985
598,15,2.8233867975541216,-2.298351995294979
599,15,0.4606543575850992,-2.2069435907556
600,15,0.3834849443510393,0.7771814952407112
601,15,2.2512486150676523,2.067875769490456
602,15,2.5803074225373166,2.1955863502375905
603,15,2.9225803630829432,-3.0796688596028616
604,15,2.374181898776442,-2.9299468831700324
605,15,3.5756163782475596,-4.458481421221677
606,15,3.7142111445023147,-2.7818985399744633
607,15,6.108656098620941,-2.077508955402209
608,15,5.339149833911961,-2.8034183982995273
609,15,4.323127131860929,-3.6974564313645715
610,15,3.9069730347741825,-1.3551939938483883
611,15,3.6604214410003806,-3.754409515765019
612,15,4.246660586452435,-3.138346540949442
613,15,4.199707134759592,-0.5046639977854284
614,15,3.1607570429905536,-12.548977653923885
615,15,3.723045216142964,-9.433590624204498
616,15,2.6592492378772477,-10.269194111828256
617,15,1.4058206068007166,-9.241232715155547
618,15,1.2422289745036323,-11.854687810476662
619,15,1.9926070043170512,-10.187537221721414
620,15,1.7350521947578272,1.4328436432529088
621,15,5.1039024915480695,-7.964172871294522
622,15,6.102597204228459,-13.803818043892079
623,15,4.668047360160472,-10.112440479937504
624,15,5.63016352615432,-6.520766152919805
625,15,5.782923907764598,-3.016645448928557
626,15,6.646124296167727,-0.9102544147813205
627,15,8.496006137625955,0.420913323311197
628,15,7.455632361425614,3.5526904514081252
629,15,6.995551322961546,3.125313875178108
630,15,3.2782162130365577,4.398643143464142
631,15,4.031436512992514,-1.1289043554916134
632,15,5.277180267072708,-2.0075270751790413
633,15,6.279613256572702,-5.0135503480742045
634,15,7.579267223440183,-1.9276006596833213
635,15,8.550308559079895,-0.9825066682142278
636,15,9.336016418130384,-1.851120034482392
637,15,11.261977734577158,-5.295352721391737
638,15,10.90171780385117,-1.5543722354846068
639,15,10.654818899623024,-0.5789069149950592
640,15,10.700535132954428,-4.293988222601001
641,15,9.295635403676897,-2.8780885838800714
642,15,8.020777288154022,-1.5821652653053206
643,15,7.711333622404709,-4.454502835260882
644,15,23.980869234761485,18.70056241438715
645,15,20.7835158861526,17.8368233412707
646,15,20.949663501673967,7.876644950291848
647,15,19.78999985237988,-0.5183185619148389
648,15,18.001992472572965,1.9861173359799977
649,15,15.251185689126032,-5.745340156269776
650,15,14.470243536989074,-2.337940347559652
651,15,13.37344644939185,-2.9407182317804654
652,15,13.709211337170927,-6.176460140101426
653,15,12.109123339748294,-2.560853701409087
654,15,9.328507464144423,-0.34858576145370535
655,15,7.141200279461373,4.127245651402063
656,15,-18.951373502128263,-8.253735127310847
657,15,32.88246984865964,-31.60435227901644
658,15,30.441174794047583,-27.698158654874078
659,15,25.418591082217972,-22.306271649223618
660,15,21.74982468502185,-11.196092022385074
661,15,19.600483438591255,-4.122699602566172
662,15,13.16421982027714,-0.15975728464582062
663,15,-11.203331817915569,31.467134249932315
664,15,-6.071685429581521,24.104434944787954
665,15,-7.217942083612797,17.08675723868373
666,15,-5.2894006995366,21.163822638592137
667,15,-4.280901395156434,24.599325928906183
668,15,-0.8891296504889397,15.470237568541506
669,15,0.17928250031673088,5.450846810700568
670,15,-0.1591019994530143,5.877220312636837
671,15,-2.5874611306453517,13.852041805870158
672,15,0.5249747712459794,11.120827407561137
673,15,0.2545465004595826,6.298902415163411
674,15,-0.3844377438126685,10.042614546354343
675,15,-2.59191871787516,10.05968069206665
676,15,-1.7715405849939998,7.946553595777914
677,15,0.6280126068713798,6.032248719783638
678,15,2.1757411144562866,3.2925136338749326
679,15,2.2102154557105678,4.313617931657518
680,15,2.521169288528654,1.4030906461257473
681,15,2.621884830464296,3.137928576883496
682,15,1.811925750987939,0.7921382333961446
683,15,-16.216173845105004,-10.98137031073793
684,15,-15.901848253401113,-8.614122384825805
685,15,-13.60952885214465,-7.252076844938529
686,15,-10.86606004661462,-11.831573016786024
687,15,-8.473857903803037,-13.281948511086739
688,15,-6.116157708632272,-7.740045310568348
689,15,-5.538433221394371,-3.602356490949205
690,15,-6.390380174309939,-14.59925214606028
691,15,-5.551211280963798,-10.847521231196879
692,15,-3.9786682841195216,-13.22920560866396
693,15,-4.102506026119045,-18.332798518816617
694,15,-7.637665162169469,-33.15608822167451
695,15,-4.924108903894194,-18.522881697158937
696,15,-7.470820667221233,-28.262443845043435
697,15,-4.105644563480382,-17.502875313801724
698,15,-2.961293885734449,-13.020570895284436
699,15,-2.970376644121643,-12.331438443839488
700,15,-1.3391583903312494,-13.519622459707989
701,15,3.118870776683252,-0.41221427565096747
702,15,7.082278271243922,16.378956626954277
703,15,8.391329960386429,19.830512450303104
704,15,8.870669147716399,20.54749189805125
705,15,7.673541782261964,19.213000319854473
706,15,4.985199701311103,9.701213285137328
707,15,7.281189717186862,18.501302418935666
708,15,7.241538458313698,17.27746307846428
709,15,7.060775244310207,20.92107432740977
710,15,10.256975178131142,34.526083312750416
711,15,11.236010518110561,35.73700819850137
712,15,10.28208575546796,31.750757209395033
713,15,9.999958890107337,31.09871633920693
714,15,9.590452042377365,27.374317122658795
715,15,8.201715252735994,24.838200117508677
716,15,7.147937717756577,24.98135144034586
717,15,5.914700088773316,23.524438888571694
718,15,4.837068978657953,15.369865642427612
719,15,4.032337994474801,9.005907929293244
720,15,3.8965053719848584,6.541052516040054
721,15,2.9692781127405397,7.6958201428860775
722,15,2.4160144941006365,4.0460989685766435
723,15,17.992212317346457,16.260257481173085
724,15,14.848801987481238,13.775472335943505
725,15,12.533965096131396,13.87221873951421
726,15,-5.234342895403643,-0.9037250232490806
727,15,-5.059367809200921,0.7988149411758059
728,15,14.519946662337134,5.434112869098499
729,15,12.971182626837617,5.1720413613975325
730,15,12.339440762238155,7.763643802231854
731,15,9.921124047721605,11.628690273731536
732,15,9.038773407489316,16.300583556268066
733,15,3.134628503881686,27.9477584413321
734,15,0.12563840883376542,18.4908917163325
735,15,0.781369195181469,3.3692843307653675
736,15,-4.842438760733785,-0.29800201221314637
737,15,-4.653453390870709,-1.5220758125760767
738,15,-1.9350397878451986,-7.127622944703489
739,15,-2.331270781078274,-1.4577408137261045
740,15,-1.564337924697611,9.815753108827266
741,15,-0.2268403661355478,2.309754652440006
742,15,-4.236174610613489,5.574435444067149
743,15,-6.498460112376051,8.954890137866187
744,15,-7.361914727266594,5.343765970762888
745,15,-7.284882365398516,-0.5622511086385202
746,15,-7.185306875296192,5.7985781569873325
747,15,-7.969032092270027,10.485154588328896
748,15,-9.267985748047977,15.713978296120786
749,15,-8.280305187323393,8.89895117631022
1,16,0.06943605325250246,-0.8850029826216996
2,16,-4.819994950767978,6.316339202557629
3,16,-5.147767001080865,7.110795014872565
4,16,-4.859685884915962,-1.6041190798428033
5,16,-6.308027678555845,-10.645662770066792
6,16,-5.854922356252246,-2.789511835223493
7,16,-5.6932869112288245,-7.530503685538861
8,16,-6.099668634774389,-1.3223499970213197
9,16,-5.862136955096503,1.3699194432588229
10,16,-5.726094944468059,-0.6698469415005093
11,16,-5.946279892362327,1.7600789262437502
12,16,-5.317215632517218,2.222272831099417
13,16,-5.420155183663155,6.936985788612219
14,16,-5.168676180221155,4.210137310882601
15,16,-4.8185989417443125,4.2129692802127465
16,16,-4.658474943913461,1.721187953907247
17,16,-4.670961835017806,-4.482748978820382
18,16,-4.341891779569778,-6.6040118133405485
19,16,-4.631755210377378,-8.23580882283568
20,16,-4.540549460116381,-7.263420434946511
21,16,-5.588830573456107,-11.452002586564959
22,16,-6.113247218113429,-9.349295157299366
23,16,-6.548981153149725,-6.574868849881113
24,16,-7.054005191756914,-4.600762439983555
25,16,-6.8299689381265125,1.1773449789948245
26,16,-6.390475551789677,2.254416329016749
27,16,-5.883174478542969,3.1025559241024894
28,16,-5.046645886830447,5.936133302482631
29,16,-3.8670089185288816,4.991686123740692
30,16,-2.974786944671905,5.010678293311685
31,16,-2.5563841530620266,7.0224125114809794
32,16,-2.5175026380957206,4.613836927589091
33,16,-3.754483991095185,2.7840277677537415
34,16,-4.186658520268793,3.0330530298292615
35,16,-4.3581205332111494,2.8014729864726178
36,16,-3.876720067705719,4.759556205754961
37,16,-3.65633461525249,0.5742333430221152
38,16,-2.7134698766776637,7.683712377062875
39,16,-2.616593297205327,7.6978617819886495
40,16,-2.7563446884150835,5.659459157576293
41,16,-2.4965241238978706,7.7849850784368755
42,16,-10.64306752507764,2.640805478029506
43,16,-10.114694834236616,4.249792730304762
44,16,-9.660065977403974,1.4326508750486937
45,16,-9.346692447416899,-1.1435288610314274
46,16,-8.630457913787723,1.098903341357527
47,16,-7.864968012600002,1.5488915249452475
48,16,-7.342466299662192,4.583596601946738
49,16,-7.975552938104556,4.927750433912479
50,16,-6.922390529537552,3.8883756221407566
51,16,-5.591311226628022,2.3978384406027544
52,16,-5.686003360123323,7.536356249076562
53,16,-4.961315941232897,9.753855085428313
54,16,-4.913535335592314,12.103752408356286
55,16,-3.43533813223803,8.10798585414932
56,16,-2.7060441289449955,5.152821303934161
57,16,-2.3330163781229203,3.864753297493735
58,16,-3.9359301049744317,4.28556190769541
59,16,-3.9762488707438024,1.5171430052973847
60,16,-4.241704124958233,1.1052260488991124
61,16,-3.2109390356054064,1.4991573020388387
62,16,-4.341619662174708,3.4594569912051156
63,16,-4.063491790760054,1.947885034227511
64,16,-3.592477665459228,-1.949153566559744
65,16,-3.1337409532461606,4.077074763497876
66,16,-1.8644798830864602,12.300843952665673
67,16,-2.9929812293248688,12.161950053105556
68,16,-2.1661885432367853,13.101993080417742
69,16,-2.7654066706900267,9.093176246860367
70,16,-2.173998530129211,9.491732158232026
71,16,-2.860263156826477,11.555090355128868
72,16,-2.6130747691313445,9.948732659110647
73,16,-2.0082482481448096,12.004580248366892
74,16,-2.147838589514322,12.899136898333836
75,16,-2.0000689232056175,10.387145707159107
76,16,-2.9887679150788244,7.637404758571847
77,16,-2.7667323831356043,5.487987740813423
78,16,-3.4789626110168683,4.555624889734645
79,16,-3.0140306687462726,4.362724441904447
80,16,-1.3989298431088173,1.3896730756623583
81,16,-1.3779421629533317,-0.27473968378262725
82,16,-1.8385606299834762,-0.9148355511360933
83,16,-2.320618045644551,-6.230673590509923
84,16,-4.4378718697071236,2.979151838271264
85,16,-3.9179575552088863,6.385885442739891
86,16,-3.2565470118061057,7.280544666443802
87,16,-3.0241289459936525,7.593623296810165
88,16,-2.9029478845177437,8.53704069420155
89,16,-2.6024786303059955,12.320013469896367
90,16,-2.6988820421220225,0.08350381440368437
91,16,0.3081302969130775,-1.2902742483006477
92,16,-1.2966846899307711,1.586116014126219
93,16,-0.7173500972339752,-2.6501829845533393
94,16,-0.17844904196135758,-5.679049483302606
95,16,-0.5053087394089744,-5.557262689667368
96,16,-0.5975591665664979,15.226667730454665
97,16,-1.367363190850483,15.816789024137506
98,16,-1.9556465612295142,11.984719817813584
99,16,-1.1212606666531428,14.92907972547664
100,16,-0.8671312830647366,6.162313645862014
101,16,-1.9844329504721827,6.150817138797265
102,16,-2.606886204368493,6.177417215443256
103,16,-2.287325956247514,7.181974557566718
104,16,-1.2054813165186715,9.308878690233087
105,16,-1.6263042300815869,7.7807224383432185
106,16,-2.8030069611222643,7.8559751900702395
107,16,-4.3698924866221205,-0.1700512609827456
108,16,-4.214963195838209,1.3483259582403662
109,16,-2.804801032042633,0.1839512462752282
110,16,-3.824342833351693,-1.9295183796511992
111,16,-3.9734476649173303,1.9789419210519554
112,16,-3.774717765146306,7.525948158194751
113,16,-4.256242141889743,9.870741432804152
114,16,-4.91579590559013,4.546476904966312
115,16,-4.1499737791027655,4.696608332624692
116,16,-2.353573756968217,15.125274668160728
117,16,-2.58971916317023,11.954616755405368
118,16,-2.918957008855614,12.324471157077369
119,16,-2.743562732231112,11.284235325800637
120,16,-2.9478437742645838,10.34017395286628
121,16,-3.008593631238,4.303820183685275
122,16,-3.342706413929591,3.8744467275600982
123,16,-2.4966479718896153,2.7086160807334636
124,16,-1.6666804338910879,4.441433883924219
125,16,-3.0960974325726056,3.2373238499480976
126,16,-3.988605863376506,5.152249976334588
127,16,-5.650107640888564,6.553687896268457
128,16,-3.9681702518955717,3.619795233386867
129,16,-6.979909097782183,3.1750860639199345
130,16,-8.57556689067951,0.6988204374297311
131,16,-9.057176965889084,3.7066860177828858
132,16,-9.11908583969307,0.47296895102954295
133,16,-8.661121411087152,7.46588307663842
134,16,-9.536301734537119,10.441313674889898
135,16,-9.217893941701732,14.830875897881015
136,16,-7.472683282034268,15.046324586706305
137,16,-8.047723879818477,14.316508627251096
138,16,-10.823919914684666,17.10557371948289
139,16,-5.596431238852347,15.783361214348588
140,16,-11.987073778425838,11.164517186494777
141,16,-11.71526278156125,6.727982113681264
142,16,-11.508897965098186,6.0653964536613785
143,16,-10.979441044367377,10.190190658179745
144,16,-11.284099251388398,5.400750504507869
145,16,-10.402037520280828,4.140307033414501
146,16,-9.625041025137762,4.9768574548256765
147,16,-10.548915936422418,3.4057367271993826
148,16,-11.19625981133504,4.759539050520289
149,16,-12.540302533470822,0.38444544505591693
150,16,-11.228174907385437,7.874573488652004
151,16,-10.431596780856125,4.123320802001217
152,16,-8.991103549928084,9.396351238343414
153,16,-7.703983156232425,11.247421869062237
154,16,-8.150070141867218,11.746906402600416
155,16,-6.812209093785896,16.151093848572145
156,16,-6.539549138011353,14.801908369025568
157,16,-6.0297664830623035,10.832106676245985
158,16,-5.179027722201681,10.198687206513569
159,16,-6.017307271324171,8.703609223578951
160,16,-6.430994108547566,6.6557759179245295
161,16,-7.533764676053579,5.358452303932609
162,16,-7.59186617956675,6.270600914093848
163,16,-6.011973948246123,9.512208756736072
164,16,-4.776642791625818,14.617950674332405
165,16,-3.414374423546178,16.17604361208214
166,16,-4.174580973249249,11.16453941690952
167,16,-4.724206752715872,12.163258976390352
168,16,-3.450127748394152,12.464355501937462
169,16,-4.158729822103851,9.364719102237814
170,16,-5.020471418333727,5.386922106666134
171,16,-3.7764434830905884,4.3732293975108405
172,16,-3.5116775180104014,1.4743839148591178
173,16,-3.1700782043653817,0.11923658375599189
174,16,-3.888792090795505,2.9578081559811835
175,16,-4.283316873694275,1.573099018508401
176,16,-4.419920463305061,1.580279831830012
177,16,-4.288192425546185,1.4290136139429706
178,16,-4.326187959107301,0.19640707015423686
179,16,-3.857228376911735,-2.4964316909899935
180,16,-4.144505598746036,-5.656022897344883
181,16,-3.9982621311874027,-6.399483001263434
182,16,-3.077661379760684,-3.214600038323624
183,16,-2.9728853726610396,-4.332623374495597
184,16,-3.2800287393556573,-4.103423457516783
185,16,-3.513065798052594,-2.8246102091457033
186,16,-3.7251937540595463,-4.250204439423669
187,16,-3.7460805625114517,-5.765557592762434
188,16,-3.6339156686954084,-4.977483388300243
189,16,-3.2581533563425182,-4.736252596253962
190,16,-2.821691488099532,-4.80765950787827
191,16,-1.8942321542517675,-2.7005943413350906
192,16,1.4166196855949238,2.3489261446397904
193,16,-1.1198914087108278,-1.6692116445201464
194,16,-0.949337366517284,-3.983908852240347
195,16,-0.6304232992824836,-3.2449039437860847
196,16,-0.5359293365982012,-2.941589198958809
197,16,0.11663421283901698,-0.5503704700868184
198,16,1.3341035268958876,-3.4264725251764503
199,16,0.3063158765535263,-6.196356948352786
200,16,0.6283974837197093,-1.9696424813469093
201,16,6.289028794475598,-7.914058172980276
202,16,5.565594439950473,-4.509199954279666
203,16,5.379164143426351,-2.714891747025831
204,16,4.051796455466501,-5.399164569407731
205,16,4.009108488495258,-6.300154349207332
206,16,4.524729919244237,-1.9102381129596324
207,16,4.95916436375046,-3.79504865207673
208,16,3.3271949137697447,-3.247057099526046
209,16,3.5045737060836473,-4.425079251466286
210,16,4.2673235153333735,-5.206366241042815
211,16,4.1052486066964775,-3.1371208086425213
212,16,5.405428893709541,-0.30255571294173933
213,16,5.513062333896414,-0.13779558040960183
214,16,6.194114610671932,0.9057267515127023
215,16,5.655724079086212,-2.1943819260823147
216,16,5.331079499003863,-2.179133221081429
217,16,3.974254044431291,-2.5121111547387045
218,16,4.3596971493007,-1.2147754282973438
219,16,4.777759489282289,-1.0634800535813156
220,16,3.548150833411455,-4.166829759120901
221,16,3.031156291079242,-6.066239595551451
222,16,2.827615234385121,-7.809256737504256
223,16,2.3687111679637383,-8.387905506475363
224,16,3.27043316102845,-10.296058296761203
225,16,3.4552079629293075,-8.401215416094146
226,16,4.780335587479385,-2.4800771091186107
227,16,4.450600716286317,-4.826207260523006
228,16,4.9908425578069,-5.76106919942913
229,16,4.859331425731398,-3.155505950832776
230,16,3.7457704872786053,-2.9869050674583377
231,16,3.585594861764548,-2.3744133234586116
232,16,2.842904886640099,-3.6641027158466386
233,16,2.8059729206215707,-3.305815900187099
234,16,4.018851860892028,-6.0924065318117755
235,16,3.396413123506136,-8.258462273769055
236,16,4.0357110203940465,-5.93492188413893
237,16,3.7737739200492797,-4.987437303980187
238,16,3.721806522560655,-2.8208803796228494
239,16,1.5163310719917718,-1.172572137257248
240,16,0.948871519196473,0.09864917717050048
241,16,0.7379659557382183,-1.6128456943297351
242,16,0.9777203877838474,-3.638957616758489
243,16,0.6695645652653184,-1.9744623791675622
244,16,2.966417397286932,1.5882858713484893
245,16,2.5918858954237294,-2.633480004843477
246,16,1.682074281124187,-5.8539850949437096
247,16,1.5408298957790976,-7.919763094537302
248,16,0.656566026247674,-9.453722450749865
249,16,-7.551037398185144,-9.00772115297741
250,16,-7.079938015279367,-11.633417656897109
251,16,-6.885656822410056,-10.761225731571358
252,16,-6.098292234908513,-10.987796011017053
253,16,-4.657086530329252,-9.359702017524796
254,16,-3.6235852786694522,-7.499618467432811
255,16,-2.6281346823443528,-9.238634655630904
256,16,-1.285048132211159,-8.074639796588599
257,16,-1.4012502057539677,-11.102716807804427
258,16,-1.3415441103215926,-11.444580332924488
259,16,-2.057606868967923,-13.266734756208734
260,16,-3.029815164093634,-14.689011050361842
261,16,-3.0802977127432314,-14.336587205144497
262,16,-2.8487490568877547,-13.93136093544581
263,16,-2.3890789982042406,-15.371771065549183
264,16,-1.5617453050999757,-11.740168720612928
265,16,-1.9953190032911152,-17.863906373687314
266,16,-1.3288733382751161,-17.732385269105635
267,16,0.03434279494194925,-15.513464993706748
268,16,1.4205302250738896,-15.117941599824007
269,16,2.533499363975352,-6.427588317007576
270,16,1.885493603892428,-4.996491399045226
271,16,0.15840642457987997,-4.840942852228636
272,16,8.875061426175307,-2.977575994227209
273,16,-1.3184003832247981,-11.522220441677746
274,16,-2.1174527439598023,-20.080975895725715
275,16,-1.402126087095894,-12.425370638552067
276,16,-1.284292752442525,-10.146198101080245
277,16,0.1472507483622394,-10.373998698767537
278,16,0.35641603885142104,-13.39335607876501
279,16,0.463947642320818,-10.675530925253497
280,16,1.0276950900033626,-13.923532171818806
281,16,0.19396461073938553,-15.500723968213151
282,16,0.4579172767280397,-16.807609317746483
283,16,0.6854502413161754,-17.954433059529492
284,16,-0.2817218554073406,-22.947502765886384
285,16,1.042653384127334,-16.732391484141772
286,16,1.400733412659065,-12.26378093915173
287,16,2.402059192080742,-12.324381283291132
288,16,1.3624472645806236,-10.162849531272059
289,16,0.6699774099561182,-13.08260832847509
290,16,1.4149788778086076,-14.648577339937674
291,16,0.6608636315058902,-20.869933237025634
292,16,7.738769006207804,-14.856894809582172
293,16,7.522754455244467,-15.313666746137642
294,16,8.42153069386768,-8.7717850163217
295,16,1.1225963656070235,-10.63994248598192
296,16,7.4739879472317625,-7.012381771172841
297,16,-1.2170298906021344,-14.063116197838553
298,16,5.887459173398383,-13.59894924991795
299,16,-1.2962043171364712,-20.7483715373246
300,16,8.23691741667244,-18.348228800843117
301,16,5.894589921724219,-15.015376748046037
302,16,9.476304095743217,-8.74890710400905
303,16,5.443446791938186,-9.86111336701606
304,16,4.094650717526747,-17.948302435600453
305,16,7.841264234270966,-16.16839003900577
306,16,7.625739503788282,-19.640553095611722
307,16,8.406283802192775,-16.88056758249786
308,16,5.3910858708131855,-13.993112663338252
309,16,5.488073392650222,-10.86784643995361
310,16,5.41828450715002,-14.7684101186519
311,16,4.666621449084232,-16.563568169803148
312,16,3.3854522524543427,-34.41940529024669
313,16,5.130543377421418,-24.925946888613908
314,16,6.551205267022851,-19.38527708377933
315,16,7.237424053430914,-14.43014859863797
316,16,7.438875650351292,-13.351910732454144
317,16,7.802522801895066,-9.214116403541539
318,16,7.216075495435689,-15.090590250534206
319,16,6.68980790094065,-22.955009531028736
320,16,6.430781600127375,-26.61591856080713
321,16,8.09874597869566,-19.411625486002777
322,16,8.953547327023443,-16.0941216255369
323,16,7.404017597901657,-14.474704897520951
324,16,6.2233208248217124,-18.368557456999042
325,16,3.846702038256808,-34.08346869690695
326,16,5.914285840048251,-32.82612606529301
327,16,6.516952295898591,-25.711133563722342
328,16,8.81427855644688,-20.61344598690357
329,16,8.182394233772357,-16.453726789561642
330,16,8.11461788611632,-19.94129223592745
331,16,6.228934567368924,-25.592471219300478
332,16,6.650812807307375,-33.084472206556256
333,16,6.222366362694629,-29.83626629914943
334,16,6.691502457877505,-27.58601214977716
335,16,7.05837046887973,-23.737667549886737
336,16,6.933710505217277,-20.7869467881153
337,16,6.974782131635948,-22.648838833886884
338,16,5.511504414163028,-33.27529199799369
339,16,4.061828498476643,-40.10178183387802
340,16,4.899079757198706,-39.752625506167306
341,16,5.608376680031142,-32.201453793893506
342,16,7.742601197574004,-24.571192048552575
343,16,9.123046799641997,-20.968833637069565
344,16,8.631508651400509,-16.435577860929698
345,16,8.165396333654826,-16.45995660862718
346,16,7.331409736762907,-26.568815329277186
347,16,7.779733405965999,-29.841285456985588
348,16,8.149120643264723,-31.079936485059534
349,16,9.37900444081697,-20.702843291472618
350,16,5.383145065809913,-19.545350926099673
351,16,9.069522659347058,-16.981499094638366
352,16,8.08736236585537,-19.956199277447467
353,16,7.570329600476725,-30.903133133716665
354,16,8.083691146212004,-32.982538035720836
355,16,10.376094654389817,-26.09733056993514
356,16,11.51187932031371,-18.384723058643203
357,16,12.724153792976722,-18.50208896351228
358,16,13.2896107419092,-15.75014905744365
359,16,11.672002001024339,-13.000993842515982
360,16,11.391757988203608,-19.818026329714712
361,16,11.546553214382584,-25.426544304925983
362,16,12.611626690742924,-30.916686003485438
363,16,14.613756419942547,-15.148950829913929
364,16,15.22505210003601,-14.74489941465663
365,16,15.029029941894805,-12.628972249152184
366,16,12.818224581506001,-18.743164226883664
367,16,11.84706962558812,-22.616033045470886
368,16,11.461557228662059,-25.649770012616727
369,16,11.939457504060556,-21.546111977921555
370,16,12.105723414833847,-27.614238174202455
371,16,14.778021968673784,-18.148667906108813
372,16,17.017095219701332,-16.79962967207598
373,16,17.77054096495067,-19.70892915992613
374,16,16.155275332924248,-20.406531576215457
375,16,15.38540777561957,-11.191238733056025
376,16,15.820200404047682,-15.518214777309595
377,16,15.858964696567455,-12.739922017117578
378,16,15.42954683123935,-6.096330043082162
379,16,13.690870643206836,-9.30953916703288
380,16,6.969932171994515,-3.9890837445607303
381,16,6.969932171994515,-3.9890837445607303
382,16,6.969932171994515,-3.9890837445607303
383,16,22.46143717164432,-11.790078166625335
384,16,23.480734585031314,-7.436928936603181
385,16,22.471135842602962,-6.828396692595788
386,16,21.51325068951246,-6.880444570024565
387,16,22.133828825723867,-11.175591542423035
388,16,22.433385160724356,-2.927432714949987
389,16,22.289790197733055,-0.745052512465918
390,16,22.776822134306713,7.8199167645276475
391,16,22.503519986847095,5.685210602518509
392,16,22.370844027408566,9.581797353993807
393,16,20.293874881032934,6.004372476847038
394,16,19.599731829531265,9.480646792255357
395,16,17.698626538148346,11.947244704106197
396,16,14.722100786998453,6.291870707985254
397,16,13.810100522907305,7.038811770095208
398,16,12.267471244412263,4.463050441167979
399,16,11.605247195580887,9.196334387210982
400,16,11.861624275402392,7.2893024905934
401,16,10.907636520314554,12.676042242935182
402,16,9.485590807327753,11.10059144516913
403,16,8.293640263858833,8.109010793242987
404,16,6.384570165396326,12.609549222899659
405,16,6.145837935380769,16.2686034629819
406,16,5.400135773461443,18.914872204973562
407,16,4.646986908645886,7.2154332293985135
408,16,4.509995356142099,4.677013866804828
409,16,3.861863529398761,5.910688817489472
410,16,3.292641337769055,6.844657908807903
411,16,2.966245637548127,4.806317457964951
412,16,2.342864094531251,3.111010689602381
413,16,2.473759844466258,-4.457047853077256
414,16,1.5235810810454495,-6.7923420317024465
415,16,0.3829553423438483,-9.438119012083916
416,16,-0.3580182906871414,-2.1512219735427607
417,16,-0.21813050798755285,10.996951741605244
418,16,-0.7602432697922268,9.737610053648268
419,16,-1.4315530196408872,6.9685694509880705
420,16,-2.1914507376686743,8.309867617778082
421,16,-2.9787705731368987,4.374314442675313
422,16,-3.1466743337050502,9.395663885640488
423,16,-3.5549690992638716,8.169864941882906
424,16,-3.407230841463388,16.5488591701926
425,16,-4.69263044136278,25.298982383284738
426,16,-4.395151380153038,27.377125804701336
427,16,-5.5190461950978715,21.532300138643222
428,16,-5.6817652868676305,19.87052583291711
429,16,-6.338509799554231,14.549103424915756
430,16,-5.609033546400497,9.481281114723288
431,16,-4.695268676031446,18.25114156166842
432,16,-5.359784601721913,12.252884816352662
433,16,-5.237508154178613,11.40575098173008
434,16,-4.8983023798227805,20.25678531851827
435,16,-4.542145822085331,22.70949408032061
436,16,-5.300118606474825,14.886714950675014
437,16,-6.100169413552976,11.105694258933909
438,16,-6.884566222534886,3.9606140458067784
439,16,-7.0322192618841655,-0.09393580933351586
440,16,-6.8062370526404266,1.4288960649380442
441,16,-6.418730224087994,1.0547883018323319
442,16,-6.261544935138772,3.1392971595871586
443,16,-5.8585467706170675,10.712955230481157
444,16,-6.22698957664943,7.884245826945289
445,16,-6.991267378141856,12.037216931730654
446,16,-7.875801065389169,8.022013928546357
447,16,-7.585963755647754,5.052813243452192
448,16,-8.35097139716163,2.7239583658461015
449,16,-8.99287301411914,6.668785696584564
450,16,-8.043787481537947,15.59730942605097
451,16,-7.190797113323242,15.593354707201797
452,16,-2.992895955109816,14.014008081158408
453,16,-3.0632490853913623,14.89925059065331
454,16,-6.505175754025913,17.504569976933453
455,16,-2.3815460241903565,11.33742034836132
456,16,-2.5358620520391923,6.961108066996076
457,16,-3.0727369910155176,1.8064843120209844
458,16,-3.6332220949434486,5.936231019096795
459,16,-3.8695687850940885,3.2402136674832036
460,16,-4.069599415751327,1.3864170991887477
461,16,-3.6172154567620964,3.6575294850047158
462,16,-3.0706514960329514,9.779618679602436
463,16,-2.8993846681196374,7.996630805162795
464,16,-3.60775741602356,7.8610562208079955
465,16,-4.490889203237202,7.646209568800259
466,16,-4.223921472878828,5.038304197598791
467,16,-5.105736454476755,3.2833750892657463
468,16,-5.207218903244211,-1.3671092056233647
469,16,-4.578374396984145,1.6923756039529962
470,16,-4.442521901850341,9.354187759343176
471,16,-4.592828513244058,8.248605534231729
472,16,-4.938468417545664,8.825373432843207
473,16,-5.343235848670702,8.14228737510075
474,16,-4.788933237771744,9.617724579099104
475,16,-4.578481782831659,10.924163560023771
476,16,-4.060560601907127,13.39717574510405
477,16,-4.202976564230994,12.511308975919519
478,16,-4.476611832232265,7.681547165460643
479,16,-3.2995812269955422,12.790781955088505
480,16,-10.690875658945515,10.780449221628714
481,16,-9.572811956915757,11.399295340169601
482,16,-9.051143621682968,8.700131708316349
483,16,-9.000949460910306,4.946244043903334
484,16,-8.348636389947387,1.086452241069992
485,16,-7.506182164886923,1.8465630197656537
486,16,-7.199250520213354,-2.2508341574182396
487,16,-6.559504733571885,-3.8407116545274675
488,16,-5.826738164797462,-11.42676579363092
489,16,-4.784348925735685,-11.033257241083675
490,16,-3.771940531923974,-9.161166726736155
491,16,-2.5254379755888294,-21.46325065933911
492,16,-1.465114297643595,-22.291224764938534
493,16,-1.7982146951808318,-16.539241874814707
494,16,-3.0754860964152613,-10.688861762489978
495,16,-4.1368570741296935,-10.440760690032448
496,16,-4.287576808897029,-12.470458436616354
497,16,-4.497740785505812,-14.219466256921123
498,16,-4.753750780196242,-23.611045990256343
499,16,-3.369304138615007,-22.35929848075739
500,16,-3.1423055137729534,-18.92776980169174
501,16,-2.111136097979397,-19.62428840509233
502,16,-0.47898789149621734,-17.042081161748456
503,16,-0.06460344412425911,-20.58442775144681
504,16,7.714759933813184,-35.400767564901116
505,16,-0.2398761698295857,-23.875424886639166
506,16,-0.04643634705644217,-18.098113202418972
507,16,0.4944327273287854,-17.687193816086847
508,16,-0.12769580555868743,-17.167534841887118
509,16,0.654371163261203,-19.319631198462048
510,16,8.31800736304649,-27.199827215533787
511,16,6.944500581753346,-28.45509156496132
512,16,7.645799819925742,-21.502110964478334
513,16,7.154617656279697,-14.15430060837025
514,16,7.1962936465070015,-6.54213571558671
515,16,6.601950387683246,-9.210874293731422
516,16,6.357569163824337,-11.242591662802397
517,16,5.141402300591835,-25.969735879499467
518,16,5.302359335727488,-27.271652075969996
519,16,6.834892403488993,-19.333435402818395
520,16,7.109378834419658,-12.252288862121532
521,16,6.811787932258085,-13.544126245610869
522,16,6.14788590149692,-14.680019935806286
523,16,5.855775407270812,-17.825057853865474
524,16,6.026606298662955,-22.195564812776638
525,16,6.250559274302759,-25.61443629150517
526,16,6.085562941556418,-25.401108565296454
527,16,5.997834578775837,-24.321318337923913
528,16,6.484809188991676,-20.14339573416646
529,16,5.660053971461821,-31.84333930046364
530,16,5.6446253803887885,-31.213031071450814
531,16,6.306326157266994,-28.855165231774663
532,16,2.057801506802207,-19.459011271961685
533,16,3.2318426942010774,-14.625027638015126
534,16,2.399737110084061,-11.58015709221911
535,16,1.8820549724487137,-11.139788401593137
536,16,1.5293697230872567,-15.309389623117795
537,16,1.3498359842797072,-12.026781574305915
538,16,0.9757638063420018,-13.171734739795511
539,16,-0.09373735121334903,-15.32203101439211
540,16,0.5315317379690896,-12.106274098699942
541,16,1.0609171019905261,-10.587118573334465
542,16,-2.3456039908323874,-15.744631764349265
543,16,0.15587000092455128,-4.591973556268613
544,16,1.0506475579995822,-1.2728467901501972
545,16,-3.141927828232838,-21.772596966702963
546,16,-1.9274234183676526,-22.519625329538258
547,16,-1.4154603072074678,-19.548150285030033
548,16,1.3527570540682063,-17.10947284821566
549,16,1.7155136301016682,-12.878979170096159
550,16,4.037287818688128,-15.800882770921135
551,16,6.32580221466651,-9.647025345168686
552,16,8.824915560750924,-9.743025174515878
553,16,9.267408502799299,-1.4317098780874176
554,16,9.006343166767692,-0.41196943031320643
555,16,8.499436014095409,4.359603560565006
556,16,8.35192370592722,12.155808758667604
557,16,7.736429306533864,14.885242423902696
558,16,7.771814596420882,17.90428795195396
559,16,7.193461795131043,20.61273833362202
560,16,6.488694833270529,13.084096592319497
561,16,7.889981110305598,9.668966836261689
562,16,9.247379709314373,8.478284758525433
563,16,9.51214048581187,4.284924180190501
564,16,9.74843088108446,-0.028185602727148762
565,16,10.690787165526672,9.206583140511384
566,16,9.096045975189554,6.815759283125544
567,16,8.966532153597655,6.417007144223248
568,16,9.385594951933854,7.324401606188076
569,16,9.215380118268513,6.352199040865912
570,16,10.378595317558393,15.35207133449319
571,16,9.458318693679757,16.237525802700247
572,16,8.444995794668102,8.90271869163712
573,16,8.182102720600597,5.815732186437913
574,16,6.037040493534732,6.951795372986112
575,16,7.174859316029142,8.02643128919783
576,16,7.191708222099805,8.18127209468139
577,16,7.660197390770918,3.0135801817110632
578,16,9.530785383055445,10.407503250204854
579,16,10.262857227177847,10.27058959748365
580,16,8.627489440971658,3.05090524782554
581,16,7.6832351607818055,1.155044537431536
582,16,7.921137413884935,1.8385033148285856
583,16,9.35794669189545,7.768335013133537
584,16,9.351014397045219,5.100629602979893
585,16,9.343022118273439,5.7696048627484515
586,16,7.8825672796292565,3.345330250256211
587,16,6.524398313775237,7.306445795615218
588,16,6.622457578874673,6.9927169566710745
589,16,5.31955663563167,8.923127404720844
590,16,5.611158190576134,10.274738964671883
591,16,4.195549222149566,11.015014848374676
592,16,3.0854842456692495,8.606401884552383
593,16,2.936202936501104,13.062616313914305
594,16,0.955387776738462,7.427377714082695
595,16,0.12330956088135281,8.051706244934394
596,16,-0.21798650168238964,1.1976209369213393
597,16,-1.81987871664478,-3.1788832473498587
598,16,-2.179527179674551,-5.693730594301769
599,16,-2.153014387260555,7.0610650266410175
600,16,-2.5650338609239043,10.397905469858188
601,16,-2.3127865719779948,13.293728854007895
602,16,-3.301083731945255,13.935500897835027
603,16,-4.047472375792495,9.836153569234966
604,16,-4.359209490442481,9.710743770024237
605,16,-5.293961659565866,9.093884729933052
606,16,-4.520642055808821,9.20950305772044
607,16,-4.5236699315955775,10.332883054851663
608,16,-4.403937903802216,9.529239309594004
609,16,-4.7651602325113345,5.380607521027969
610,16,-4.900011471379003,9.752633651716224
611,16,-5.591376825522275,6.75115701782056
612,16,-5.202001451008982,6.0545964687410105
613,16,-4.099238755070473,9.026198800950397
614,16,-4.585092339564653,1.7240908184960517
615,16,-4.681316771328056,3.531663158029005
616,16,-4.511583835800593,7.266422118072796
617,16,-4.3677178443304,3.839663360464783
618,16,-4.36063624092094,3.509447004437561
619,16,-4.131509812809782,9.293977112331959
620,16,-5.198238430589299,9.813057802522735
621,16,-5.275291409024248,15.115785852655108
622,16,-6.278129842342423,1.9142654830329775
623,16,-6.68516896856454,3.6629705939649284
624,16,-6.8562471217073835,-5.575815658340844
625,16,-6.2944899960457406,2.907056393744597
626,16,-4.930549255583173,25.596483662341598
627,16,-6.336377608540715,12.699533014578947
628,16,-5.37234816210912,23.911391478104633
629,16,-6.023088260884833,21.800526113773003
630,16,-5.433121688514802,24.049376562534462
631,16,-5.618451795279725,13.622147079031492
632,16,-5.149200708239732,16.567690175819735
633,16,-4.700570357567813,18.949551116413204
634,16,-5.498192112774632,7.198895014119671
635,16,-5.232095198909519,-13.11904317389508
636,16,-5.7873326123817606,-15.47980192895352
637,16,-4.390836214061892,-1.440310216705484
638,16,-4.130224492191701,5.28599513376912
639,16,-4.297439603281418,1.8760233281609544
640,16,-3.4882393947209493,0.7061609450809101
641,16,-4.369148722833415,3.197685427553779
642,16,-4.319280728777812,7.207267057319996
643,16,-4.3031146462017205,16.004017816952455
644,16,-0.30452586454339325,27.467821461425956
645,16,-1.3666023013720405,30.035838083167164
646,16,-0.9678172072599409,32.086555419613205
647,16,-0.9905065151879171,22.521111890325983
648,16,-0.8581899744822294,22.514521642638783
649,16,-0.822501524314248,13.433659889872615
650,16,-1.2566317238879492,11.16026176858827
651,16,-1.5155342414300321,7.0214876594673115
652,16,-1.649792450049972,5.517037716746017
653,16,-1.5461743026144177,19.320937171297828
654,16,-1.549797047930042,18.778339416096514
655,16,-1.9387631655145015,26.35855680385066
656,16,-5.880613377784357,30.065488552120996
657,16,-2.949926840405169,18.79712656493075
658,16,-2.935979527944255,14.011295568068135
659,16,-3.8663248764687523,9.368652681038157
660,16,-3.730147820911043,13.671924732011576
661,16,-3.4700443313413416,12.767508897434254
662,16,-4.234665025885988,14.581925274666446
663,16,0.18417933771161188,18.89051645414702
664,16,0.10598735670100723,11.836857221710034
665,16,-1.9622125384075844,9.371620809178012
666,16,-2.3755450043536257,9.349431163448344
667,16,-3.1957269403301325,14.174364233388815
668,16,-3.16670436376171,4.227604300685698
669,16,-2.7418555384410865,-4.119438984228509
670,16,-2.436076828212208,-2.6176714567636736
671,16,-3.229825013881964,13.187107230585752
672,16,-3.1856075873820373,14.599701360990593
673,16,-3.324351003243464,14.689244015966779
674,16,-2.41557539313726,23.937586613050826
675,16,-2.513375101240854,20.998409524225963
676,16,-2.8449571033934262,17.055252813537663
677,16,-2.330594014547387,15.411818193203317
678,16,-2.2280246766649725,13.67974473256345
679,16,-2.8362117692977336,7.589252803199088
680,16,-3.5941403419064955,-2.0379513374123235
681,16,-2.616069531434732,13.19994312365634
682,16,-2.9481380732922844,10.535934279886305
683,16,-8.20620204455463,12.37564167005803
684,16,-7.666345237860696,13.786470776998158
685,16,-7.45073794914515,7.602451465864988
686,16,-6.646714288364819,1.8235806481748114
687,16,-5.9764101540586125,3.3580092260976926
688,16,-5.241181172707911,3.6511384972168344
689,16,-4.987062435147891,10.033414335241332
690,16,-4.158923751647308,15.357213992931747
691,16,-3.5697878948158177,19.092178537810923
692,16,-2.791214303962988,22.607183064877063
693,16,-2.397128674837404,19.21960507926906
694,16,-1.5476892434126057,21.476713941383423
695,16,-1.7771878808098336,18.58146947979094
696,16,-2.064444090679899,14.897705424281412
697,16,-1.933182749063235,15.245774984133277
698,16,-1.9052513097540213,15.123914051720476
699,16,-1.3082962793941988,22.243598861427017
700,16,-0.7831740753890699,20.652297070325858
701,16,-1.046190308326004,16.6258976031595
702,16,-1.5911340652000945,14.489232119517965
703,16,-1.2877667603661394,12.326039157737796
704,16,-1.5598823113050457,9.348187883615537
705,16,-2.0336323578530937,7.63554125418932
706,16,-2.2349317460784732,3.087348519236457
707,16,-0.6101072089959416,20.056149903197365
708,16,-0.3022310235082841,23.170290624486825
709,16,-0.8122903367802792,21.29449731165323
710,16,-0.6375909000116735,19.458864949965573
711,16,-0.36889383091420314,18.334980626720153
712,16,-0.4257582393411212,15.004129085914428
713,16,-0.7224654789997658,12.645799533866011
714,16,-0.9907980266616505,6.512091837226308
715,16,-1.6739162970598045,3.3886640632977105
716,16,-1.638529148116504,11.577071555361726
717,16,-2.4113334016892622,9.304015220872316
718,16,-1.977097252681233,8.69112774079349
719,16,-1.9727591972932714,5.724040831700222
720,16,-2.120591850370147,4.1829564196800675
721,16,-2.6672025797133756,5.75453987004812
722,16,-2.831032037644036,4.848825015141301
723,16,2.9055695502784147,1.4873331301746475
724,16,2.23637125015739,0.2698215784284912
725,16,2.3764902507755323,12.88257100835881
726,16,-2.799524629062944,16.443364976516023
727,16,-2.664837983463258,13.465545071110682
728,16,4.230275236199304,12.151234639864015
729,16,3.761667918596686,10.485314532025768
730,16,3.7402571442853514,11.830579759507145
731,16,3.5568721956778973,14.722124530117526
732,16,2.1531855126049777,16.43267379517738
733,16,-1.2746834027730074,32.39824960356282
734,16,-2.1314656638796805,22.502249187151392
735,16,2.0560031157756384,8.046094639353214
736,16,1.106104675145616,4.884913879194755
737,16,0.2425587667421496,0.19328133019644156
738,16,0.7440076108614448,-1.1215126878869341
739,16,0.5141359989529519,0.6680746042070496
740,16,0.2664920462430018,4.281701117373359
741,16,0.5011134040942125,1.3600649904465172
742,16,0.15019783419757005,2.9652132869032357
743,16,-1.1306730665764917,7.126251550139386
744,16,-1.1535938851739047,9.654231275977054
745,16,-1.5632149155790103,6.602166752849826
746,16,-1.5246433377214998,11.229718120251619
747,16,-1.497963713428362,15.858202988617904
748,16,-1.7189340424001784,15.542052788408
749,16,-1.3657317312772648,7.033739490295375
1,17,0.04514570246828953,-1.0249791959804497
2,17,0.6477984696784915,-4.94576978242867
3,17,3.534385501464385,14.074317670069377
4,17,5.41606943453553,15.228653331310852
5,17,-4.275452361694988,-30.281540171634333
6,17,2.165986770784002,-2.885510109466395
7,17,0.7533202975801032,-14.547530999279388
8,17,-7.038985672130366,-38.62502149808097
9,17,-2.841107518282115,-26.99229403733625
10,17,6.098530368106367,5.725647946489062
11,17,6.92265323648644,20.83956805831849
12,17,6.922653236487349,20.839568058318946
13,17,6.92265323648644,20.83956805831849
14,17,21.257526889140536,64.71736738551817
15,17,20.292732417347906,60.71915872536738
16,17,18.88003416556694,58.87077536264678
17,17,15.89029938117801,49.48006879099876
18,17,12.634904533474582,36.202119497046624
19,17,9.622829694598295,26.34318638794639
20,17,8.08771746524053,19.97945013484332
21,17,6.880812583678562,14.067560717273864
22,17,4.26559328847452,12.1988830476962
23,17,2.8390294332930353,9.555518778897294
24,17,1.9118564947475534,9.2171866547651
25,17,1.4108410744211142,10.507268469303199
26,17,1.1992863502800901,9.356688285982273
27,17,0.6202047869728631,8.84635171127411
28,17,0.4080469231803363,10.367005447227257
29,17,0.16200608936924255,7.79736381698558
30,17,-1.3155386806956813,5.024187814550714
31,17,-1.5498704136571178,7.64671400704583
32,17,-3.174118339159577,7.193017700417386
33,17,-3.0970964845819253,5.529401790254269
34,17,-3.1263003906533413,8.072886129124072
35,17,-3.365671185024439,6.686340265068793
36,17,-4.342389912575527,6.5921540578174245
37,17,-4.676121676869116,4.699502807385215
38,17,-4.959197048182432,8.463239554961547
39,17,-4.400663736051683,9.760640921083905
40,17,-4.974650078738705,9.347046503549791
41,17,-4.433634450218051,10.961482189254639
42,17,-19.148754921987347,-6.283261978341216
43,17,-17.238032071288217,-3.665762280538729
44,17,-16.345526292248906,-5.488195390225883
45,17,-15.813902927081472,-4.632846900402001
46,17,-14.18112013989139,-4.632597431478644
47,17,-13.10174681706394,-0.33165497507798136
48,17,-14.208671830808271,0.6858521098019992
49,17,-14.961976559520735,4.957874747011374
50,17,-14.15277314222567,5.385372421064858
51,17,-11.623845613125923,5.314672523654735
52,17,-11.649827060464304,11.051893567349907
53,17,-9.944820930351852,11.78635531049531
54,17,-10.763854815803825,12.016657036106153
55,17,-7.605770791588839,11.882948318746458
56,17,-6.9264548352985,6.977995883110452
57,17,-6.160794050400909,6.772706401952746
58,17,-7.104885775319417,8.744052784719315
59,17,-6.039820526524636,7.537682579207285
60,17,-5.537617685977239,7.54104762026418
61,17,-4.346125319672865,6.38668787630013
62,17,-6.005355406105991,6.073160819831173
63,17,-6.259126904569712,5.428492895313866
64,17,-7.239652096585814,2.128696775960634
65,17,-7.685850806055896,6.773380718257613
66,17,-4.8980858249115045,21.2203881997375
67,17,-8.618781428170223,25.75272039333686
68,17,-6.728589502973591,23.486074769458355
69,17,-6.756785669519559,21.00035050810766
70,17,-7.729976159096623,15.40793728934841
71,17,-9.384043787151313,18.635850859760467
72,17,-10.604908943394548,18.302432548158322
73,17,-10.350821222382365,16.679839678227836
74,17,-10.051779298607471,16.471825898286625
75,17,-9.289119204839153,12.593301645699285
76,17,-10.693514286395839,9.401784455229972
77,17,-10.37269351195664,7.6611446056322166
78,17,-10.905974880062786,9.01288643465341
79,17,-12.473935996723412,7.6312002296754144
80,17,-11.847165396215132,-3.4471602087069186
81,17,-12.673642143992765,-5.55133621161167
82,17,-12.690754731814195,-5.945850927146239
83,17,-8.242963214126576,-8.261039340971365
84,17,-9.864447543674032,1.2980282116031958
85,17,-9.032374454050114,2.0923062479805594
86,17,-8.10746709585419,1.2055803084649597
87,17,-9.038057982677856,-2.47844161406465
88,17,-11.479626896581976,1.958504501659263
89,17,-13.227344509917202,4.15295520269683
90,17,-16.3746106564422,-7.102862958739024
91,17,-12.139588137455576,-10.437005529259295
92,17,-15.877276236492435,-8.69815968923649
93,17,-13.800620485261788,-10.357813712853385
94,17,-11.612457113253186,-11.086043035446892
95,17,-11.140243976781221,-11.418573180432759
96,17,-5.958502153066547,6.3817914313303845
97,17,-6.345082230972821,7.768992313098352
98,17,-8.895123396079725,2.6608570056805547
99,17,-9.088335518257281,4.815743418538659
100,17,-9.136958264180976,1.1883515133067704
101,17,-8.265827350513064,5.15750305165966
102,17,-7.263879867326068,4.698339149610547
103,17,-5.684220881253623,7.609996692260211
104,17,-3.4275995623929703,12.035854987926541
105,17,-2.033524866334119,14.425354294804492
106,17,-2.1558882468325464,14.386902158907105
107,17,-2.9324879451341985,3.982837052583818
108,17,-5.340011779593624,0.8350073235287709
109,17,-4.933602952758065,0.3817822325954694
110,17,-6.45704145698528,0.08952570171368279
111,17,-7.061862693279636,-0.2209494625667503
112,17,-6.044578342393379,3.2304401714636697
113,17,-5.536815654393649,7.703495939316781
114,17,-4.415275833956912,5.95174521701847
115,17,-4.098930469563129,4.451185110277038
116,17,-1.7758386993159547,7.182408398167354
117,17,-3.197970434205672,6.967360612179618
118,17,-4.97687387191354,6.630804564367281
119,17,-6.052996350092599,6.5725812512873745
120,17,-6.512119520396027,4.575124561922166
121,17,-5.653791693750009,3.992750575158425
122,17,-6.087289077863261,4.848054847910134
123,17,-6.443784019945269,1.8271591899292616
124,17,-3.213465948697376,5.957010222591634
125,17,-5.4853199635417695,2.4857051055651027
126,17,-5.469921383847577,6.372549230093682
127,17,-7.462585347910135,5.955001333647488
128,17,-4.783986021247529,1.5789821523703722
129,17,-5.481118837119084,3.3370560219109393
130,17,-9.320787974956147,1.2621792311720128
131,17,-10.206349875927117,-1.1031024504864035
132,17,-13.253804126271007,-1.9233241393667413
133,17,-14.51848524836214,1.4997450826795102
134,17,-15.189151307599786,4.192189313883318
135,17,-12.978159721715201,9.28472873512328
136,17,-12.587210938757835,5.092691537463907
137,17,-13.774234223803887,4.684212880790255
138,17,-11.809315480244095,4.73028434227308
139,17,-9.854046392591954,15.283545952912391
140,17,-12.620281782063557,2.0457592689263038
141,17,-12.260606271924189,1.2834989658240374
142,17,-12.174094502747721,2.5177700769918374
143,17,-13.33153319745179,3.1040901233409386
144,17,-13.430962623889627,0.3591830618961467
145,17,-13.631638679633852,-2.9995260827845414
146,17,-13.966815581116407,-1.1957792067460105
147,17,-17.186454216625407,-2.436072418051481
148,17,-17.733671802142,-0.8590161212159728
149,17,-16.081453030926696,-2.768294098763363
150,17,-14.67285402335392,2.6201364887629097
151,17,-12.179742408345646,0.535390229803852
152,17,-10.939871878193571,4.895552567887535
153,17,-10.26896333367631,8.448841101489052
154,17,-10.044196122586527,11.788016178950784
155,17,-7.5835422848576854,13.651037186388749
156,17,-6.533109900727595,15.369438779041957
157,17,-6.134335609143818,9.358816230978846
158,17,-4.032609752140161,6.157717004894039
159,17,-2.548992273379554,5.538528397943082
160,17,-3.6788344290712303,5.75548287469428
161,17,-6.113752152458346,3.947244191665959
162,17,-6.12119404658597,4.214450641754411
163,17,-3.2952974258359973,8.693203498989533
164,17,-0.9647436554214437,15.371805900405889
165,17,-1.6324763665038518,15.570994137779053
166,17,-2.2211373057521087,15.667379026431263
167,17,-0.704070353860061,17.778041666996614
168,17,-0.45661039193873876,28.48783137648661
169,17,-1.3140594191140735,23.629163206992416
170,17,0.6694103485665437,8.592689811311175
171,17,1.264421445345306,5.058823463995395
172,17,1.0514024981316652,1.573014758834688
173,17,1.4929709798238946,-0.29714072767819744
174,17,2.015636333736893,0.652096897229967
175,17,1.5711837617550373,-0.16904154267194826
176,17,2.164855967330368,-2.515254391891176
177,17,5.215357978654993,0.49168423418268503
178,17,5.107338768435511,-3.327437803201974
179,17,7.461738971998329,-1.89215170443822
180,17,9.880912221587096,1.8645022144237373
181,17,9.75396637337144,2.69900960664836
182,17,9.480713005895268,3.4311168807753347
183,17,9.79574215231969,2.1602818442870557
184,17,9.405373751812022,2.9916304550442874
185,17,9.668613450313842,1.9772005492604876
186,17,8.572011187143744,-0.9606835000031424
187,17,8.605331810444113,-0.3215876246304106
188,17,9.616275408121055,2.2600465526020344
189,17,10.501949145919752,2.6726177272848872
190,17,11.209228955516664,2.200644282970643
191,17,12.874727844567587,5.734982811101872
192,17,13.420388876037123,15.541785972092839
193,17,14.159060759827753,1.0052254608608564
194,17,14.339484116206222,-2.1724823073045627
195,17,12.546683311824836,-2.653822645190303
196,17,13.064745621398288,0.6632504377303121
197,17,14.0493986676438,5.637054233152412
198,17,15.096989324334118,3.665136342623555
199,17,13.385091868037762,3.0357720502706798
200,17,13.444017576868646,7.838406636482432
201,17,8.763392649854723,15.857666294454248
202,17,7.783573938165773,13.730504299623135
203,17,9.029596194007354,12.364060926443926
204,17,9.20429558482192,9.983705690063289
205,17,8.411487503316948,4.800240435059095
206,17,9.831736130247009,9.891983513055493
207,17,9.379977152058927,6.137446829789951
208,17,10.12911977223257,5.82484750342428
209,17,10.401190870116807,6.104388342821949
210,17,9.152125688166052,1.8326979118519375
211,17,9.465473199265944,2.2579958837168306
212,17,10.31622611528519,2.6678277914943465
213,17,9.838593869274519,0.14779679509410926
214,17,10.624687334238843,2.815745479209909
215,17,11.336005126159307,5.604495364132163
216,17,12.299821766564037,7.10813965692887
217,17,10.654025047916548,3.8794813319727837
218,17,10.707711035789544,5.349821607580452
219,17,10.145936849262853,6.395938137721714
220,17,7.590255074834204,2.80517018032333
221,17,6.591001949122983,-0.5626559379516038
222,17,6.132591400240017,-1.0287031490197478
223,17,5.132928025318506,-5.699610066469177
224,17,6.3331251471418,-10.572006423728453
225,17,8.719340004995502,-7.20502309748008
226,17,8.135975847914324,-5.061932576858453
227,17,7.469674534471324,-6.077417849614903
228,17,7.6114096740252535,-6.305198139351887
229,17,6.703340057918922,-6.577544590561047
230,17,-18.267852354777915,-71.41926440945736
231,17,-15.35836008342585,-70.49897140215126
232,17,-9.249468936228823,-57.009239073049685
233,17,13.770333479380497,13.602124002602068
234,17,16.92965942884075,13.54898353070621
235,17,16.694788857758795,12.87347678804963
236,17,16.470539840902347,14.651266676501109
237,17,13.26920621643876,6.822272706109288
238,17,14.071969120404901,11.123239618331354
239,17,8.815325636031957,8.182758678387472
240,17,7.445812227242641,4.643360563907663
241,17,6.222544119545091,1.358209151506344
242,17,6.29758617974403,1.3908072081585487
243,17,6.3468921101184606,3.509819148713177
244,17,9.659504500766161,4.909524283561041
245,17,7.167968021617526,-1.2261810246536697
246,17,6.616746780622634,-2.036270321995289
247,17,6.0930324124037725,-2.7569900887219774
248,17,2.807200766668757,-8.186380688995996
249,17,1.0470011128454644,-22.29631718536075
250,17,-1.6718216170020241,-25.746972931326127
251,17,-0.4016217360049268,-24.56309297293592
252,17,0.020730945818286273,-21.26715324666202
253,17,1.2755208843673245,-20.345897210812836
254,17,1.9300076096797056,-18.521610929206872
255,17,1.3130621965574392,-21.275628715237872
256,17,1.0574487486373982,-23.29323958437817
257,17,1.2948313181623234,-21.890633300222362
258,17,-0.3275764801101104,-24.53699823457191
259,17,-0.8489116110431496,-22.18762736017743
260,17,-0.9118955998592355,-18.404806943941367
261,17,-1.687393291303124,-17.38904750405527
262,17,-1.6934433890610308,-14.511856226910822
263,17,-1.2769266808227258,-12.374569661663372
264,17,-1.5644939822850574,-10.79126199926668
265,17,-2.173623649291585,-14.502048571157502
266,17,-1.3590925439903003,-13.560009709693077
267,17,-1.3215165022766087,-13.018288025563379
268,17,-2.1465647916566013,-15.475459646631862
269,17,-2.643706950419073,-14.639871318424412
270,17,-2.59376181967491,-12.184543538719481
271,17,-4.057981367010143,-10.460966952924537
272,17,-2.973933130968362,-1.7702457963087
273,17,-2.553819407878109,-11.13629271886657
274,17,-1.8859217054514374,-12.685270437609688
275,17,-2.188448039370087,-9.691596910013686
276,17,-3.4170395915352856,-13.08866530060277
277,17,-0.3598297298722173,-9.464366940832406
278,17,1.1762327244423432,-8.284653969683859
279,17,-0.15884873511640762,-9.783327258835016
280,17,0.2319740513285069,-14.476095086830355
281,17,0.7814944627461955,-10.663225111494285
282,17,1.1576532677354407,-10.579267536655607
283,17,0.9246067016028974,-12.081507073161447
284,17,-1.6174306392722428,-18.139502504118354
285,17,-1.2989753627807659,-16.96972657891547
286,17,-1.7070685275675714,-16.912826251847946
287,17,-0.1673805896743943,-13.903920706535246
288,17,-0.49395167674538243,-11.047543840927574
289,17,0.2687233630758783,-8.863575355161629
290,17,1.2230748613474134,-10.017241087372895
291,17,2.127925034600594,-8.683996265323003
292,17,7.287452173082784,4.638255086495519
293,17,4.814368010868748,-3.4151999784371583
294,17,5.300844143800532,-2.8081494456864675
295,17,-2.4599178188245787,-19.090428192125728
296,17,1.0655819473195152,-9.970845837192428
297,17,-4.152429507214038,-19.93700090670336
298,17,1.3343942762085135,-7.6120370043727235
299,17,-2.8722518883914745,-15.79660916976627
300,17,2.3298906020736467,-3.0152197899878956
301,17,-0.8057152736391799,-9.034806562985978
302,17,2.923659229361874,2.6736829798919644
303,17,-2.043657701412485,-10.15147721464109
304,17,-0.9638774405812001,-8.118274580325306
305,17,1.7494165493217224,3.862044209337
306,17,-4.532998737997332,-15.677652122745712
307,17,-5.738066777415952,-18.859368854773493
308,17,-7.302161394688483,-21.606168483398505
309,17,-6.584971635283182,-18.97786080421247
310,17,-5.421460957652926,-18.425723442331673
311,17,-5.2631367418553054,-19.113015903581072
312,17,-5.391049887322879,-19.880824816573295
313,17,-4.236589117659605,-17.662556209728336
314,17,-4.180215124541974,-16.19442454855698
315,17,-3.2033524646080878,-11.836238424778458
316,17,-1.2142948169735064,-8.408754127272005
317,17,0.9746514697312705,-4.019911151597171
318,17,1.9042123845706556,-1.971262805848255
319,17,1.7772634285220192,-4.55306310062997
320,17,2.2832290826790995,-3.0021379756494753
321,17,0.45489542009181605,-7.265153975863086
322,17,0.9231555871447199,-5.6409855146034715
323,17,-1.1531882457884421,-8.572079731942267
324,17,-2.445052906426099,-14.292333419401984
325,17,-1.9167905513158985,-12.14595636922104
326,17,-2.7889704379167597,-12.63919726957829
327,17,-1.867848779715132,-12.500233889934862
328,17,-2.602683375311244,-14.220424264160101
329,17,-2.9452953319346307,-16.153059009219305
330,17,-2.680889362842663,-16.076240263350428
331,17,-3.1356745454822885,-19.34176739851
332,17,-1.587344080492585,-16.62707915541114
333,17,-0.764095744545557,-13.083212880230349
334,17,0.5097852401763703,-9.04295738054634
335,17,0.7279416100373055,-9.664387231790442
336,17,0.9156214021472806,-7.518224439451387
337,17,1.2918628639458802,-6.695119755313499
338,17,1.3569047377609422,-5.254631497648916
339,17,1.6493931209188304,-3.2784584700311825
340,17,1.714619679340558,-3.1366850884182895
341,17,0.384596921688626,-4.3329585527772
342,17,-1.4906754217017806,-10.5873335163933
343,17,-2.4863500058409045,-13.700639734787273
344,17,-3.3726796669366195,-14.454297609619516
345,17,-2.3938712035405842,-11.04555128433276
346,17,-1.8690938767158514,-8.569987060926906
347,17,-2.0951668770426295,-9.33515573896375
348,17,-1.9706913059976614,-9.154802862573433
349,17,-1.616954678033835,-8.753094885184964
350,17,-1.1865501350857812,-8.089594330826458
351,17,-0.9690372604591175,-6.3362643767113696
352,17,-3.0512372837101793,-9.97936490997472
353,17,-3.7737891981200846,-9.91710833923753
354,17,-4.1655168244601555,-8.704535221595506
355,17,-4.531501275454048,-6.3801543927925195
356,17,-4.455249038074726,-7.354462897283611
357,17,-3.371686866793425,-11.706759384134784
358,17,-5.028023109728565,-18.401226992987176
359,17,-4.270644584723414,-4.260868890355596
360,17,-5.217896429307075,-10.069672061672918
361,17,-4.64059440524079,-11.496737378372472
362,17,-5.381143423843241,-12.697573630938678
363,17,-6.035145091824688,-6.385997421482898
364,17,-6.336600473208819,-7.446866102391596
365,17,-5.364566577980895,-7.623968835250707
366,17,-5.5242008125496795,-9.885759268020138
367,17,-4.159720165454019,-2.460295205318289
368,17,-5.2706218055541285,-5.8881576425469575
369,17,-4.95444712778999,-2.4325401477913147
370,17,-5.780552401067325,-10.290272995850955
371,17,-6.304773218218088,-8.248769750019164
372,17,-5.929873554863207,-4.906087474927062
373,17,-8.22610922472586,-4.295439557032751
374,17,-6.447611915808011,-8.150270271903082
375,17,-7.769772659275532,-3.4640629504679055
376,17,-11.989849378973759,-0.9649621153344015
377,17,-9.979565760485002,-0.6898074975929376
378,17,-7.986200670527069,-1.4939359838763266
379,17,-7.662184567930581,-6.627148693638901
380,17,-7.703573816644621,-2.420705365408594
381,17,-5.834730367469547,-0.5267184198428367
382,17,-6.173424004526169,1.4936373442715194
383,17,-5.438720368998474,-4.686428584517216
384,17,-7.518516934729632,0.0894085177924353
385,17,-7.264947962205042,-7.806746058819044
386,17,-4.864054365334596,-7.950463016916274
387,17,-0.6307506212374392,-24.30205839743894
388,17,-1.158906321354607,-17.482010581058603
389,17,-3.159872630256359,-11.310226868425161
390,17,-1.6558939612018548,-8.39339554342223
391,17,-2.5810138230604025,-9.3945264634649
392,17,-1.207652664721536,-11.59376775903047
393,17,3.477008088195362,-10.804849998431564
394,17,3.2181490944626603,-9.948103115295908
395,17,4.211460489134424,-9.208611828754329
396,17,3.7011976601193055,-6.940571465300309
397,17,3.6282006386609282,-5.551603690404136
398,17,3.5413080112416537,-6.539686416118457
399,17,2.8730451193787303,-3.5728653980054332
400,17,3.3259859640002105,-4.6752519545466384
401,17,2.3933231860164597,-3.247116226659273
402,17,-0.6029105744337357,-1.1923964246825562
403,17,-0.9453058994686216,0.8686762079410073
404,17,-0.20177390610115253,4.32709279251867
405,17,0.32927687933897687,0.9006595344449124
406,17,2.3964834759772202,-2.6570783511774607
407,17,0.018901250500221067,0.6934767346451736
408,17,-2.417717330090454,-0.5302240856572098
409,17,-2.5331453476474053,0.9441516822694211
410,17,-2.0559528053936447,1.2132813900611836
411,17,-0.7877463786562657,-0.8052327255795717
412,17,-0.651537096841821,-2.8009921273483087
413,17,0.6569933123664669,-5.135450942032094
414,17,2.876937471218298,-4.482570033011598
415,17,3.7190325936189765,-2.029651205195023
416,17,4.295134306191358,-0.9441270171337237
417,17,3.862344081311676,1.4152156192226357
418,17,5.254586140964875,-0.3843157499454719
419,17,5.210347266129247,0.23428017615742647
420,17,5.647803051064784,-1.2324364305973177
421,17,7.918226609552221,-4.254301501248847
422,17,8.824290308426953,-1.1290850692253116
423,17,7.762114902455778,-3.0390663469447645
424,17,8.330778205097886,-1.164298623475588
425,17,7.978045834471686,1.1608966050930576
426,17,8.670169020367211,-0.3431066881221341
427,17,10.404851524960577,-2.3954167853748913
428,17,9.68474894026349,-0.5449147917925075
429,17,9.834073206614448,-0.20768273632756973
430,17,8.402607802255716,1.884952079074992
431,17,9.023527113251475,1.623764211409707
432,17,6.085824014654918,1.2431963423464367
433,17,7.400001533950217,-1.8146202183429523
434,17,7.782202885300194,-0.6634506869631878
435,17,8.644625160326541,1.807553015607482
436,17,10.005416853207407,0.15753779719580052
437,17,10.98246683292291,3.146245628118322
438,17,10.820699359017908,5.098805397454726
439,17,9.822540136867701,4.678148156919178
440,17,7.265453310224984,3.7162826338376362
441,17,6.2446553124395905,3.1575268326723744
442,17,6.026604450567902,4.192037047419035
443,17,5.9641309866592565,3.5582216525758668
444,17,6.936647380490285,1.0218037000222466
445,17,6.314729167675978,3.3789421527658305
446,17,9.19206835098339,1.0697177328634098
447,17,9.361499667331373,-1.1158319275750728
448,17,8.71092564724404,-0.9134233749796294
449,17,8.635106894584169,1.430169523664972
450,17,9.226417278964618,2.9082533877390233
451,17,10.190538930422008,0.9905001722631823
452,17,26.148770623782184,20.875765894769756
453,17,23.527632825898763,19.86159167546839
454,17,5.270787082615243,0.09153474923823524
455,17,21.7914720876106,17.388038686046457
456,17,20.13839717022165,11.79774574682142
457,17,18.88602141210049,5.9070801463967655
458,17,17.456010580805014,4.240200280858971
459,17,16.77165308716212,2.6881941649171495
460,17,16.455030605307,2.485513558542152
461,17,16.921833033172334,2.6444288801326366
462,17,15.31468208458773,5.047543810555453
463,17,14.202336993268545,3.8962519228857673
464,17,11.203666097740097,2.99025764070484
465,17,9.835506666273432,1.4251221065942445
466,17,9.111542416369048,-1.2632366192328846
467,17,6.587769676010794,0.5481227142704483
468,17,5.077725633358568,-2.9857588990112163
469,17,4.527239676300269,-4.675784476869467
470,17,3.183134075550697,-2.023076176068571
471,17,3.3356997333612526,1.0952857510301328
472,17,2.422736950221406,4.654755679417121
473,17,2.170317272580178,5.7931890713207395
474,17,2.321241223047764,4.148832865984332
475,17,1.328398342930086,4.119478302115567
476,17,0.7205985658874852,5.6049886373812114
477,17,0.2223550425896974,7.271535196622608
478,17,-0.38473166373478307,5.843745686263901
479,17,-0.40726072068900976,6.226997191481132
480,17,-19.924674959666845,-8.116774295413961
481,17,-17.850792985394946,-6.328154046661439
482,17,-16.5925808123111,-5.651398812877233
483,17,-14.588899039439639,-5.954966104938649
484,17,-13.42155866406938,-6.544173483083796
485,17,-11.337749957944652,-3.250227105742397
486,17,-10.520203102237247,-2.165424198529763
487,17,-9.777350745523108,0.4582080579716603
488,17,-8.606350585106156,-2.6810225954150155
489,17,-6.8673612899938234,-2.506149283827199
490,17,-6.613047382646982,-1.5353327351640473
491,17,-4.307142599046529,-3.5698673461674844
492,17,-3.6470775110228715,-6.3991989530036335
493,17,-4.911945550865312,-4.845130356224217
494,17,-6.689890698989984,1.1053004500045063
495,17,-5.943560993538995,-0.46982761555682373
496,17,-4.574527486737679,-0.5331826602955516
497,17,-4.322423135695317,-0.870761065329134
498,17,-5.806052943067698,2.131078254505155
499,17,-3.9863119649889995,-2.4672707706458823
500,17,-3.998826447807005,0.7626358041106869
501,17,-2.7432477751290207,-1.4950007600364188
502,17,-0.9472448896331116,-3.829125244322313
503,17,-1.1681988383415955,-2.780072048475631
504,17,19.010875027425755,4.5593421681674045
505,17,-4.462670973379318,-8.640222192571855
506,17,-4.490187219212203,-10.073382324020713
507,17,-6.023279719275706,-11.788591564557464
508,17,-7.8084913026841605,-10.049170652633165
509,17,-6.211033172948191,-10.783583576723231
510,17,14.953496362818441,3.615895212585656
511,17,12.380125747946295,3.453784871403059
512,17,12.482937829686307,-1.386030892373583
513,17,8.116178242747083,0.6752259676804897
514,17,6.950126616425223,1.1999085548168296
515,17,6.312593644511253,1.4465938119651582
516,17,4.784292439118872,-2.974111726902265
517,17,2.9787809400959304,0.7497838387907905
518,17,0.03622249645923148,-2.8195757204948677
519,17,-0.6967797050674562,-1.4130338876630049
520,17,-3.422225131241248,-0.8727912806662061
521,17,-4.883542739669792,-7.642931951201717
522,17,-6.557006138090401,-6.993481222556056
523,17,-6.437408331275947,-5.4281934010550685
524,17,-7.584183369901439,-2.10531947981508
525,17,-6.463361577427349,-6.797826516787154
526,17,-8.618316940321165,-7.333151024325616
527,17,-9.585433194700272,-7.905062474363149
528,17,-9.449237629301933,-9.625472996317058
529,17,-8.81062748325894,-15.678642664188374
530,17,-11.81481387045551,-8.86569528656537
531,17,-14.69065898514782,-5.773046862666888
532,17,-29.413237634450525,-17.210264362038743
533,17,-30.209346286751497,-28.805943533403024
534,17,-29.66801367662356,-20.569842164661623
535,17,-29.523055052689415,-17.43678734153582
536,17,-24.1150778354222,-22.680936958345683
537,17,-23.058699156976672,-18.61230140553107
538,17,-21.96622955220664,-11.925063879503796
539,17,-23.575406311585084,-15.60611457248433
540,17,-19.932743449249756,-11.04757912082141
541,17,-15.29677912600755,-15.068972264386957
542,17,-18.52395615628393,-3.7245974761331127
543,17,-15.969375437990038,-5.0848483103090985
544,17,-13.580673337668031,7.652462476980418
545,17,-14.326911911625302,5.6502877743696445
546,17,-12.995970812366977,-0.7863004497316979
547,17,-12.395584862925716,0.5759164339260678
548,17,-13.301827712671638,0.4532994072878864
549,17,-11.439594477794344,5.39375165793308
550,17,-9.489148739295615,-1.3893766134819998
551,17,-9.674756245816297,2.370471628391442
552,17,-6.202776235728834,-1.8990662016672104
553,17,-4.9897468796880275,-0.29402142499202455
554,17,-2.0111056227074187,-2.8498366512817483
555,17,-0.7740363539992359,-1.6064004614881924
556,17,-1.571349436804212,3.1735328444615334
557,17,0.897230924590076,5.127584560531886
558,17,3.2996417690046655,5.992671327443077
559,17,2.646341859741824,8.918802857908304
560,17,3.1882995240039236,7.126132660694566
561,17,4.678215299357362,3.9081290535555127
562,17,5.185102333198756,2.780107582630535
563,17,6.204229955554183,-0.9413168949226929
564,17,3.5392449735859373,1.514413041579246
565,17,4.323019768471568,0.6198787283838101
566,17,1.4335467157357016,1.0751545539915242
567,17,3.3156191067569125,-0.2090152704013235
568,17,4.496832064578939,0.9520011700728901
569,17,5.613076018196807,-0.09870259793069636
570,17,9.567193754483469,3.7590608371633607
571,17,9.195462868237883,-0.16898972042736204
572,17,8.497809600932214,-2.9336094063364726
573,17,8.913665742437388,-3.1232866303662377
574,17,5.326850331837704,-5.916857254005663
575,17,5.190295319038341,-5.4548987928396855
576,17,5.417441587748726,-5.041082839646606
577,17,4.409774223246131,-6.463087370226731
578,17,7.313797096597682,-7.207237623262699
579,17,6.680023237210662,-8.79332705414572
580,17,4.332888645481489,-11.798599285691125
581,17,5.250141646912198,-13.155623771235241
582,17,6.599850759947458,-13.379034518213302
583,17,10.469140552280805,-9.125164470729942
584,17,10.7267961543821,-7.060475909754587
585,17,10.40217693468685,-5.529626760081101
586,17,11.183636539769395,-5.47488101920635
587,17,11.224819366794236,-4.171475318325065
588,17,8.699228768699413,-3.5678785748236805
589,17,7.914588442737568,-2.8274069579661045
590,17,8.708723244344583,-2.1028498968012173
591,17,9.386838431501928,-1.4476640284897258
592,17,7.968230945374671,-9.477145630920859
593,17,9.394591691682308,-1.9687973729719488
594,17,8.391328114750195,-10.863434493747718
595,17,9.120488311591998,-3.3696066604575208
596,17,10.753127414668597,-1.1878877323729284
597,17,11.385541182253291,-0.6579665255194413
598,17,10.476009225603775,1.4103740522059525
599,17,8.955907092285088,4.228731287842038
600,17,9.259419150106623,5.225529298313631
601,17,12.34531838820476,3.859832777669453
602,17,12.557515144706485,2.8106225293950047
603,17,14.491045903648228,6.0677577702972485
604,17,13.49002166138689,10.013978213047267
605,17,13.011352853065546,8.888255339533316
606,17,12.808017405213832,12.897065885080792
607,17,12.75066161182258,9.21302437362192
608,17,12.715403787869036,9.31852760882748
609,17,11.667809119496269,5.88799130211828
610,17,11.53390992702316,4.759041112141404
611,17,9.886689204359755,1.3052989280631664
612,17,9.7522468934676,2.1824751294607267
613,17,10.291999564807156,5.800064678047875
614,17,9.776804170535797,-3.0683471174838814
615,17,9.307608492776126,0.27494299432282787
616,17,9.059982942242641,3.903416557591754
617,17,7.651363434186351,4.7638024036618845
618,17,6.98934043772806,5.507434150511017
619,17,6.460165154427159,5.949511628204618
620,17,4.471132850956565,11.98792714370984
621,17,7.546002266274627,7.140902793034911
622,17,10.511347752640177,2.5582461779363257
623,17,11.091203733481052,8.07493651509185
624,17,11.266522640218682,7.645714928053167
625,17,13.103760025383963,11.493295426279929
626,17,12.901283637272172,10.331105502054925
627,17,13.429821769727823,8.576983781562376
628,17,11.797752287119692,9.37119639077082
629,17,10.15063540159008,8.244302452557804
630,17,7.593998719131378,15.227239450779962
631,17,8.171710186631572,13.282063528128674
632,17,8.66836767668974,14.62908587843549
633,17,8.672029189711793,14.784184932179869
634,17,8.469771798561851,16.122455256629564
635,17,7.167619497986379,9.93807660913808
636,17,7.053021112061288,7.392363150802794
637,17,6.961049127966362,1.561567591156745
638,17,5.8302921220974895,7.244773248383353
639,17,5.868444866553546,8.550314229649757
640,17,7.012335758386143,6.229557161382672
641,17,5.962480397055515,4.490072442620658
642,17,5.785489692455485,8.618261192062619
643,17,5.5007893851561676,4.0405209047416974
644,17,20.77114234706005,22.49808248718773
645,17,17.915337623778214,19.967156025585155
646,17,17.84834614067313,10.013619992811527
647,17,17.939866975776567,7.280180781513536
648,17,16.237414730020646,8.434607534361021
649,17,14.56881510722269,6.558310817941219
650,17,13.013378510835537,9.095263551102107
651,17,10.358482572043613,8.290299927869455
652,17,9.730996010157469,4.987222261107036
653,17,7.288127631668431,5.900614693683565
654,17,5.800955521284777,5.639205253394721
655,17,4.652380259948586,12.122453488747396
656,17,-20.494437778056636,-1.2923839948912246
657,17,20.417632345588572,-21.33853963678348
658,17,18.600969321469165,-16.418605983833913
659,17,15.735861770842348,-9.398037821810703
660,17,12.535754163699494,-2.6475242840720057
661,17,11.262973048456843,3.1318010095783393
662,17,6.682996758813715,6.539844213253673
663,17,-9.20742410587718,32.14042143163624
664,17,-7.063213811717105,19.83518202412415
665,17,-7.884446969575947,16.898110989377983
666,17,-7.241766135131911,19.890564743451705
667,17,-6.571687870376081,27.249081602224578
668,17,-4.417595897304636,18.76679428085845
669,17,-3.4030958925941377,9.513244229572138
670,17,-3.977739491471766,9.273028102844364
671,17,-5.71835098140491,17.55123441908563
672,17,-3.3479525765778817,14.667088552971109
673,17,-3.0033432457948948,11.704824877000647
674,17,-2.9370285668856013,17.28968186881275
675,17,-4.558195826521114,19.466693698042036
676,17,-4.082913331133568,18.025461464736964
677,17,-3.131389712084456,15.538294952203614
678,17,-3.364055161552642,10.198581316887157
679,17,-4.514280851735748,11.880630470449432
680,17,-6.446736047028935,6.155055322301905
681,17,-7.295312293492316,5.3822690503025115
682,17,-7.049871750339662,6.731895446349881
683,17,-24.016130919453644,-6.338971291998405
684,17,-22.5031048302626,-3.5904100777615895
685,17,-20.18280959608728,-3.844928015995265
686,17,-17.061110310147342,-7.506595779210329
687,17,-15.21161024961657,-9.105093731652687
688,17,-12.209827156416395,-4.162166579321365
689,17,-11.745971920482589,-0.5902211879611059
690,17,-9.7582131720701,3.9751644561320063
691,17,-7.631107210123446,12.422267425456084
692,17,-4.743207599069137,13.062538911334741
693,17,-3.4540023209829087,12.590434054086018
694,17,-2.581843996025782,15.47565993135504
695,17,-2.7446570860374777,16.365796929753742
696,17,-2.4728634920465993,15.056150292547045
697,17,-1.426548197469856,15.910099009510304
698,17,-1.0877838404303475,14.234480491558315
699,17,0.7337646499436232,20.055515680848202
700,17,2.9725754234523265,21.884418359610663
701,17,3.657996162987729,19.853679172776538
702,17,3.4873611471048207,17.456582096034253
703,17,3.52027153594463,14.72344546142358
704,17,3.6897342499287333,13.022191440682036
705,17,3.351106902189713,14.39478214697374
706,17,2.7356812695825283,11.062294340041717
707,17,3.302955907732212,11.731959757430104
708,17,4.8332340202068735,16.432228145068166
709,17,6.123996098487623,21.98284279143718
710,17,5.887539894084512,21.943104330680853
711,17,5.09527471862657,19.714838610103925
712,17,4.663077499665633,18.42915845630523
713,17,3.284293003662242,13.926753818195266
714,17,3.5665955489375847,13.65444823197231
715,17,2.055123650314272,8.964317588048743
716,17,3.5277988127409117,17.802052430032745
717,17,2.9385947200808005,20.269326867713517
718,17,2.7863580531011394,13.289178258236461
719,17,3.206978085684568,10.989330387707469
720,17,3.3140421977777805,9.68203553912872
721,17,2.805519356221339,11.298554915550994
722,17,2.0608167866439544,8.57732302916611
723,17,17.495892148362145,23.152663568746448
724,17,16.06788108839919,26.53319927870598
725,17,14.506165932453769,31.67404500543762
726,17,-2.2914992022515435,16.624711054774707
727,17,-3.5622020689579585,17.735590581456563
728,17,13.076397171067583,22.85405301789615
729,17,10.12838820813613,17.942270207257934
730,17,8.52920409602848,18.937157024000953
731,17,5.48819450881183,17.898954027778927
732,17,6.237715873849993,29.15001625107925
733,17,1.8440079230185802,44.87795614906463
734,17,-1.077096734404222,38.69084949656917
735,17,-0.7900771423755941,22.713064796363142
736,17,-7.084730675972423,15.465138409813335
737,17,-7.85651004657575,11.189676055538257
738,17,-7.115128377896326,-2.958950626686601
739,17,-7.951642157525384,-1.0291177123708621
740,17,-5.614020024900128,14.1498721824928
741,17,-3.1293330610651537,9.363472886809177
742,17,-5.7290487649170245,15.67966418330343
743,17,-8.95005325011607,15.706333050365174
744,17,-12.318176649608176,11.889003933386448
745,17,-14.177108251119535,5.873719261570841
746,17,-14.268802005837642,6.796093086297333
747,17,-12.630368966147216,15.357098812157346
748,17,-12.98772334746991,20.232780334891686
749,17,-10.756266211860748,16.207884756800922
1,18,-0.08783783414946811,-0.8371583522884976
2,18,3.0295753233276628,3.356563882656701
3,18,2.38375138954234,7.597252575485982
4,18,0.8134244304374079,1.0892210734155015
5,18,-0.13131907641945872,-1.5095949529968493
6,18,1.5583387615024549,0.8215519211771607
7,18,0.8483177524130951,-1.2969894391017078
8,18,-0.15633553920815757,-0.24960124304016063
9,18,2.2020802172337426,5.3155320750393
10,18,3.6423561712381343,5.164162094318272
11,18,2.765829600601137,7.218453290620346
12,18,4.1494739731160735,9.89252707524065
13,18,3.9227742272041723,12.667931642668009
14,18,3.1269518637545843,10.227184434897026
15,18,2.9110157732202424,8.847160852332308
16,18,3.616254759849653,6.957585445561563
17,18,5.0939915923363515,8.14226401367705
18,18,6.464670996908353,10.667565364529764
19,18,6.450263970553351,12.04504713429742
20,18,6.617875519866175,10.879844304373364
21,18,6.675276533752367,11.334863781569766
22,18,6.584553974146729,10.48413096054901
23,18,5.929344501095329,7.756387354057551
24,18,5.070091168028739,6.305111932905675
25,18,5.041680871207973,6.658170534549754
26,18,5.305982258562835,5.5533340120482535
27,18,5.985817594593755,8.27682687300694
28,18,7.281798079868167,12.766591105874795
29,18,7.795151920399803,13.2495315678716
30,18,8.304509980748662,14.833968065931913
31,18,8.406700847400316,15.040271447068335
32,18,7.186174026916888,12.561234579015945
33,18,6.515849959791922,8.421546774905437
34,18,6.1445032051824455,7.013716556028157
35,18,5.945362723642575,6.4195910052003455
36,18,8.186608158978743,14.916465408563454
37,18,8.611673959258951,13.548357824239247
38,18,8.865929968360433,17.025584734142285
39,18,9.90891510435722,20.58967002855934
40,18,8.107048022704475,16.683669335402556
41,18,7.550866086380665,14.614958331713751
42,18,-8.84694267762552,-10.118875712106274
43,18,-7.483869884882552,-9.56627174794994
44,18,-5.934057024461254,-9.220884543296052
45,18,-3.7537540374596574,-3.316790692431823
46,18,-0.9000385279696275,0.4643007836975812
47,18,0.6934515248958633,4.0348976809991655
48,18,2.0334345963019587,6.217629260551803
49,18,1.8741433935365421,5.819879287957519
50,18,2.6754591353674186,3.567549162841715
51,18,3.0505168852096176,1.463806075683351
52,18,4.735122596534893,9.121545462051472
53,18,7.084680499078786,13.467161507743185
54,18,6.8000826278466775,15.437953364696114
55,18,8.786819560677031,14.977314387443585
56,18,9.898405832545905,16.09384557222893
57,18,9.499945422250676,14.74581857380781
58,18,8.282987663483254,14.447841354692173
59,18,8.561979462955605,11.083646210071493
60,18,8.409959847122082,8.438753768775314
61,18,10.62078047085015,10.570814842962136
62,18,11.19172432745836,11.515647643980628
63,18,11.373709817470626,13.366477540463165
64,18,12.125960113297879,16.45848094232042
65,18,11.19580637371655,16.176415675669887
66,18,14.295725899345598,19.80891953328137
67,18,8.12455071505974,22.54162571895995
68,18,8.709895643208256,23.92813425969598
69,18,9.245800939562287,27.11021042500488
70,18,8.377282633130562,24.58378939348313
71,18,8.81887832548091,29.610148194789872
72,18,7.213892196732559,27.03363600204466
73,18,5.522727544268491,23.404910777361692
74,18,5.595120034005049,21.24373693324287
75,18,4.578508288404919,15.503569875739231
76,18,2.585469217257014,10.691810053661357
77,18,3.2911588968463548,13.526914060092167
78,18,3.732103203104998,16.881078384824832
79,18,3.019682487870341,17.472699429376007
80,18,6.409982384873729,10.152507902917932
81,18,4.281513294434262,8.285076387271147
82,18,2.374422719899485,4.8979980871508815
83,18,1.2331019816629123,-1.2034949996132127
84,18,0.5904451165833962,8.058709078947686
85,18,0.2667886343879218,8.884116989324866
86,18,1.0520366390983327,9.033354109384163
87,18,0.9950685511166739,9.37191127859387
88,18,1.0747225812256147,12.775054143325178
89,18,0.805759194440725,10.66782260146283
90,18,-6.501825944455959,9.671275598971988
91,18,-3.9681364039315667,7.132425513586895
92,18,-3.49498631068127,8.79546603088329
93,18,-2.5947206289638416,6.163298591167404
94,18,-0.8146782629892186,7.775263502873713
95,18,0.5163862822382725,8.466581787420182
96,18,8.520503159424152,4.893115544205102
97,18,7.734555761299816,3.061891962858681
98,18,7.566062333454283,-0.6802069020986892
99,18,8.404594698511573,1.7401401696915855
100,18,9.050828329462092,1.2295296025213247
101,18,8.481632135275504,2.652771168808613
102,18,7.97073725556038,0.6578630573667397
103,18,9.633410869999352,3.6682633010868813
104,18,11.814869196605287,6.428636651175111
105,18,12.855917567604592,5.543342667300749
106,18,11.974162306877588,3.533634015210737
107,18,11.088197331463562,-2.476724984282555
108,18,9.905443928527347,-4.916793336537012
109,18,11.505670392207321,-4.4220316102355355
110,18,10.801022955612098,-5.846340664056697
111,18,10.675718285660878,-6.194623636455617
112,18,11.209630791910968,-1.9189856595248784
113,18,13.00262046325679,-1.603646383632622
114,18,13.428778219189553,-3.154155376824747
115,18,14.793745010453677,-2.2789064966236765
116,18,14.693810793232842,-0.09274246930090158
117,18,13.478597923714915,-2.046192120192245
118,18,13.031344960836577,-2.2494180259609493
119,18,13.722023607979281,-0.1480791782241795
120,18,13.800978075330022,0.9846941036585122
121,18,14.456648109367052,0.40085502595775324
122,18,13.937328538928341,-0.6018410509805108
123,18,12.28653718994974,-1.7895716718940093
124,18,14.18635153489322,0.8393753078244117
125,18,14.605164356550631,2.568771731437664
126,18,15.184834776116077,5.055051288656614
127,18,15.1860068239057,8.30211469540609
128,18,14.640688153021074,5.861538441313314
129,18,11.504448830178262,5.4070665030967575
130,18,8.510423196532429,3.128637813030764
131,18,7.653874164306217,0.9722253823620122
132,18,6.591304542417674,2.6876837085064835
133,18,5.7740378413736835,6.436648642566979
134,18,5.027251465895461,8.23301681789144
135,18,5.5723414509093345,9.227075086594596
136,18,4.365030269635099,6.1256774224630135
137,18,3.741105202740073,3.5600531739592043
138,18,1.3860504875538027,3.589779320557682
139,18,4.2921047045738305,11.073963315810033
140,18,-0.13900876994193823,-3.310745736923309
141,18,0.1999180636503297,-7.232680221752162
142,18,1.121331780019318,-6.256631252701482
143,18,3.435622115061051,-6.094070009577081
144,18,2.1205150149444307,-6.81574065967834
145,18,0.6374812952890352,-7.535389858301642
146,18,-0.49979057180553355,-8.58749028360944
147,18,-3.5344320395379327,-17.031265838046238
148,18,-0.9946140979927804,-14.700378960125818
149,18,2.0986534176172427,-14.097375876394835
150,18,2.323576900073931,-9.327971870244255
151,18,2.813225811598386,-8.120799416848058
152,18,3.6171974342842077,-8.144426705077422
153,18,2.154288448688021,-15.359542319150933
154,18,1.3253551693533154,-20.217583292817835
155,18,1.1620847788599349,-25.20331743787665
156,18,1.556501381468479,-21.362873342621242
157,18,0.7513734596404902,-22.409432679244674
158,18,1.8505177031875064,-21.348563635252503
159,18,2.7252297170634847,-16.08201190417367
160,18,3.5595241417850048,-12.351344912498462
161,18,1.5042667578072724,-14.196801419539042
162,18,0.6178112182215045,-14.157088521288642
163,18,0.0726101010268394,-14.153530363619211
164,18,-0.6028453194448957,-15.126191990112602
165,18,-1.7555130849950729,-15.654174536090977
166,18,-2.4440134910637425,-14.430425451519113
167,18,-2.610190734785647,-10.55192845945021
168,18,-3.7381895222843013,-1.1169459084339906
169,18,-2.9076256860635112,5.895021070471557
170,18,-6.3567938533342385,-16.656032539957778
171,18,-7.003202585206964,-18.855366031714766
172,18,-8.361635955986458,-21.606924887598325
173,18,-8.531658125042668,-19.66307509879789
174,18,-9.631583986616533,-15.075526429865022
175,18,-9.94788563936254,-12.620672689754429
176,18,-9.586682693355215,-9.205231731826643
177,18,-9.147021336356374,-6.752799746154778
178,18,-9.378239360123189,-7.565173893601241
179,18,-11.791354629102898,-12.283980969105869
180,18,-11.500785721180364,-7.800784711242159
181,18,-13.032838199467733,-7.736463228624416
182,18,-13.619941111949629,-4.468100008845795
183,18,-12.656130195348851,-4.97885841040079
184,18,-12.464132445239557,-4.681154344300012
185,18,-11.974098017697543,-4.04041707606757
186,18,-12.128878827145854,-4.35721249758808
187,18,-12.707305833662758,-6.226100829494499
188,18,-12.83452095368375,-5.3665041761250905
189,18,-11.59919670718682,-4.460530530296637
190,18,-13.091392946361339,-1.5825925746676148
191,18,-12.58156034424701,-0.6790646635208759
192,18,-14.040750485498393,7.496898879511718
193,18,-14.23582510916367,0.34773428198150214
194,18,-13.373466012532845,0.18255672322084138
195,18,-12.34838648785717,1.2342180378664125
196,18,-12.277677978495376,0.6199788474496017
197,18,-10.863217270985842,2.625919655837606
198,18,-11.202171127234578,-0.6202029305031829
199,18,-12.133927854828471,-1.5223772620711316
200,18,-12.019058851224145,2.534905612273178
201,18,-13.294571009619176,10.365873054009171
202,18,-13.093485334956313,10.272205963449778
203,18,-11.103756879118919,10.999565154474112
204,18,-10.914973805011869,8.997101785262203
205,18,-11.898561518197312,7.254165298994849
206,18,-11.379089917272722,9.092587931945673
207,18,-12.70813397344591,4.94617540685249
208,18,-11.371182910217613,3.874296969577699
209,18,-9.622541272886338,3.5688901794474077
210,18,-10.968997899136411,2.6738556847631116
211,18,-10.842632954951114,3.388855436632184
212,18,-11.906865026267951,2.059188290685597
213,18,-11.334417488584222,1.3778041910009051
214,18,-9.827412438893589,1.5864753028445193
215,18,-8.392158041010589,5.989987861859845
216,18,-8.169979899726059,3.862780151916013
217,18,-8.64548151044255,0.18136373205106793
218,18,-7.899024018448472,-0.15942916292078735
219,18,-8.128781885574426,-0.6969243756748256
220,18,-8.513800229285152,-0.8652374379662433
221,18,-8.494404789587861,-1.1690625750024992
222,18,-8.568293874799565,-2.3506147837679237
223,18,-7.552109213233962,-0.871142539527682
224,18,-7.0321922428111066,-1.755784041748484
225,18,-7.553497271149354,-3.3127675555797396
226,18,-6.601397336808986,-3.0786309315753897
227,18,-5.390319449423259,-1.888123720808835
228,18,-4.424443207864897,-2.391345719867786
229,18,-4.745016722894434,-3.4116251445248054
230,18,-5.8820475559859915,-1.921780937944277
231,18,-5.898921616593725,-1.1877978536813316
232,18,-6.7494095299489345,-2.9813789229401664
233,18,-6.346522293808448,-1.081255537400466
234,18,-3.098101372932433,-1.6651429879493662
235,18,-2.6550073844509825,-1.270448193966331
236,18,-1.784003323988145,-0.5703998417620824
237,18,-1.4342726523755118,0.05400329335770948
238,18,-1.5522130514254968,0.4090795848533162
239,18,-5.8747247213250375,-1.0033320820330118
240,18,-7.0518106094295945,-3.627445942916893
241,18,-8.083912551230242,-5.656545769375953
242,18,-8.903155318033896,-5.133368366559807
243,18,-8.872202066037971,-3.9969410563599013
244,18,-5.944069583888449,-4.48870265660571
245,18,-6.093420735521249,-5.181927032177555
246,18,-6.3251477009971495,-5.702739747624037
247,18,-6.216081334225237,-6.7018518527092965
248,18,-6.008593611130891,-5.9652447061607745
249,18,-4.688950038633266,-18.13114204903013
250,18,-4.32096957581598,-17.75015331161194
251,18,-3.9309903661196586,-16.265812991518033
252,18,-4.515250522226779,-16.276587357244352
253,18,-5.0674958517747655,-16.03232555568502
254,18,-4.668784011116259,-11.848150250375511
255,18,-6.16244790066321,-11.326331813252182
256,18,-5.301167550612263,-8.87989732358892
257,18,-4.275341981972815,-7.168963511299808
258,18,-4.216671375825172,-6.620032291129064
259,18,-4.2978585348992056,-4.482364268708807
260,18,-3.874093295458806,-3.708785276042363
261,18,-4.307754037735322,-2.1272219255733944
262,18,-4.761721229219802,-1.8023052169000948
263,18,-4.648072374563526,-1.2986099860463582
264,18,-7.393308482933207,-5.808785899175746
265,18,-8.162557708715212,-6.6167030920005345
266,18,-8.831585952842943,-6.485515500053225
267,18,-8.499647889281732,-5.031775816284608
268,18,-7.943221904916754,-5.393715182070082
269,18,-7.23585998040835,-3.6216876600719843
270,18,-6.939022274937088,-2.655423613975472
271,18,-7.479896781734169,0.34252709742122533
272,18,-8.859957814297559,14.637737459190248
273,18,-5.953954540455925,-2.9564467406553376
274,18,-6.198858659691723,-4.6441573570118635
275,18,-8.257619055561918,-6.840913206786354
276,18,-8.38579746004416,-6.053452628763807
277,18,-8.576344180023625,-5.600291928188199
278,18,-8.57957929865006,-4.481341585035807
279,18,-8.60386763002407,-3.8751386606272717
280,18,-8.584856260014021,-7.135149634274967
281,18,-8.2837199745627,-6.19200562862261
282,18,-7.697057795604451,-6.190337722294316
283,18,-7.3272995420657026,-6.80742874488169
284,18,-8.633969472334684,-8.70744290460516
285,18,-9.231652154232506,-8.30729355382391
286,18,-10.009907162353556,-7.551420567740934
287,18,-9.936987591543584,-8.87890916465767
288,18,-8.641029661168432,-5.630989954068355
289,18,-8.130174861419619,-6.0760770924835015
290,18,-6.564200251634247,-3.812207868796577
291,18,-6.672794025424992,-4.810469043822195
292,18,-2.6072430473186614,10.165043233478173
293,18,-3.0012708858794213,6.166219992389415
294,18,-4.024717827504901,3.6627663748304258
295,18,-8.837592364692682,-10.520115409027312
296,18,-6.965880166841998,3.3371393323150187
297,18,-11.617747602384952,-10.045185140879767
298,18,-7.612216075672222,4.54584042139868
299,18,-10.18140392348323,-8.670834192303118
300,18,-7.536847845941338,4.1827942126747075
301,18,-8.923134728525838,-8.090240278407691
302,18,-6.693160020592586,3.7995373212097547
303,18,-8.853761681369178,-8.56166897784351
304,18,-8.228639517986267,-8.585730925754433
305,18,-7.435981535702922,5.494077065739475
306,18,-6.650425185357562,6.573921757055359
307,18,-6.613174168653131,5.604179341084091
308,18,-7.217713191141229,-5.638548505582548
309,18,-6.833761032588882,-4.91450734848695
310,18,-7.530257418005931,-6.214261928244014
311,18,-6.952083766661417,-5.116658123613888
312,18,-5.813423096500628,-4.248947046669855
313,18,-4.754889349572295,-4.446630138819273
314,18,-5.009102091863497,-4.056443373425282
315,18,-6.587934066857088,-6.288479375845782
316,18,-4.659118995688914,-2.1435824791606137
317,18,-4.789808612445995,-2.606778801832661
318,18,-4.272955035416999,-1.289933908880812
319,18,-5.0106949012006226,-4.6273492052314396
320,18,-3.8942833911569323,-3.9441595376902114
321,18,-3.5064153313951465,-2.993781843828401
322,18,-3.3905358442007127,-3.175941466369295
323,18,-3.7452815817432565,-1.589673818488336
324,18,-3.98037462269167,-1.550372142883134
325,18,-5.285876738929801,-2.012460197308428
326,18,-5.612413883772206,-2.7393225098148832
327,18,-7.529330678297811,-6.204722959645551
328,18,-7.730199994733994,-7.937568857030783
329,18,-8.488804641837305,-6.695513650050998
330,18,-8.108012037429035,-6.389489211707769
331,18,-6.728435813878605,-5.654725867177149
332,18,-5.958557923639091,-5.515436033483638
333,18,-4.4810469547637695,-3.1356602966079663
334,18,-3.4656325647265476,-1.7890006048965006
335,18,-3.7392698349558486,-3.666329279675665
336,18,-3.4093180207282785,-2.2612099565421886
337,18,-2.989781001557276,-1.7467004972468203
338,18,-3.1811396667753797,-1.8049728381984096
339,18,-3.533748657331671,-2.5152591333981036
340,18,-6.213189215663988,-9.080718365160465
341,18,-10.28802072709459,-15.584308776521539
342,18,-11.116039284099315,-19.100391294613473
343,18,-8.891884645946448,-14.982785372756553
344,18,-16.72804855311415,-35.38597501439108
345,18,-16.018478259945823,-33.873091616022066
346,18,-21.44455761031668,-46.99978989815918
347,18,-20.568409589096973,-48.09778727818593
348,18,-17.931534902083968,-41.69827351581898
349,18,-16.659453395320725,-38.39846261672119
350,18,-11.247307770837324,-27.51087994964564
351,18,-3.0091032088171232,-1.413302795382151
352,18,-7.400436023203383,-10.021596861553917
353,18,-5.207149236931855,-4.632320585061279
354,18,4.021326311724351,20.441112267473727
355,18,6.319693120773991,27.845105520525067
356,18,5.358646520133789,25.09821462212676
357,18,3.560758980080209,14.798779147024106
358,18,2.8478325194510035,12.521074634471915
359,18,1.0158993547288446,13.932660903396027
360,18,2.5407002148463107,13.431292982925697
361,18,4.572727700107407,14.568570670468034
362,18,1.970677335804794,10.698893449119169
363,18,1.61146993102966,12.62555504861939
364,18,1.2541737067681424,11.921739463850827
365,18,0.7761025103450265,9.272553000765583
366,18,-0.5241689865424632,4.578091023431625
367,18,-0.473648008033706,5.608967065222714
368,18,-1.6228482628989696,1.8502550807852458
369,18,-3.821664889979729,-1.1689611777328537
370,18,-6.178894288698302,-10.349017478651149
371,18,-7.141169312685179,-8.372787543146842
372,18,-7.250454418640402,-7.032955980174847
373,18,-8.796431045573172,-3.7071580990204893
374,18,-6.554947160195752,-4.539968183875317
375,18,-8.610437184504462,-7.599969070682164
376,18,-13.44993340269184,-7.866462059110745
377,18,-11.528005621094053,-6.273390827464027
378,18,-11.946914560691766,-13.242236463196605
379,18,-11.497286818082102,-16.431593750270622
380,18,-10.902805667650227,-12.684238846787594
381,18,-8.806198464017598,-9.357908766272885
382,18,-8.085572150244843,-4.697522224718341
383,18,-6.754794612469141,-7.0624017476311565
384,18,-7.3095324376949975,-2.904736748342657
385,18,-6.618172495806448,-6.628466416469564
386,18,-4.458347890614277,-8.563767003797693
387,18,-6.765772197175011,-20.74954341722696
388,18,-5.4434267343281135,-14.932944224712628
389,18,-6.915952666712201,-11.330978507427062
390,18,-5.266378425327275,-10.244682815605302
391,18,-5.19318819951377,-7.1270988390206185
392,18,-2.741424079832086,-5.725742550130235
393,18,-0.619892678758788,-10.108139514723007
394,18,-1.316724143868214,-11.371192393090496
395,18,0.5469879379334088,-9.957120612571998
396,18,1.1619023554148953,-7.961939794803584
397,18,1.045681040434829,-6.7439666731361285
398,18,1.7291104212231403,-6.357393321379277
399,18,1.754316261778058,-3.883768878597948
400,18,1.25918059794094,-4.838924431787746
401,18,1.2251859335847257,-3.5764470031708697
402,18,-0.5663634963611912,-1.7607017978662043
403,18,-1.3370771405652704,-1.985001258968623
404,18,-0.03517251387347642,-1.1415549514267695
405,18,-0.11576756057229431,-3.6248773323159185
406,18,2.1255438036218948,-5.969541057294919
407,18,1.1068534223804818,-2.8400175670085446
408,18,-0.2189613192458637,-1.795645772995158
409,18,0.46339449246397635,-0.09858647118653607
410,18,1.16665459325759,0.9438590514109819
411,18,1.3278262655812796,-0.686888466635537
412,18,1.0696099326819422,-1.354684765247839
413,18,0.9692332877302761,-3.2503413362883293
414,18,1.7966643088630008,-3.822463708489522
415,18,1.5619280381911267,-3.8823141484135704
416,18,2.1195344737202504,-3.445616042997244
417,18,2.1078669953863027,-1.9069189064057355
418,18,2.698599176850621,-3.9404811979966325
419,18,2.637850408480972,-3.07482295763657
420,18,3.0186618858451766,-2.8301016208160945
421,18,3.9053364880728623,-3.5726095724576226
422,18,3.068492586785851,-2.3063732697273736
423,18,2.7158716899466526,-1.6601208011852577
424,18,2.7007149653804845,-1.8628192809101165
425,18,2.0517375402155267,-0.15085627245025535
426,18,2.215072727181905,-0.2025699805790282
427,18,3.1313580967071175,-2.0978606171702268
428,18,2.864144378405854,-1.989568265188609
429,18,3.2464851655226994,-3.3489438309106845
430,18,2.630092358922866,-2.1903033751432304
431,18,3.735905336932319,-3.0070207152612056
432,18,2.0325138970865737,-0.904587654408715
433,18,3.6340960244688176,-0.961844015259885
434,18,3.8205386758645545,1.1091915151637295
435,18,4.525459690965818,1.8169874582345074
436,18,4.997847284099862,1.1682731506498385
437,18,4.861913977656059,0.9133454460479697
438,18,3.1925905478947243,0.6648389400543238
439,18,1.789568764404521,0.6421415330860327
440,18,1.2652660262920108,2.1957180125018567
441,18,0.8861534978805139,0.453680118434022
442,18,0.9832589573379664,0.5961433793390825
443,18,3.3318470705562504,3.2418070038702353
444,18,5.253935939163057,2.965595456871597
445,18,4.919407317834612,4.740524613268462
446,18,6.263318727085789,4.456396536696957
447,18,6.501725667375013,4.773251052165506
448,18,5.340538420129178,4.232581085703714
449,18,4.075724302264916,5.0214686700601305
450,18,4.222574575221643,4.764815001110037
451,18,5.109044878665372,2.897799464595664
452,18,24.877681004762053,34.31972974675864
453,18,22.56344144088007,31.01616774823833
454,18,2.1082934361511434,-2.8428449131979505
455,18,22.294620209340792,29.501606639379133
456,18,20.65295650379221,24.765075562077982
457,18,19.769401574134008,19.737688753444672
458,18,18.965414922614855,19.968143369329482
459,18,17.94231387176569,16.987311646539638
460,18,15.761244630125475,13.175060781558386
461,18,14.160482159063577,9.462668733805913
462,18,12.236996205170726,9.197665477450755
463,18,11.120081152780585,6.740032285871166
464,18,8.661522116305605,5.574024984060998
465,18,7.858519347889342,2.310450453669546
466,18,6.946361416502441,0.33339885519308154
467,18,5.795121457894311,2.160505766699316
468,18,5.264299607646535,0.3338716639245831
469,18,4.987305103865765,-0.5789114664421504
470,18,5.357643461677981,5.430792094897697
471,18,4.4797137205623585,3.8491382344109297
472,18,3.637552476374367,4.263364257538342
473,18,2.7503910290097338,2.6774057001539404
474,18,2.833732248383967,0.5582118057627667
475,18,2.602113472792553,-0.48451056792691816
476,18,4.692021353919699,1.5538994654143607
477,18,6.347465457178259,10.535775500257841
478,18,6.083067556313836,13.524632825262415
479,18,6.341502607292568,17.28442196961987
480,18,-12.22942757374858,-3.6220175526468665
481,18,-11.474492910226218,-2.273201161695397
482,18,-11.244180916048208,-1.181889172731644
483,18,-11.932676358342178,-2.5842708978061637
484,18,-11.0868522748342,-2.0984606464162425
485,18,-7.40853644663548,3.6349159323181084
486,18,-5.140170023105384,7.586042859174995
487,18,-4.327959348451259,10.523990519144718
488,18,-3.674006293741513,11.301255577266602
489,18,-3.0950871907698456,10.627668801084837
490,18,-5.01541060607633,10.808911755093504
491,18,-5.838797304698346,5.725168112964639
492,18,-4.982550591946165,5.806556576590083
493,18,-6.757150579516747,5.219577967431178
494,18,-8.261325599045449,9.107648697971854
495,18,-8.43800251356788,7.417415990616064
496,18,-6.957176152009197,6.68918505660622
497,18,-5.932865453412887,7.120136462499431
498,18,-7.269553459685994,7.521622063253744
499,18,-6.650619320218539,1.885612142804348
500,18,-5.796343504664037,3.4287176958459895
501,18,-5.087275915808277,1.1486896449723645
502,18,-3.54550376016914,-0.2373091994350034
503,18,-4.2736605602017335,-0.8469933490905532
504,18,18.57415721130201,25.197691287989983
505,18,-4.952522878131276,-5.782574669413407
506,18,-5.06116981400919,-8.860396456096169
507,18,-5.370232310699066,-9.689918108014353
508,18,-6.08753025834676,-8.624098956967828
509,18,-4.964626108059292,-9.259175724244415
510,18,17.406706587530152,19.609515075431773
511,18,14.868156931173417,16.998455491862842
512,18,14.313543651195687,11.297439178674722
513,18,11.545310620186683,11.825470472161214
514,18,10.195453913839629,9.8134762698146
515,18,7.981466711539724,4.207860250502563
516,18,7.2568659197586385,1.4518207185537904
517,18,4.116655707288373,-1.5053507075454036
518,18,-0.05984269757209404,-5.925769832913829
519,18,-0.47818963928875746,-5.983733863286943
520,18,-2.4268980283059136,-6.515726508800071
521,18,-2.236945513233877,-8.340667728633889
522,18,-7.438109000124314,-21.355914415946245
523,18,-1.3705455702684048,-6.182416267028202
524,18,-4.4043461969258715,-7.948826754884067
525,18,-4.943255473791396,-11.92944848733805
526,18,-8.331847354736965,-15.58962814415463
527,18,-8.864335902077983,-15.947438896326275
528,18,-8.787653668481653,-17.60295539386425
529,18,-5.940613171343102,-15.487495293216853
530,18,-7.011562463333576,-11.373551509758727
531,18,-7.971721553824864,-11.306795705680997
532,18,-30.118981168608116,-53.362171608471726
533,18,-25.392433159690427,-47.11301156737045
534,18,-22.3485821277568,-38.15145101493363
535,18,-21.59028932524143,-34.0957049754461
536,18,-18.250992595021216,-35.292788852731064
537,18,-15.565626680142941,-28.806983574348124
538,18,-13.629866130776009,-24.16401073329598
539,18,-12.037537423884714,-18.559914916873822
540,18,-8.514652353224847,-13.707598027331187
541,18,-6.211363698607329,-18.61449222920146
542,18,-10.202707533269859,-18.475994068419823
543,18,-7.951666767603911,-15.58834885916076
544,18,-2.1018445461077135,-7.500070697501542
545,18,0.508189008869067,-2.7242705765838764
546,18,-0.014239778473438491,-8.524119468498611
547,18,0.11777066622244092,-6.46025726165135
548,18,-0.897279698361217,-6.406305625529967
549,18,0.3154652797184099,-2.453528556548008
550,18,0.8831384167419856,-5.902289617240967
551,18,0.6556729478229499,-0.7890374148146293
552,18,-0.09556285431563083,-8.868099167150831
553,18,1.4117865158559653,-2.637734963501316
554,18,1.5047008739898047,-9.484613504444496
555,18,1.6613907519008535,-8.228215625504163
556,18,-0.02221615005782951,-5.805611009331187
557,18,1.7499470178122465,-2.064956617289681
558,18,2.91682415136529,-0.1921437645687547
559,18,2.4139043254426724,2.1543686604527466
560,18,3.410563863434163,2.381906699985848
561,18,3.300835765832744,-1.7415536950447859
562,18,3.647762230168155,-2.69467520971466
563,18,2.999937520311505,-5.3626316265063
564,18,1.3497891368538149,-5.489603760865975
565,18,-0.3507216180564683,-10.553592718338223
566,18,-5.347812620151672,-6.861007834056181
567,18,-3.7664509368146355,-5.333825286652427
568,18,-2.6593299506462245,-2.9965258088013798
569,18,-2.3883110434094306,-2.646312673985449
570,18,4.933791453447611,-4.446432142832236
571,18,5.238487845546388,-4.571276148281868
572,18,5.451708975275324,-3.837952617238443
573,18,4.580962197756435,-7.295372743072221
574,18,-2.652727009125101,-6.216120120498999
575,18,-3.2224146492544605,-9.673372591013504
576,18,-1.8225377095586737,-9.687542595609557
577,18,-1.9154422584697386,-10.124638791140569
578,18,5.441407374790742,-12.984059024896851
579,18,5.064680244151532,-12.084037739999985
580,18,-0.5740551569174386,-9.33860635621113
581,18,0.3568123851000564,-9.615316217958025
582,18,2.021539010946981,-7.798517742896365
583,18,8.388969944076507,-9.972917162127487
584,18,7.261562655377475,-10.030318773104227
585,18,7.307507716071086,-6.494197531853388
586,18,7.520790483942164,-5.3277111743900605
587,18,6.545704457937063,-8.031199874200865
588,18,5.961104603136846,-6.232808068585655
589,18,5.803525579329289,-7.842913532210332
590,18,8.236085889198876,-6.5711613241373925
591,18,8.064745471775495,-5.566013657768963
592,18,6.913855447203332,-4.407085682850266
593,18,7.664269920242077,-2.6220619621799415
594,18,7.805053883056189,-5.526611011960995
595,18,7.53672526951641,-2.5135312119700757
596,18,7.62959746308934,-1.886118557986265
597,18,6.636338674759827,-3.8045589297553306
598,18,6.220574005272283,-1.453286705109349
599,18,5.06996859298215,1.0078015133149165
600,18,5.57371178080075,3.4399367659416384
601,18,7.471016983221489,3.578137131362382
602,18,7.933515277297374,6.595679027512233
603,18,9.117100096967533,5.1532913601986365
604,18,9.070891618389396,6.316171608686091
605,18,9.476934981881186,4.623577909404958
606,18,9.43121604114549,8.37631836566834
607,18,9.118952931800777,5.597200988810073
608,18,9.450228025278193,6.1650524774831865
609,18,7.352567026687211,3.6578084800867146
610,18,7.1486752412274654,4.639509286403154
611,18,6.558872652761238,3.1275311572417195
612,18,6.252188084764384,0.7535195618620492
613,18,6.7959521465336366,2.0190631853320156
614,18,5.7277220688301895,-5.395719360752082
615,18,6.378341683001963,-3.380642225783049
616,18,5.222223684182609,-1.9882588034915898
617,18,4.372621307049485,1.8130117021801198
618,18,4.554680936457771,2.859778382974582
619,18,4.697807524401469,4.75461023932985
620,18,5.781418776115061,12.522626938328358
621,18,4.319237061421518,0.3764977981300035
622,18,5.621294212077373,-3.8231324001435496
623,18,6.091004236289336,-0.5111016117361942
624,18,6.947603201796483,5.25859930596107
625,18,8.08162159206313,8.725654297772962
626,18,8.32929893641085,9.215690309859383
627,18,10.624754977573502,8.35335575067711
628,18,9.422921955857419,11.863791736801431
629,18,8.95666177266321,10.69538836169886
630,18,6.568060749099459,12.407599869164187
631,18,6.769337895341778,8.504436437706318
632,18,7.207946555637136,7.273237233979671
633,18,7.32337052506864,6.125420672655309
634,18,9.100456511894663,10.355185541347055
635,18,8.596629993438,7.439137963548092
636,18,9.060458816171376,8.107969055758986
637,18,9.82544171907466,7.961786499442496
638,18,8.744494264627065,9.608813586110955
639,18,8.737872919089568,8.307102904283056
640,18,8.728718359124287,3.3114905663387617
641,18,7.512026634302856,0.687258722930892
642,18,8.036381391037139,6.482606394921277
643,18,8.98244805993727,7.776412798267302
644,18,27.269001208584996,35.315274721434434
645,18,25.371085841623426,35.7302750365925
646,18,23.784559264717245,27.73543110668288
647,18,21.821774587669097,17.188593611074793
648,18,19.349941957992996,15.188922876116521
649,18,15.922010302745548,9.957320167938633
650,18,13.837413239141824,8.169284753920692
651,18,12.109590672320337,6.03383381054482
652,18,12.60487127248416,7.098569120382308
653,18,11.61471285897187,9.54876672545015
654,18,10.091614131682945,11.816464977766373
655,18,10.128357739854437,18.60684176945415
656,18,-15.189257647896738,-17.09953253484946
657,18,25.270842637376518,-51.43219138910081
658,18,23.362975110876505,-45.206816704389894
659,18,19.745039339813047,-35.8805786568646
660,18,17.087628097479865,-22.0597716391203
661,18,16.83146789971579,-8.05907742607178
662,18,12.832072112209062,1.1087144644434375
663,18,-6.474120528203457,56.48663485211273
664,18,-3.665982382260154,48.18637913488874
665,18,-4.892196714004967,42.17759420942184
666,18,-3.927182545497999,39.46694487077366
667,18,-2.569711526314677,40.54244823842055
668,18,-1.7330220831709084,30.497024365531615
669,18,-1.33779460419737,24.57428093884664
670,18,-1.3182808866267806,25.273564807813273
671,18,-1.194593590003933,33.26737380960276
672,18,0.7274674337986653,30.161342741781482
673,18,-0.101841733634501,23.870717601887918
674,18,-0.09065704566546628,22.628555859854714
675,18,-2.0092215413542363,19.941573622943906
676,18,-0.36876175942052214,22.93726341933234
677,18,2.1475361625216465,24.324660879168732
678,18,3.6664686836620604,22.741542285773903
679,18,4.575347994461481,24.522096184936345
680,18,4.1134168200142085,20.967719710207348
681,18,3.379948668572979,18.94020058453316
682,18,2.2355535304768637,14.489428506421064
683,18,-14.957234526965294,-16.948908996769205
684,18,-12.724854647936809,-10.857380439143526
685,18,-8.894161483204698,-3.637795473749975
686,18,-5.891865437420165,-3.338704743963717
687,18,-3.7704936950376577,-1.711046066133349
688,18,-1.8765736079667477,0.35563209410975105
689,18,-0.8051711708285438,2.469877351098148
690,18,0.5130227030067545,1.597008396423007
691,18,2.9006187015438627,5.735794787960003
692,18,8.486123381430843,15.558805977627344
693,18,10.361758426061897,17.010077683621603
694,18,11.618166966835815,18.397846676460176
695,18,10.728856159746101,17.42407483575971
696,18,10.415569039730144,16.25590187203943
697,18,10.011917744401217,13.408605949793127
698,18,10.773547151380626,14.368532356361357
699,18,13.314542353902652,21.833482852784073
700,18,15.10217152907444,22.518743559249742
701,18,16.360834637262087,21.431055401791127
702,18,16.87067603549076,18.82033112353747
703,18,16.565058678295827,15.772696276517308
704,18,15.468312134474218,12.615762835884198
705,18,16.360075254438925,14.015939871649607
706,18,17.107673546865954,18.278302931166763
707,18,18.290359802347666,18.478577688706537
708,18,19.762133373464167,21.393175827509367
709,18,19.7074491560943,21.011302422516565
710,18,19.75709407238992,17.907404356851657
711,18,18.752676398788026,15.000083725893091
712,18,17.22585277395592,11.855059937106489
713,18,16.212392602269574,11.673255629614687
714,18,17.37304279770433,16.09299389055832
715,18,18.101185895834533,18.141583082292527
716,18,17.660427555973,20.56679919400358
717,18,18.465372775235664,19.72862131429065
718,18,18.431463831248948,12.870204050743268
719,18,17.969302235913347,8.20259704419641
720,18,17.33857194751363,4.900845513001514
721,18,17.84103663530186,10.160313286895871
722,18,17.813166351387736,12.895344715092506
723,18,31.402180215569388,33.89659031226802
724,18,29.69464713432535,32.60663747650233
725,18,28.667579363777804,30.41504569568133
726,18,15.620617343045524,5.799821407355921
727,18,15.273535567287581,4.381916683572854
728,18,25.789974878074645,17.296355475099517
729,18,23.990254902603738,15.761473729661702
730,18,24.03696362199753,18.785360582724024
731,18,23.6543662645563,23.102880797408943
732,18,23.42474614911407,30.74556099964684
733,18,18.62015612074447,38.80160439866995
734,18,16.53134667435006,27.755239895549494
735,18,20.503384547225323,11.176661142068951
736,18,19.41014188795816,7.637671331339334
737,18,18.82144830418838,7.135331556582059
738,18,19.0895356323299,2.8682992818994535
739,18,18.336824617001184,3.6632146619722334
740,18,18.957446353996602,4.609889162387844
741,18,20.005488493110533,0.07742897572825314
742,18,18.423542652253673,-1.1335135416375124
743,18,17.074259148472265,1.1645471196807193
744,18,16.14873695881306,-0.6925847628099291
745,18,15.664096907681596,0.26956025133222283
746,18,15.394632497200291,3.7221538372104988
747,18,15.587041317373405,9.302313373042125
748,18,15.406639958649066,10.702509894999821
749,18,16.2042536498584,3.6277728920840673
1,19,-0.04514570246828953,-0.505435581979782
2,19,-0.6827309588761636,1.1301968822576782
3,19,-1.1210810049678912,-0.7959734101550566
4,19,-3.801178742927732,-3.898011311328446
5,19,-5.314743419597107,-4.44448334808294
6,19,-6.374669940770218,2.3078723158218963
7,19,-4.5420123722879,-3.3501588720791915
8,19,-0.11438252345396904,3.7000913263400435
9,19,-0.8853331087011611,0.7660280546811009
10,19,-1.7213291767293413,2.2420460639241355
11,19,-2.020670423598858,4.536537407191645
12,19,-2.7917492101460084,2.1334248939524514
13,19,-3.0697114745789804,7.132500271540721
14,19,-2.4337040994687413,2.967606819302091
15,19,-2.253720638796949,7.323523368945189
16,19,-2.320792322014313,5.4751719555042655
17,19,-2.1645774393955435,5.789742975909576
18,19,-2.427869775851832,4.587623275286205
19,19,-1.6820129846519194,2.8405001090909536
20,19,-1.7991108331470969,2.173438941371387
21,19,-1.9981581584797823,1.4541029712349882
22,19,-2.4151241811232467,2.882565180673282
23,19,-2.3063501379092486,2.422121841140779
24,19,-1.8615419758616554,1.9241083984970828
25,19,-1.52923548864419,1.7358385696729783
26,19,-2.2455078004959432,2.8356360357429367
27,19,-2.4812818826985676,5.444757656605816
28,19,-1.731830473280752,6.435785066174958
29,19,-1.8644952368777012,5.491252836889544
30,19,-1.4841363839404949,4.5279374056749475
31,19,-1.4691819972731537,5.165116857853263
32,19,-0.7168924379175223,3.765774316841089
33,19,-2.034290190923457,2.0907112563745613
34,19,-2.186904990214316,4.057692288477028
35,19,-2.176325560440091,3.3169454889721237
36,19,-1.8886360620190317,3.357356021873329
37,19,-2.3194964566591807,2.0662524572535403
38,19,-1.9542173198151431,3.54329696943978
39,19,-1.3242848557993057,5.347038569116648
40,19,-0.21728728818652598,5.6588113771531425
41,19,-0.9427743427240785,6.656492349388827
42,19,15.40251070742579,17.914078514609628
43,19,13.184287811337526,18.252490215280886
44,19,12.02770748588864,12.953514160630675
45,19,10.754362125327134,10.170487763644815
46,19,8.164282202932554,8.703499030866624
47,19,6.579579043208469,10.606318053502946
48,19,5.345778211109064,12.671580221569911
49,19,4.257000184146818,13.362082826360165
50,19,4.0018299259372725,11.141181049333682
51,19,2.118221301932863,9.860916194077618
52,19,2.75001811634138,12.061918077138216
53,19,0.4173877550274483,9.877625951788104
54,19,1.0604753491252268,9.245817942941358
55,19,-2.589458364541315,7.261368751860118
56,19,-3.6094257057611685,5.760450131655489
57,19,-4.056286119929609,3.9490476624746407
58,19,-3.592305408320499,6.532576936242094
59,19,-4.345389062873437,4.279819228692304
60,19,-4.0670164466373535,1.7997843055327394
61,19,-6.069543225889902,2.0692134264013475
62,19,-4.965460402491772,-5.599347856036729
63,19,-5.989555623081287,-3.861745603948293
64,19,-5.515782689050866,-6.658569124077985
65,19,-4.406659998929172,-2.065018754704397
66,19,-4.052798227038693,-1.9946757377847462
67,19,-2.4316879747693747,-8.797477235470524
68,19,-3.184540126339016,-4.8394735475717425
69,19,-3.314806502900865,-3.3980042194330053
70,19,-3.885912690728219,-1.598210641654532
71,19,-3.4306173059194407,1.1647412361271563
72,19,-2.477317692327233,0.5878521744753016
73,19,-1.9588809689548725,3.2302771856225263
74,19,-1.546582391028096,10.437384176791511
75,19,-2.014061295227293,7.171438360594038
76,19,-2.430614438830162,6.317340043241529
77,19,-3.67699996326337,4.343258612339014
78,19,-3.593932681346814,5.452833877196099
79,19,-3.600972572342471,4.203643823516359
80,19,-4.30970552922372,7.777851947379077
81,19,-4.661300896884313,8.557831456102122
82,19,-6.361603365544397,8.980125687733107
83,19,-8.417552750995128,5.436898326435312
84,19,-6.63725460313799,11.449110286536325
85,19,-6.064567428170449,13.547766698180567
86,19,-4.8028938422576175,15.513619752529394
87,19,-5.400748752429536,11.474747888424645
88,19,-3.6121843878117943,12.852620056292835
89,19,-1.5577122289232648,15.469581237272905
90,19,-7.707353536264236,8.926196670667196
91,19,-8.284885624705566,5.9382651340383745
92,19,-2.3164189028248074,7.110629652477655
93,19,-4.683174039839287,1.6606740486367926
94,19,-6.655804684171017,-2.625601347756401
95,19,-7.4344835920064725,0.9301258110649542
96,19,1.4931867808381867,14.319237190315107
97,19,1.2169744103948688,16.56400123436015
98,19,0.37269100451794657,11.2477152600718
99,19,0.46593678834688035,11.366890890976265
100,19,0.8129347542953838,6.796611092072453
101,19,-0.059485107067303034,8.694896455808703
102,19,-2.6043244673383015,8.40688529264935
103,19,-3.7064083156510605,9.556242189817112
104,19,-2.296817626961456,10.70389509943243
105,19,-3.183820957433454,9.536811877519085
106,19,-4.15440243584726,7.31382409961725
107,19,-6.199516698759908,5.8362687964158795
108,19,-4.6126032893816955,0.7401286658496247
109,19,-4.003753670818696,-1.0334135779080498
110,19,-4.313550401905559,-1.4792588584041368
111,19,-5.239837976965646,-3.618320565328304
112,19,-5.238830880991372,2.691515644724859
113,19,-4.342752181297328,5.39589810129246
114,19,-4.400062432659979,2.517486499410097
115,19,-2.841279208180822,-0.2933506300960289
116,19,-4.056391596317553,3.4283806278399425
117,19,-4.133398886414398,2.627018540606059
118,19,-3.4894920596370866,2.5973154516423165
119,19,-3.090489329929369,2.9680417285239855
120,19,-3.9977608708522894,5.383000292308225
121,19,-4.024820558121064,5.550272980628506
122,19,-3.963861267347056,2.7783514449433824
123,19,-3.374346580000747,0.6858022280143814
124,19,-3.34705378696799,3.029466613551449
125,19,-2.559303995692062,6.535666431629124
126,19,-1.739871589872564,8.054095649436022
127,19,-1.2137774384373188,4.39438748293378
128,19,-2.7437815640250847,6.27200168850959
129,19,-2.174293928535917,6.487089650260714
130,19,-1.88963145834623,5.375484660353777
131,19,-2.8645143446628936,2.4702074544325114
132,19,-3.6199305999907665,5.424221291560116
133,19,-3.1797866345759758,9.226501731704502
134,19,-4.600154321434275,8.8696137090501
135,19,-4.170402454161376,11.209027082893044
136,19,-4.043154113173841,5.453858237919576
137,19,-2.663954619623837,8.256464611996762
138,19,-7.972918172359641,9.983761108561794
139,19,-6.295205342066765,5.338553361305003
140,19,-7.0883536949495465,9.632314145843793
141,19,-6.611190489827095,6.797312620332377
142,19,-6.474176121942946,7.366135022086837
143,19,-5.309288210397426,7.591306443679514
144,19,-4.973483490979561,3.834115599449433
145,19,-5.471048019484442,7.642609752849694
146,19,-4.968808453766542,9.756710733999626
147,19,-4.690264844807643,11.252774385194698
148,19,-4.538365546936802,9.758937642207002
149,19,-5.273268363533134,7.268637487906744
150,19,-3.6128048925074836,9.097586205904463
151,19,-5.374136368831387,9.087459625570318
152,19,-5.405570042444197,10.966837326793211
153,19,-4.538693635522577,9.436517368687419
154,19,-4.3552663632654,8.609751513100036
155,19,-4.757686841692703,8.990296515902628
156,19,-5.028417183995771,9.643205762008165
157,19,-6.079747418626539,5.830726709390547
158,19,-7.46710624386651,4.259574351226547
159,19,-8.131325064124212,7.3823364509989915
160,19,-7.794027596138221,5.375544458118384
161,19,-9.123630621088523,1.6823933457362727
162,19,-10.07000993985639,2.7568363304440027
163,19,-10.00869833730303,4.271259631630073
164,19,-9.229322328491435,5.955087609421753
165,19,-8.89225137097128,11.218380213059845
166,19,-8.771529832622036,16.28605143656887
167,19,-8.60298569911356,14.199967406124415
168,19,-10.308003473803183,14.433450101110793
169,19,-9.899927131466029,14.789172834068268
170,19,-9.298943614560812,13.558045717839377
171,19,-9.69551246095125,8.274537257006159
172,19,-9.775406531324734,5.275165685776301
173,19,-9.380845304443028,2.8533814081952187
174,19,-8.286044990453775,6.98786791092698
175,19,-8.248429771224437,9.429845047451181
176,19,-8.850985576626954,8.388576498598468
177,19,-8.164058618975105,8.98403167829565
178,19,-8.546252674342213,10.389251902436172
179,19,-9.63571652032897,8.35693551921031
180,19,-10.575032576296508,6.716174448516995
181,19,-10.464237954614873,6.301811951997024
182,19,-10.126886792949335,9.52340185316325
183,19,-9.411193509890836,7.204463485919405
184,19,-10.053246986291924,9.538420439687798
185,19,-10.160344851539776,9.961805181244927
186,19,-10.088984678205634,11.312064585059034
187,19,-10.436834478998207,14.52620030519347
188,19,-10.158626285777245,13.13992907447846
189,19,-10.757525370937401,10.848854496892727
190,19,-11.016041565202613,8.0373136512967
191,19,-9.97730279688858,6.629056456171384
192,19,-10.560889378628417,4.0466041437707645
193,19,-8.900968844783165,6.650971858413413
194,19,-9.682708558714694,6.517131781252374
195,19,-9.892635077555497,6.286913749636824
196,19,-9.885855886695026,9.265765470318456
197,19,-7.61538397728782,9.244836698369909
198,19,-7.976172085472172,8.928682165472765
199,19,-8.870096875204581,5.337486853183236
200,19,-9.33206085450638,7.467600969407613
201,19,-3.2170597332597026,-4.900110188259532
202,19,-3.6293294619626977,1.746988877797321
203,19,-3.6022600862042964,3.8983615875863507
204,19,-4.520918906079714,5.467940454983818
205,19,-4.342299959095726,5.83148155937306
206,19,-4.245300815363407,11.074335783744573
207,19,-3.86731002747365,9.866435565906613
208,19,-4.627936871946076,7.719680812624574
209,19,-5.5140523451646,6.728150568820183
210,19,-5.764643593552137,4.548374600271927
211,19,-6.866030179869085,3.859689456626711
212,19,-6.8770901076140944,2.3863093784602825
213,19,-6.701313750284498,1.7544633915704253
214,19,-6.308583458735484,4.439167381639891
215,19,-6.122547572065741,4.871717707454991
216,19,-5.316026438241352,6.444537128051252
217,19,-4.817771900840853,3.961697117064432
218,19,-3.807154899433044,1.5807101703358057
219,19,-2.9314426535884195,0.9509626006683902
220,19,-2.534498709401305,-1.6576792032528829
221,19,-3.137823507986468,-4.312590529655608
222,19,-2.918188382187509,-4.858873609534385
223,19,-2.874551091478679,-4.237946013011879
224,19,-2.8574674749361293,-4.6597538597952735
225,19,-2.3090151257310936,-2.4991576368220194
226,19,-2.219881433617047,-2.4634953981408216
227,19,-2.2787067194949486,-0.6841309652390919
228,19,-2.884704807570415,-1.9096737320323882
229,19,-3.631390092304173,0.5985043540217703
230,19,-3.5152185213601115,1.4817963193195283
231,19,-3.071765727012462,-0.7127936958486316
232,19,-3.0428515092035013,-5.0900980615715525
233,19,-1.77551469671198,-8.422123790370279
234,19,-2.0573775593284154,-9.707293982673491
235,19,-1.6343545838772116,-9.713066587456069
236,19,-0.7637288341866224,-10.845446869984698
237,19,-0.4940158437657374,-11.728964348750196
238,19,-0.29806224127059977,-12.80081112008611
239,19,0.5798758744622319,-13.800286908662201
240,19,0.003342453190271044,-13.58808513078111
241,19,0.5057772494437813,-12.46897118258039
242,19,1.2853471944763442,-10.841579318101594
243,19,1.1046959204095401,-8.348159206148011
244,19,0.27085639778943005,-6.111773243863809
245,19,1.8469506736673793,-7.582386061158104
246,19,2.1068801336123215,-17.606015690212644
247,19,2.639066107319195,-21.305541487869505
248,19,2.679586912994637,-18.23725712212672
249,19,-2.8242624583026554,-10.619935510663254
250,19,-2.2001400952967742,-10.957280977308983
251,19,-1.8635003177914768,-12.017150528348793
252,19,-0.862928816508429,-15.757799063278526
253,19,0.19618353900023067,-19.28340887493323
254,19,1.2117493478272081,-24.763406705777925
255,19,2.9001505208689196,-22.84954486675997
256,19,4.581268998939777,-19.414760033888342
257,19,4.820093067012749,-14.87102285611627
258,19,5.3937769714066235,-15.472063419771985
259,19,5.593167660919789,-15.632388193667339
260,19,6.256817094062171,-17.7606999638856
261,19,6.408974160238358,-22.672598967045815
262,19,6.852219872911519,-26.991123915699973
263,19,7.085412641852599,-18.798194602412423
264,19,7.068242433248088,-13.951082657356892
265,19,7.024307164570018,-11.525582549568753
266,19,5.95650682667565,-12.830851055964104
267,19,5.529447389890265,-17.12603593148515
268,19,5.751697984549537,-17.674485865510633
269,19,6.692001051511397,-27.091145046499605
270,19,6.705239676827659,-29.222839801259852
271,19,7.475778702233583,-23.279110500484876
272,19,14.648470909107346,-25.671796538293165
273,19,7.722395917783615,-15.732692877089448
274,19,7.553557752706183,-13.285609395543815
275,19,8.236616276496534,-9.878183503808486
276,19,8.673540925139605,-8.623287683339186
277,19,8.743723585526823,-13.82243957138553
278,19,8.623850137341833,-12.33031415865571
279,19,9.669940693138415,-19.063158197661778
280,19,9.49277568623711,-24.313194142853717
281,19,10.552580801148906,-18.755652603153067
282,19,11.032003853314563,-11.977577102430587
283,19,10.414886983210636,-13.331663350060808
284,19,10.359621274140409,-11.971846457558058
285,19,10.520753413008606,-13.927070476740028
286,19,11.465972026545387,-10.083572505217035
287,19,13.392719030736771,-9.80478795742556
288,19,12.820550583215663,-3.154248036856643
289,19,14.223543681595402,-0.08528053158443072
290,19,16.15626302650344,-0.44965674614240925
291,19,17.42891318510192,-1.2451059576978878
292,19,20.04893835796429,0.1827767185650373
293,19,18.723657121701763,-0.030324864236717985
294,19,17.85184118739744,-5.9179812205939015
295,19,14.662720551991697,-9.672470769623487
296,19,18.26570725104284,-11.645990821697978
297,19,13.283640170144281,-11.127168375359815
298,19,20.019544191503883,-4.733700349152059
299,19,14.7936240605286,-2.27318436057476
300,19,18.288796852707492,-1.663167859270743
301,19,20.67009097263235,-12.04547302321771
302,19,16.556886212032623,-17.15796315973057
303,19,17.736357188511647,4.790731642399351
304,19,16.93954657533959,-9.061423080854638
305,19,13.891000296075617,-14.332568322623956
306,19,12.416080863382376,-7.94528217705556
307,19,10.949745819499185,-6.184254769019844
308,19,13.448811875263345,-3.565832623681672
309,19,12.730330579920519,-9.848819345736956
310,19,11.738873924207837,-14.920341139242282
311,19,11.12339544713359,-19.97577342869772
312,19,10.00782679884287,-20.418677739565283
313,19,9.249580257172966,-21.788109075077045
314,19,8.353893016013899,-17.030424614527874
315,19,7.635172296543715,-14.982797301124265
316,19,6.260326503305805,-15.611553977425046
317,19,5.389211386850548,-13.399421786692074
318,19,5.895526110907667,-13.45429644934029
319,19,6.051429447481496,-18.62490308907809
320,19,5.973736605912563,-20.326986075731384
321,19,6.145575284025654,-19.23242677403414
322,19,5.275660895290457,-15.423455653909514
323,19,5.480847557820198,-10.222351166006774
324,19,5.061949544580784,-9.560022627971648
325,19,4.9295472003141185,-9.9486311993669
326,19,7.227991447848581,-11.6368410578757
327,19,2.6955545006003376,-12.010928831526144
328,19,2.4636230570831685,-20.693971490086824
329,19,2.8709645164608446,-23.70466719255137
330,19,1.776128765384783,-24.45332749853651
331,19,1.0598186856113898,-18.223603551112774
332,19,0.06789722194844217,-14.929318459290698
333,19,-0.9942908539696873,-12.764124814376373
334,19,-1.2803303958526158,-13.190683555962096
335,19,-2.028529081719171,-13.941538944784952
336,19,-2.5131415778969313,-12.310425157648751
337,19,-2.5616913423291408,-13.630210928207816
338,19,-1.2830580707268382,-27.016561674901823
339,19,-1.579630370216364,-26.268085792301008
340,19,-2.1795484608801416,-20.61076023320129
341,19,-2.4466394852352096,-18.409722065187907
342,19,-2.9238947758376526,-12.081582458286903
343,19,-2.844659154790861,-13.07597892913418
344,19,-2.9269668448778248,-11.881410323868295
345,19,-3.4207963323342483,-14.953029861944287
346,19,-4.111456531446493,-17.084557653069623
347,19,-4.39807486506561,-14.75436640041653
348,19,-5.30749491250117,-23.541234728519157
349,19,-7.047308093227002,-17.616184229562805
350,19,-16.09623521973117,-15.852186087650807
351,19,-9.667503199506427,-8.868591489795108
352,19,-8.9524061746406,-7.6295689804578615
353,19,-8.948248800127658,-6.902892725921902
354,19,-7.932736283822123,-7.830567095982133
355,19,-7.140980197227691,-10.572105147883576
356,19,-8.46705001547889,-11.743769786364282
357,19,-10.232085474943233,-13.097737926098944
358,19,-10.708652875335247,-17.283609475262892
359,19,-10.549037855096685,-8.359477282358966
360,19,-12.960366912155223,-4.595057198712311
361,19,-13.715335443439471,-8.753544436712218
362,19,-12.202176218473141,-9.169795148915
363,19,-10.624824209417966,-9.738579314412164
364,19,-9.962628235445663,-8.113036889665182
365,19,-11.334985388981295,-13.90442318876012
366,19,-13.228062610788584,-11.387241903081303
367,19,-13.838465575889131,-2.17182101169783
368,19,-15.335847546865807,-2.298411064765787
369,19,-15.825993049490535,0.40678874432433076
370,19,-16.671813483608275,0.5153784425642698
371,19,-14.30836166761037,1.3190303522733302
372,19,-11.183074753133042,-0.7475831234896759
373,19,-7.186858929441769,-7.200961301083225
374,19,-9.341456307777662,-9.616213822326245
375,19,-11.469705128934947,-7.985914365109693
376,19,-9.180119057406046,-7.139448898441515
377,19,-9.3856779330481,-10.386969621165917
378,19,-11.401300337255634,-3.2828285703899382
379,19,-12.876613768706193,-11.404278655009875
380,19,-12.028112807603975,-7.247819018995415
381,19,-12.065393755352488,-7.406110902803903
382,19,-11.34932304933045,-0.11952510337368949
383,19,-12.659900320487395,0.5215653369696156
384,19,-11.666279377118371,5.487141730099665
385,19,-12.928365818998827,0.5714696358372748
386,19,-16.865182628142975,-0.4646267053617521
387,19,-20.72615644913003,-6.360264341298716
388,19,-17.5322125873181,-1.2979364738607728
389,19,-15.120831457227723,0.24296183977003238
390,19,-14.011788794547101,-3.2436900090019662
391,19,-13.87572631918465,0.24272165873071572
392,19,-13.776384183061055,0.8802394507506506
393,19,-15.738324482656026,0.1251704077571958
394,19,-16.136374765725122,-1.1546572221377573
395,19,-16.736924791080128,-0.16825907520023975
396,19,-16.403069000511096,-3.7540743243048382
397,19,-15.492806723707872,0.9561325452468736
398,19,-15.669327363822049,-2.0432548961466637
399,19,-15.06773660687304,2.2894102921250123
400,19,-14.456465439303429,1.6358719178729189
401,19,-13.851023416763383,9.413536964227205
402,19,-11.735576083558044,12.14329054265454
403,19,-10.800428085915883,10.407271675939683
404,19,-9.953481915911652,12.571854459323731
405,19,-8.836821639742084,8.584769104152201
406,19,-8.315659751586281,6.0340701514787725
407,19,-5.160136754874657,4.779726984175795
408,19,-3.699690570045277,2.9236901680069423
409,19,-2.8174457096911283,2.996814166531294
410,19,-3.010973546398418,2.652066174427091
411,19,-3.0508657770860736,-0.7987492801994449
412,19,-2.3144584581377785,-1.0855714266053837
413,19,-0.25621458954901755,-2.300740501963446
414,19,0.24114356491554645,0.3812594430055469
415,19,0.9034897211040516,1.6647472377221675
416,19,0.5488265343747116,3.583493448630179
417,19,1.4950119722880117,4.790246548295272
418,19,2.1180267447198275,3.33764418188548
419,19,2.7550622455910343,4.066467855803694
420,19,3.0231438990858805,3.9390002078912403
421,19,3.454549473013685,1.4191942280390322
422,19,4.277269091764538,0.8441054173545126
423,19,4.8661850817770755,4.876188890022604
424,19,4.729600672917513,5.349112079969473
425,19,3.6351444545207414,7.693067733238877
426,19,3.673349395353398,9.87684729191642
427,19,2.7151515205077885,7.9558634012182665
428,19,3.121039551461763,9.197597407495323
429,19,3.0943641077928987,9.852255302906542
430,19,5.197158637565735,11.220857650224843
431,19,6.870415078608858,8.545662553022794
432,19,7.848752989178138,7.300420159499026
433,19,8.82394860736349,4.172051968731012
434,19,8.764862486499624,5.602521882092788
435,19,9.037825774181329,6.019587057343415
436,19,8.469031163976979,2.5059276478755237
437,19,8.165996300071129,5.102309112303374
438,19,8.544866685975649,5.448271666728033
439,19,8.69476506603678,6.795461955101928
440,19,9.842093858272165,7.22237262823819
441,19,11.32130884203707,5.567858842454825
442,19,12.38946171270618,1.5788435907911662
443,19,11.782328782315744,0.8136660741683954
444,19,11.573824927455462,4.346829105681991
445,19,11.441571066798133,5.406081248639111
446,19,10.97024441400572,3.617725882485047
447,19,10.900206724028067,3.1895467057051974
448,19,11.360529919832516,2.8961793048765685
449,19,13.28480184568707,5.258760034231727
450,19,14.712417461742916,4.057624530802059
451,19,13.968145063859083,2.673993326316122
452,19,8.388990943497447,-3.1935617920757977
453,19,8.22953277446868,-3.4685539711786078
454,19,13.454181142794368,-3.311717369069811
455,19,8.346777751072295,-13.553837169849885
456,19,8.678490111847168,-9.981056675837863
457,19,8.701182053267075,-11.966688657402756
458,19,9.447049090533255,-5.540097001307913
459,19,10.203896249799072,-10.320532400102366
460,19,10.121619392057255,-11.610169509986918
461,19,10.289121610499933,-11.941910936497607
462,19,11.258519168656676,-8.535948929504684
463,19,13.291500130181703,-11.097840550077308
464,19,14.274620949904602,-8.82888867209158
465,19,14.285132015371346,-6.007997889303169
466,19,14.045733850326542,-4.756865313946946
467,19,12.727274063104232,1.5416796264694312
468,19,10.489838032614898,3.046394667072491
469,19,9.013419860030808,-0.14578442823540172
470,19,8.909293794320547,3.67965504911308
471,19,8.752662419470653,1.5320584449027592
472,19,9.332416410050428,1.3340758764002203
473,19,9.30482918423786,-0.5419190888651428
474,19,8.233904189019995,-0.23931167209275372
475,19,7.9621947725745486,0.3734960976971706
476,19,8.055088660220463,2.1394996369881483
477,19,6.999493524421268,4.540347028976157
478,19,7.268200067889666,0.4874947248031276
479,19,6.839179552709538,-0.10116342915716814
480,19,16.50543758195454,5.553040269378471
481,19,15.247004541180104,2.928443143929144
482,19,13.912505511231757,0.005239471705863252
483,19,11.836430040401865,-4.989155076096722
484,19,12.586208597522273,-5.387502256567586
485,19,8.230152104935769,-3.4978671391818352
486,19,5.930018211133756,-2.5936019436503557
487,19,6.423783907717734,-1.2973721362454853
488,19,6.18280118777875,-7.405759978523747
489,19,5.125189339222743,-7.137502419016073
490,19,3.9584427581949058,-3.012813477913369
491,19,2.0490442215004805,-3.6964457178523844
492,19,0.7987372866691658,-1.500025800251933
493,19,0.4149309297790751,-3.4075178404509643
494,19,2.5122657214915307,-4.272324071439925
495,19,1.5799021215161702,-5.097302973918431
496,19,-0.07684066556885227,-10.513087097225707
497,19,-2.001330766126557,-5.102611738998803
498,19,-0.9299901399672308,-3.6005195325560635
499,19,-3.0254328360542786,-7.980371045841366
500,19,-4.4134061073064,-5.574914360838193
501,19,-5.8190367456218155,-7.648821161275464
502,19,-7.120566142139978,-9.248399955268724
503,19,-7.023623538007087,-12.643586631116705
504,19,-19.143171476126554,-18.45421486006535
505,19,-6.881936416200915,-12.225685792775494
506,19,-7.353396917135797,-9.8745575910948
507,19,-7.473169062589477,-11.15116364053938
508,19,-7.183739817481182,-17.740269494920994
509,19,-8.566602286162379,-5.315000048834918
510,19,-18.86613706778462,-9.993528053722912
511,19,-17.68494186611224,-7.7648906130939395
512,19,-18.27119857576963,-6.987906275398927
513,19,-17.190287781271763,-1.9072580545748679
514,19,-16.51501917738824,2.8569711400846245
515,19,-15.751908217269374,6.186220420262998
516,19,-15.959487542349962,6.987655714805896
517,19,-15.955804068627913,3.0491346296157644
518,19,-15.808247746121197,1.6910864325327566
519,19,-15.533700838294862,6.4165888318702855
520,19,-12.653660245506217,0.4597701277798478
521,19,-12.929220128663474,-2.6522112759471383
522,19,-12.530350460471709,1.1010768837440992
523,19,-11.341820152102628,0.7961176420981246
524,19,-8.986383181842939,0.6876449430474167
525,19,-8.94793386366382,-5.920381188146621
526,19,-9.448033083121118,-6.143139290341878
527,19,-8.832324045656605,-13.178881480745531
528,19,-8.91341209548591,-8.4090568796164
529,19,-9.876516815267678,-9.759061314819064
530,19,-8.137073503119609,-2.7523289815708267
531,19,-7.287233482176816,-3.470730969007491
532,19,-2.051789764250316,-3.4571254757174756
533,19,-2.8089075293892165,-5.372437935376183
534,19,-2.2928179474147328,-0.5643489001618036
535,19,-2.9541748034225748,2.3711631426936037
536,19,-6.3021952782892185,-4.9763713274028305
537,19,-6.729630261283091,-1.0791934667474834
538,19,-5.51867453977593,-1.1189676075778152
539,19,-5.300796509533939,-7.860969134771949
540,19,-5.656592530103808,-4.183119028406281
541,19,-6.210466101510065,-5.722732493584999
542,19,-4.764363994736414,-16.1555225791883
543,19,-4.097194936036431,-1.8783407260455078
544,19,-1.3034733501654046,2.264090055006136
545,19,-4.745750077048797,-15.151748431065926
546,19,-5.488464213121915,-19.01416096400544
547,19,-5.2039378819254125,-16.466741737423945
548,19,-4.752641413186211,-10.661726914908058
549,19,-6.2107520743657005,-5.965092632600545
550,19,-7.082213287085324,-4.845075420990497
551,19,-6.281413432240697,-0.0020729986920287047
552,19,-5.919273131421505,-0.1964524143595554
553,19,-5.306069566492624,4.606607883921242
554,19,-5.263347230506952,-1.502429745938116
555,19,-5.302291066464932,-5.148265246563369
556,19,-4.0881103807814725,1.8244917589595389
557,19,-4.618281026284421,2.3017996144785684
558,19,-5.029233762858894,4.15699163117074
559,19,-5.378358822128575,2.514671435690616
560,19,-5.738480529377739,-4.67465200449351
561,19,-5.070837165281773,-4.668811459903964
562,19,-4.9321910399467015,-3.9741493003914456
563,19,-5.305616928189011,-0.9504684578867
564,19,-6.40338449490082,1.9431794408044425
565,19,-6.523892662115031,3.0799850961054744
566,19,-9.19925224029339,-7.952681111918309
567,19,-9.037953124022351,-7.918111958427971
568,19,-8.114102382086458,-5.912676019798937
569,19,-6.7990944495340955,-2.9217784058453162
570,19,-4.067279242366567,8.303996127755681
571,19,-3.5688329424938274,6.952646360523204
572,19,-3.46460300752733,2.0563921705900157
573,19,-3.341454359581803,-0.2798535330680352
574,19,-5.6426053463274,-12.639334965917897
575,19,-5.258970791998763,-9.441309850938751
576,19,-4.890476637132451,-8.28265688350939
577,19,-4.373772434022612,-5.894894801861938
578,19,-2.3692961584138175,5.048922675511903
579,19,-1.8324850785147646,3.926513978170078
580,19,-3.0435391064465875,-7.417365996747776
581,19,-2.071466774638793,-8.630011154114982
582,19,-0.8474293237359234,-8.513461246934185
583,19,1.6306724790101725,-1.208956261908952
584,19,2.35818287004804,-0.5374681840849007
585,19,2.6798035332376458,0.7057892951006579
586,19,3.56958510016284,3.533326851790889
587,19,3.575667045883165,0.02185328495761496
588,19,6.377107226703629,-2.0074865081473945
589,19,8.67780451017461,-2.401261882529525
590,19,9.53927308323091,-0.6063937402220745
591,19,8.881919470973116,-0.185214437648483
592,19,8.561590435309881,1.3431711686635026
593,19,8.433119487373006,-4.464109179770048
594,19,7.687126051071573,-0.6005399286370903
595,19,7.017058599129996,2.4826996269596293
596,19,6.266900752271795,3.9871550930872672
597,19,7.416893798610545,6.680732561801051
598,19,8.45808656085319,3.107843413582941
599,19,8.972192710928539,6.676666037832774
600,19,8.72936600831963,12.572118728977557
601,19,9.001467116284402,9.485985086729443
602,19,9.750007564178304,12.852540437190328
603,19,9.09586060320271,12.62577575506134
604,19,9.319561151693051,16.246093565607453
605,19,9.36490861582024,12.377163098236451
606,19,12.34584640923822,11.67598491107924
607,19,11.815010373155928,8.506544766847128
608,19,11.313632662744567,5.762280391847526
609,19,10.626745775146446,1.5888898781120133
610,19,11.141694234009265,4.951828006147707
611,19,11.63159069212361,8.388328892451455
612,19,12.582949243206713,8.479669257213345
613,19,15.52181452240984,10.234678077133822
614,19,16.736732197063247,4.932036147567942
615,19,15.368149853847171,5.653910787012592
616,19,14.631858902506792,6.04511840428836
617,19,14.659828062495762,13.224847663347191
618,19,14.330102115690352,17.03684892587171
619,19,14.659186852983112,24.33736166710969
620,19,15.966599593410137,22.851409854656595
621,19,15.423419645686408,19.351926889319202
622,19,13.264176430326188,12.670295011378585
623,19,13.666135413267511,9.695898138555094
624,19,12.847839759248018,14.56592378032019
625,19,13.441934870272235,17.757349840282586
626,19,13.250969289689237,23.806969667263274
627,19,13.56721907210158,18.45860063867167
628,19,15.845486292814712,25.34186471651219
629,19,15.760137905556803,23.370333756327
630,19,17.299595835309447,19.666774179909225
631,19,15.349681121396316,11.14939754251327
632,19,14.30370032749579,18.620513772504637
633,19,13.452825001523706,19.261606674682298
634,19,13.477350716868386,21.790746269266037
635,19,14.538210409789826,25.05282594448954
636,19,14.075345704431129,24.047996200366015
637,19,13.774095084276269,15.27088855199554
638,19,14.530411518025176,12.356544872463019
639,19,13.268257000971971,13.261889783581864
640,19,11.824684494829853,9.994396224233697
641,19,11.374210457385743,14.736787978034954
642,19,12.304471576117976,12.31986082700223
643,19,14.098117583461317,10.814765703806188
644,19,2.805883501539938,9.369828497621256
645,19,4.484908942330549,7.88939526035756
646,19,3.257572182952572,3.9512296045454605
647,19,3.7728178924135136,-4.613503066017529
648,19,4.953087204777148,7.1871172078163
649,19,6.9947820993238565,9.867991012226412
650,19,7.715855516729789,11.13577803639373
651,19,8.244973450072393,16.682754557125463
652,19,7.342530671318855,14.406357826747808
653,19,8.117206194731807,14.37894578695068
654,19,9.778467690914113,12.054866472482445
655,19,9.769989306118077,11.033460779957295
656,19,45.617716364859916,32.48898464940976
657,19,21.990898686541186,38.52605438478804
658,19,18.401942581597723,37.91640236923013
659,19,16.384660718210398,41.85764738587932
660,19,15.170628848701199,41.952402258859365
661,19,13.593443577259677,37.514507638506075
662,19,12.254385992107927,31.87685286290798
663,19,2.208696718680585,8.122743669104693
664,19,-1.1748165000954032,13.018618696855356
665,19,-0.4822353402232693,7.647964805397351
666,19,1.0265591075158227,14.737361050863456
667,19,1.8943089466674792,22.233188764218085
668,19,-0.07410810546298308,13.336185212723649
669,19,-0.42269823450351396,4.383338957718934
670,19,2.1105758520325253,-0.6086158114731006
671,19,3.437187002599785,10.545488928096802
672,19,0.824255179890315,16.854340662102913
673,19,2.3358209621392234,13.173044191993995
674,19,5.6062887996022255,17.639873120638185
675,19,9.232420909088432,20.273007555285403
676,19,8.387815105473237,23.927694775351483
677,19,7.575072967997585,22.76240605477642
678,19,7.221598244164852,17.3371350519551
679,19,7.457628164977905,16.047231464262495
680,19,6.804278311487906,11.971133564564298
681,19,7.1949403319349585,19.80542781406257
682,19,7.8849898353646495,17.59183713676248
683,19,38.60824517671426,29.980349413825934
684,19,35.09999782275645,33.22354640692902
685,19,31.375777760576966,26.961324406681797
686,19,27.03787452508186,18.024529861329484
687,19,25.009774990192454,11.655129096200653
688,19,21.61293652319091,15.343823116148542
689,19,18.901548717331934,16.066289858018536
690,19,16.452385551624502,15.911312551713308
691,19,13.649887487253181,18.203328489719752
692,19,10.71697590923759,22.583361165937276
693,19,7.5766132432408995,26.408585300907816
694,19,6.676384729757046,24.054631999490994
695,19,6.235083363484591,21.37804564321459
696,19,4.13530624692703,19.81021447170815
697,19,1.8731040361481064,16.577525384392175
698,19,0.8782437740719615,10.044291360481111
699,19,0.1050115894913688,11.444950006722593
700,19,-1.4191936865727257,15.303833902577026
701,19,-2.287482594750145,13.249964555017868
702,19,-3.0720511072458976,14.752500635923752
703,19,-3.558084992077056,15.854503395280517
704,19,-4.049993265019111,13.095380795253277
705,19,-4.0158099046484494,11.23510196695679
706,19,-3.1833618644950548,8.690580545457578
707,19,-2.354261525133552,8.252564073492522
708,19,-2.5035838912808686,10.984375746320893
709,19,-2.496880641549069,11.860832157824916
710,19,-1.9812873014907382,10.531353081914858
711,19,-1.4494782215870146,9.41796752521168
712,19,-1.7074918070084095,13.747636231286833
713,19,-1.0295655478712433,12.640160293980443
714,19,-0.905298055379717,10.125606341920957
715,19,-0.6110260134246346,9.144961663077538
716,19,0.523926827350806,7.314811293744697
717,19,0.5391519093163879,5.152404502760419
718,19,-0.917978796065654,4.197461196104996
719,19,-2.1544665385681583,5.198433776559341
720,19,-2.8241328311150937,5.253829569887785
721,19,-3.067556932941443,7.176662248266439
722,19,-3.6009312214646343,9.578232615652723
723,19,-35.97433310725137,-8.827972463825972
724,19,-31.19412892197397,-7.456551652126109
725,19,-26.597232553443064,-5.827380313531648
726,19,9.560617523138717,12.02307077418709
727,19,10.863883524186349,11.572377894814053
728,19,-24.259265836787563,-9.6322486378549
729,19,-21.866953191324683,-7.34670270974857
730,19,-18.85549401956814,-4.49418283434261
731,19,-15.057803344721833,0.739404084970829
732,19,-14.833955544662786,10.230410947770906
733,19,-12.214919316176747,31.556610532597006
734,19,-10.923133439542653,22.572111672539904
735,19,-5.389521279585097,2.1028667016203144
736,19,0.09310035393264116,-2.9210639572279433
737,19,-0.5588116642402383,-3.9529128437802683
738,19,-3.8642813451679103,-10.578058427719043
739,19,-3.1087433426846474,-8.35291558031895
740,19,-2.025990701903538,-1.5593036085915628
741,19,-5.889799136160946,-2.5366732633865468
742,19,-3.4132000885601883,2.0131743180336343
743,19,-3.769609944590229,3.0356920885551517
744,19,-3.9066722772449793,4.102855585800626
745,19,-4.944673785847954,1.380936513666711
746,19,-4.260239797622489,3.309219961665349
747,19,-2.099738485103444,7.370855594725981
748,19,0.8208277323892617,10.074331002324016
749,19,-0.2686546516169983,5.196421293783715
1,20,0.015457495953342004,-0.8948172657665054
2,20,1.3937830180093442,3.8276590625027893
3,20,1.6609880712858285,7.758190070472665
4,20,1.2128279938278865,2.9803461871715626
5,20,0.8486901002679588,-1.3191900960055136
6,20,2.2045472525369405,4.249347174293689
7,20,1.3603586641320362,1.430026428111887
8,20,-1.7328938353157355,2.9448037027596
9,20,-2.004745506843392,2.956013966867431
10,20,-1.2098678111133268,6.178061285120748
11,20,-1.6458508956447986,8.822519453469795
12,20,-0.10677508643766487,14.02381419446101
13,20,-0.332676537156658,16.81070567068309
14,20,-1.3024524868524168,12.625397309907385
15,20,-1.6785514067732947,12.9256618174104
16,20,-1.5064764647750053,11.006849614721432
17,20,-1.3364448085803815,11.745696192801006
18,20,-0.6125573042363612,11.94973069806747
19,20,-0.8664279068634642,12.120951010676436
20,20,-0.5919650193227426,12.402073070354163
21,20,-0.5722223786424365,12.487456686904807
22,20,-0.6270081819047846,12.730724051052675
23,20,-0.8907926551419223,10.177586424432775
24,20,-1.4939230193413096,7.382461209284884
25,20,-1.220541549943846,8.01093429599041
26,20,-0.14729885138513055,13.44802496691591
27,20,0.021675636321560887,15.034689978567258
28,20,-0.7729479095205534,14.337958021400482
29,20,-0.5252583665514976,14.399386848116592
30,20,-0.31761427398578235,18.086993380029526
31,20,-1.31490667329399,17.771557014834798
32,20,-2.5114506083154993,15.044365504318193
33,20,-3.3105569626804936,9.423733379536316
34,20,-3.484149003053062,9.452668727582932
35,20,-2.797076649477276,10.958886358938798
36,20,-2.1073711176768484,14.445014579840063
37,20,-1.5873091356379518,13.254797587680514
38,20,-1.5795254258582645,18.070467771392032
39,20,-1.4443852603308187,21.218539040428368
40,20,-2.965368036808286,17.979300645933108
41,20,-3.90196756172827,15.853741035035455
42,20,-21.563087799925597,-8.887665539972659
43,20,-20.27128293874557,-7.081222442225226
44,20,-18.774619131516374,-6.3845447119765595
45,20,-16.876105663507587,-3.2866950041125165
46,20,-14.421934491615502,-2.3610052039903167
47,20,-13.269821144656817,2.0418234210319497
48,20,-12.29411961939968,7.934328240286959
49,20,-12.776178450067164,7.848296558598122
50,20,-12.463913396191856,5.666367226771399
51,20,-11.139035781114217,2.6822216024602312
52,20,-10.20838498024932,8.86075240763239
53,20,-7.303055533251609,13.40681714420225
54,20,-7.835758489329237,16.50008613550108
55,20,-5.770092838411983,15.896358406196669
56,20,-4.404128054466128,17.44613992476934
57,20,-4.820879888204217,15.820133099501618
58,20,-6.402772069846833,15.81371087305888
59,20,-6.680053738906281,13.376748241676978
60,20,-8.467792738677417,7.630289183653076
61,20,-7.133003605276826,7.845864326637638
62,20,-5.901903126235084,11.205530781282505
63,20,-4.753656222365862,10.565780141574578
64,20,-3.6743217432613164,10.564300840177566
65,20,-3.1405573696856663,13.677544638814652
66,20,-0.9243429189718881,22.484786259456087
67,20,-7.139748584636436,25.31590443809364
68,20,-5.8418088302705655,23.94673468873316
69,20,-3.8306957060704008,24.34204323531958
70,20,-2.7487415212417545,21.895930480709467
71,20,-1.6898283926739168,25.40452399078822
72,20,-1.5505422154228654,26.591428812534105
73,20,-2.841153301628765,24.71790614495967
74,20,-3.090363331201843,24.164745142436004
75,20,-3.2736108681110636,17.39120423791519
76,20,-3.780485724918435,15.744735182488512
77,20,-0.9615377579739288,19.525677951553917
78,20,-0.5566629777586058,23.232840910535742
79,20,-0.8902901904912142,23.619039189251453
80,20,2.832331740542031,14.51674154871489
81,20,2.888087074473333,12.131284515740845
82,20,2.075921918347376,9.027452601206278
83,20,2.4444673659154432,-0.3177414518331716
84,20,0.8048205573113592,7.118849085879447
85,20,2.4037033323811556,10.18988505292873
86,20,5.548579334288661,16.574329106590085
87,20,4.515268147048118,14.774314454612977
88,20,3.5491302693963007,21.25139105299604
89,20,4.725810107529469,26.409678592312048
90,20,-4.067361327868639,13.789462433838708
91,20,-2.159567793327369,8.240140312428593
92,20,-5.835577122042196,6.659482660119465
93,20,-5.5839084866947815,0.17151985304644768
94,20,-1.375943881564126,7.834526740042747
95,20,-1.2065491521816512,8.834377795587898
96,20,7.06131231953259,20.24569299472296
97,20,7.554358901627893,24.649322539802597
98,20,6.500900123094652,21.1285375581092
99,20,5.521114216908245,19.4325111461676
100,20,3.776683023390433,11.123054200544175
101,20,2.375823371469778,10.317648087975613
102,20,2.9856934774770707,10.79307921045256
103,20,3.7237328899245767,14.57202979759677
104,20,4.682578018611821,19.12669710998307
105,20,2.758155254059602,17.431616363712237
106,20,0.31113340423871705,15.719066216544888
107,20,-1.9414017749331833,7.256608346130633
108,20,-5.7758984868387415,3.3729058568014807
109,20,-5.255958649796412,4.886682129775181
110,20,-6.680195797675879,3.1964197631996285
111,20,-6.5369335292907635,5.126014004382341
112,20,-5.982251159730367,8.861249970321296
113,20,-6.590119135926216,11.190996293449643
114,20,-6.800390144851917,9.023168113190877
115,20,-8.205641647155062,6.384759759249391
116,20,-6.477284301356121,9.252268440857733
117,20,-6.377942246947896,10.026414670396662
118,20,-4.647868618478242,13.739619337574368
119,20,-3.5046829567554596,15.626746733672007
120,20,-3.2093686941834676,16.31255441052872
121,20,-3.1592518163161003,15.304940966112554
122,20,-4.433530704573968,12.507860422271733
123,20,-5.268250183587043,7.924499021359225
124,20,-2.1760010227344537,12.191807347675422
125,20,-1.5756468851041063,16.420128944672797
126,20,-0.9017795301979277,19.79354576060814
127,20,-1.7260730298021372,19.592041145386247
128,20,-0.6164161217629953,17.880899511062125
129,20,-3.3664345063507426,15.899458055625473
130,20,-5.9614521911744305,13.008946939330599
131,20,-5.493618025012438,9.65259861380764
132,20,-4.187911088502915,13.73054262459209
133,20,-1.6309887073539358,21.038338103582646
134,20,-1.9962682880986904,23.095269888376606
135,20,0.7039716327617498,29.956451374782773
136,20,-1.5082153517487313,22.384024312945257
137,20,-3.0366546217846917,19.25861480610274
138,20,-2.975541526328925,13.636032506489755
139,20,-0.8078492339973309,26.750163515619533
140,20,-0.6959309898993524,16.6652593948902
141,20,0.696784063641644,18.92680670745085
142,20,0.6461577144436887,17.64843363565342
143,20,1.8535880710569472,21.73049275090125
144,20,2.6565907310514376,24.273308935577916
145,20,1.755557813788073,20.30148259456473
146,20,0.35289103540071665,18.075541444637565
147,20,-3.3131204560595506,14.521824059696883
148,20,-2.6430014561410644,13.349837328785725
149,20,0.10343226832355867,13.30146176478047
150,20,1.8197671863963478,17.055937176081898
151,20,2.8647020104281182,15.232008633268379
152,20,5.697440079363332,20.73412560169163
153,20,4.941907789554534,17.34625263167345
154,20,4.510037942290182,15.141212983592595
155,20,5.6212808159252745,13.643175391790464
156,20,5.601977596676079,13.170120388641408
157,20,4.90703826860954,10.820068989080028
158,20,5.947830274326407,10.022798715033787
159,20,6.583755085590383,8.745743390610187
160,20,5.854267356247874,7.813016459343089
161,20,4.344246080632729,4.750936925025599
162,20,4.205458800915039,3.111085502045171
163,20,5.881273706399043,1.538222978973863
164,20,7.646993857344569,3.167677659603214
165,20,7.594575690643069,2.7940630048024104
166,20,7.105881280058384,4.7347716064678025
167,20,7.559851770650312,5.27884333993552
168,20,6.409066959753545,19.785032760647482
169,20,6.254708616917014,18.898406268957842
170,20,5.574872153677461,0.18741915844293544
171,20,5.172303371531598,-0.7514969202848079
172,20,4.1589396201052296,-2.5732115725704716
173,20,3.5631717660380673,-3.747248975655566
174,20,4.25249504513431,-2.9061611940442162
175,20,4.187909460322771,-3.3981066342894337
176,20,3.14579366473572,-4.552128863373582
177,20,2.419497674471131,-5.863929604579425
178,20,1.8796308035689435,-7.302980714307523
179,20,2.849319714826379,-7.303501878570387
180,20,3.026599979984894,-5.235105004159777
181,20,2.907035812194408,-4.567716960216785
182,20,3.072302745432353,-3.505123309623741
183,20,2.3806337891282965,-3.1939021251309896
184,20,1.6577925632091137,-2.287836223490558
185,20,0.07011804611920525,-3.254280888487301
186,20,-1.7713856178033893,-4.63264236104169
187,20,-2.619931605477177,-5.322289450063181
188,20,-5.377057926078123,-7.489963006263679
189,20,-6.781933858796037,-9.646469160030392
190,20,-6.69523844415653,-9.905750555894883
191,20,-8.60892491393679,-10.660682879046362
192,20,-9.10036997340103,5.686206794345708
193,20,-8.029783784447318,-8.753806725062532
194,20,-6.924281991146927,-7.031377767852064
195,20,-5.994428802360744,-6.0743885046003925
196,20,-5.718948598416318,-5.517164068610327
197,20,-4.557871592302945,-2.8732318099910117
198,20,-4.987039918537448,-5.802342411691825
199,20,-7.360029184749692,-7.513565626499258
200,20,-7.567703675395933,-5.621041168151351
201,20,-14.596341272194877,12.556745707513983
202,20,-14.663055282106143,10.87556850054716
203,20,-13.746800665062437,9.558719840216327
204,20,-13.730767393694805,6.119990830850838
205,20,-12.980565006128927,4.38737689719801
206,20,-11.991321265226361,5.7466821835269
207,20,-13.230528696478359,0.7819188655766993
208,20,-12.095493820533193,-1.746894789160251
209,20,-11.48714162412125,-3.762268500691789
210,20,-12.066201023314534,-6.539808629694562
211,20,-9.986084526608465,-5.6438041770661584
212,20,-9.146557927761023,-5.6556251435386
213,20,-8.501140099945587,-5.901243417458318
214,20,-6.867289344193523,-5.277990962414151
215,20,-7.382327766840717,-5.807600962671131
216,20,-8.038482242356622,-8.806324129251152
217,20,-9.03555826587126,-12.106050869406317
218,20,-7.445321319240975,-10.870966313942517
219,20,-5.757904260755822,-8.979512843364319
220,20,-5.47828844840933,-9.028890083569422
221,20,-3.469795189411343,-6.993983707615371
222,20,-4.756527253729473,-8.77641900575054
223,20,-3.856706955343725,-6.7163556999767025
224,20,-4.246631670176612,-10.216920169023979
225,20,-6.4551365914312555,-15.243122864165343
226,20,-7.386054669811529,-17.22182822724244
227,20,-6.607457843426346,-15.2085676366587
228,20,-4.892953465146093,-13.964380165970397
229,20,-3.6308627939224607,-11.070548715624682
230,20,-2.9882600482769703,-8.23349622265232
231,20,-1.3981954435648731,-6.477171778969023
232,20,-2.68264918375462,-10.86941582363579
233,20,-4.096194042566822,-12.070831651664776
234,20,-3.9659279476400116,-21.71006660952935
235,20,-4.129514368230957,-23.044610035393816
236,20,-1.185596207928029,-15.586077199387546
237,20,0.12985520274651208,-12.881970313575039
238,20,1.321188214790709,-8.684950490188385
239,20,-4.633829680363306,-12.140778639990458
240,20,-3.882028783863916,-9.843797795588216
241,20,-4.949340121669593,-14.473862028525218
242,20,-5.8331536538430555,-18.264106957525655
243,20,-5.703973074870646,-18.931621209888363
244,20,-0.30885918340436547,-18.253339974682603
245,20,-1.14323779282131,-19.49078397869016
246,20,-1.1945165144343264,-19.965691367470754
247,20,-2.6277174096112503,-24.957618523631027
248,20,-3.214326103672647,-25.844477785908566
249,20,2.2241717379788497,-38.97215530929043
250,20,1.9965939086760045,-37.3617970373989
251,20,3.978494378315645,-31.007193825293143
252,20,3.8311767538571075,-26.46536494994507
253,20,3.7344908487684734,-25.49571835971983
254,20,2.7093412601921045,-25.980528981515818
255,20,4.427167638139963,-20.198400977165875
256,20,2.9691222550459315,-22.928236327741615
257,20,2.2830599868775607,-24.691244935722352
258,20,2.003048135240988,-23.055810929899963
259,20,2.6225097912583806,-19.137464289834497
260,20,1.0446843813469968,-20.186236278664182
261,20,1.1890371262770714,-16.908802635713073
262,20,1.865010273137159,-13.404352952652516
263,20,3.2183551105790684,-9.829803627759247
264,20,3.7665342909785977,-6.727155678902818
265,20,4.631328065900561,-5.757339719905758
266,20,5.5572088336493835,-3.66474282771469
267,20,3.264652706886409,-8.318466067603367
268,20,-1.4999117007146197,-19.44965637418045
269,20,-1.7156055814684805,-19.205810345829377
270,20,-1.3236363620053453,-16.243693440085735
271,20,-1.3465197568575604,-10.661358123487844
272,20,-4.096703615780825,5.93628190626805
273,20,2.0698176285650334,-8.166134266926747
274,20,2.4599419077849234,-10.376327907933046
275,20,2.3341526732046987,-8.594795584909662
276,20,0.8148940093606143,-11.583376955326457
277,20,-0.15822582969940413,-18.043030354894654
278,20,-0.7696866255955683,-19.709533849430045
279,20,-1.3593797882813305,-18.940689446553733
280,20,-0.15714005482004723,-20.02881452449583
281,20,-0.18745788067280955,-17.00891841176417
282,20,0.7971613684630938,-14.220433311835222
283,20,1.8721837390867222,-11.54001237582088
284,20,0.9935886179555382,-11.913312983574542
285,20,-0.067664511431758,-15.008004777037968
286,20,-1.7986603037579698,-17.098033111379664
287,20,-4.105872135129175,-23.76873516469732
288,20,-3.946075912890592,-19.837229466984354
289,20,-2.0230269042594955,-14.821346043804624
290,20,-0.6743063181111211,-13.907882635587157
291,20,0.7029128527346984,-11.936444186033441
292,20,5.301242968920633,4.501531270303531
293,20,4.349353998331935,0.8048807540935741
294,20,3.6463956421257535,-3.194834382152294
295,20,-3.3347907572606346,-23.24454528883598
296,20,-0.5085569782777384,-10.245528614751493
297,20,-4.00227723374428,-23.07393861428409
298,20,-0.3762517704471975,-8.91788412547794
299,20,-3.5349751347666825,-20.838208602101076
300,20,-0.21901176285518886,-7.553813434305994
301,20,-1.957420079907024,-16.589376726209593
302,20,-0.47633334667443705,-7.641022681970753
303,20,-3.655658421253065,-19.661834520858974
304,20,-4.567639201204656,-23.52573384657262
305,20,-2.871056605362355,-8.945530253425204
306,20,-2.0201191928281332,-7.265012033474704
307,20,-1.5739702881451194,-6.478981204039883
308,20,-3.116423405720525,-16.563785232468035
309,20,-1.7398543655326648,-14.004240931624736
310,20,-0.5901191040611593,-11.82001012413275
311,20,-0.32325586879142065,-10.494315382533387
312,20,-2.4063684769989777,-16.163155924276907
313,20,-1.1461924988975625,-14.099396189497384
314,20,-2.7421491803097524,-17.27334801290999
315,20,-2.4265254659562743,-14.497606921824627
316,20,-1.4021618858155307,-13.37109484704797
317,20,-0.6355402743411105,-11.322222687638714
318,20,0.6224969276663614,-8.486206171742197
319,20,0.4080052133335812,-10.247624148832983
320,20,0.23475062601573882,-9.895750340737322
321,20,-2.3309122684177055,-14.75029708681086
322,20,-3.7975754270969446,-18.031588460552484
323,20,-4.280468149821445,-15.56023337681654
324,20,-5.943694068285822,-18.767882155056213
325,20,-5.224216168079238,-15.80298884898275
326,20,-3.961344911865581,-11.414339685604318
327,20,-3.7304183740120607,-12.58244938829921
328,20,-2.34196726578557,-8.17273561778984
329,20,-2.056792865440457,-7.76070153706678
330,20,-5.406199880428176,-18.145840999640313
331,20,-2.962015438308299,-12.3491954894007
332,20,-2.5998033734713317,-13.903440897977816
333,20,-1.8666730159097824,-12.052978465895649
334,20,-0.539648025970564,-9.736179359156267
335,20,0.07581990095332003,-10.465445221663686
336,20,0.5787767681954392,-8.36173835003865
337,20,0.6047855297451861,-9.31648083969958
338,20,0.49731109283220576,-9.082413180584808
339,20,-0.9754428801757058,-14.019232092309721
340,20,-1.3179805626095913,-15.29971167630356
341,20,-2.81203263460975,-18.419627282526562
342,20,-3.128219322304176,-18.739719473678633
343,20,-1.0376336225112937,-16.11258479901153
344,20,-1.3550858616799815,-15.3077690850605
345,20,0.7473618331564467,-8.264378395707354
346,20,0.4709256270461992,-9.2917312772679
347,20,0.04995847489408334,-10.51318825596536
348,20,-0.7129301939376091,-13.36259291468923
349,20,-0.9689637989017683,-15.220821969651297
350,20,-0.47057698445951246,-16.23425045402564
351,20,-0.29261193582397027,-14.90911461797441
352,20,-1.0603711435255718,-14.736467372069455
353,20,-0.9567292160340912,-11.710969246615605
354,20,-1.5442542799114563,-8.237630562362028
355,20,-2.669299966078597,-6.783239112304727
356,20,-2.260245081870835,-6.244520678979825
357,20,-2.0576011690041014,-12.580728798700875
358,20,-5.21446766907593,-22.806776564034408
359,20,-4.3209159798684595,-11.535001226245186
360,20,-3.3915944299405965,-12.074436635047277
361,20,-1.6161162642815725,-12.193114815215267
362,20,-2.602226305675231,-13.076743738579353
363,20,-2.5612607774105527,-6.56760649773787
364,20,-2.752488962028565,-6.465043012279239
365,20,-0.9864210446635298,-4.033447802764385
366,20,-1.7647880456220264,-7.611558882843383
367,20,-1.3260723369880907,-2.9643731369924353
368,20,-2.5918563021327827,-8.778137545586105
369,20,-2.8618944117597493,-7.89964145785234
370,20,-3.2508145776182573,-11.967339341440493
371,20,-3.6047708116025206,-7.076505921584612
372,20,-3.151084822032317,-4.583450052197804
373,20,-6.44338366963575,-4.28835607369183
374,20,-5.43828119881573,-9.713380740441607
375,20,-5.446198669479145,-4.664004965401546
376,20,-10.515424447815803,-5.528557873120917
377,20,-9.119207116430971,-6.550310675384935
378,20,-7.7125381156301955,-9.893573728843876
379,20,-9.125627340552,-16.25170548929418
380,20,-8.788549073376089,-13.31221767338684
381,20,-5.320131345059508,-6.537363438303146
382,20,-5.546445874672827,-3.7070662301666744
383,20,-3.4858063661358756,-6.179697832078091
384,20,-4.806607616782912,-0.7752051270044831
385,20,-4.049262695062225,-4.870043215011719
386,20,-2.3654476218666787,-7.911896276284551
387,20,-0.14669394919474144,-22.21375984398901
388,20,-1.130819310265906,-17.80225440173035
389,20,-3.762585271259013,-13.359614106135723
390,20,-2.531361624553938,-10.464718808923408
391,20,-3.664658761585997,-9.888683139864042
392,20,-3.1874793274737385,-12.660047527748702
393,20,-1.2144504270895595,-17.92640649089799
394,20,-1.0168050565039266,-15.147826890110537
395,20,0.32612130703546427,-12.517304032324773
396,20,0.10090273944388173,-9.552126510548078
397,20,0.11708181504309323,-8.518495957934647
398,20,0.8775305273684353,-6.538267167120921
399,20,0.1440499348686899,-4.396641215742875
400,20,0.5320692730820156,-5.201898054730009
401,20,0.12375662564772938,-2.351052497505407
402,20,-3.0517873033004435,-2.500449345044217
403,20,-3.534872389850989,-1.8027177179274076
404,20,-1.2610498081471633,3.9166624595945905
405,20,-0.005029681830819754,2.542601066033967
406,20,2.8850250091331873,0.6953236835474854
407,20,1.0317249729355353,3.9807280769605313
408,20,-0.7926278915579132,4.638580019646724
409,20,-1.4662008228920058,5.613422281665407
410,20,-1.1861453267820252,5.905236055612022
411,20,-0.2562670039696968,4.381708361497658
412,20,-0.06098246349483816,3.292590892896442
413,20,0.5073435728900222,0.8554317569141858
414,20,1.6314130756536542,-0.7133924764270887
415,20,1.476049971689008,-1.1719262442384206
416,20,2.3555764208863366,-0.46587459073407445
417,20,1.8540702526493078,0.9401795448202392
418,20,2.6057370851794985,-1.1150063884751944
419,20,1.6986039878734118,-1.5694627216853405
420,20,1.612371365625222,-1.6273219585991683
421,20,2.4145956746820048,-3.973700220063165
422,20,1.7899308436126375,-1.7146547994634602
423,20,1.6871365606170912,-0.8308755333619047
424,20,1.5629910641018796,-1.9235928226612486
425,20,0.9952365294611809,0.6914442294541914
426,20,1.3766637851185806,0.7455770301171469
427,20,3.1440046065149545,-0.7123956879804609
428,20,3.4400408976252947,1.9252830924428963
429,20,4.369754983553776,2.830907127906812
430,20,3.478236985172771,5.324423245107482
431,20,4.341439146777702,5.01319671280271
432,20,1.8874817214314135,6.531385326798954
433,20,2.8936938925412505,5.13991306535172
434,20,2.010669288339159,5.759790266919936
435,20,1.3920369264415058,4.984944553108562
436,20,2.3767108470683525,4.015378776041871
437,20,2.6443598432665567,4.041706974139288
438,20,2.2339806077557114,5.964298704217526
439,20,1.9775736462461282,7.179559362856253
440,20,0.9242543799932719,9.246159433099365
441,20,0.05778879504532597,6.936402903613725
442,20,-0.15291149279346428,7.903295363057623
443,20,1.2549521021337569,10.085800497586206
444,20,2.8521868846910365,10.547663851512425
445,20,1.6613769273526486,11.452636540950152
446,20,2.7837098541676824,7.815930766441852
447,20,3.1309825024459315,5.382489849770991
448,20,2.2454344687821504,4.665852501435438
449,20,1.2112647419294262,5.398890563757959
450,20,1.3605437951905515,4.8945713838497795
451,20,2.2103442333523162,2.891109153520574
452,20,20.797692976589587,28.978785664567567
453,20,18.231346961846157,26.774345422868464
454,20,-1.9328774990399324,-4.984207542825061
455,20,16.095507673295288,20.217705839728296
456,20,14.071193099591255,15.3250507085977
457,20,12.79848991412473,12.115050511762092
458,20,12.124420352339257,13.828819991696946
459,20,10.906760969883635,10.503991011602011
460,20,10.193136127054458,9.416224186136787
461,20,9.61502346015186,7.57837423471301
462,20,7.588345294548162,8.209442090728771
463,20,6.245499152643333,5.823417899742708
464,20,4.142842738275704,5.142524442752801
465,20,3.947526183193986,3.994087774108266
466,20,3.8236567283179284,1.5221855823874648
467,20,3.929315743054758,4.936734460125081
468,20,4.841844208535349,3.713190876284898
469,20,5.292797367877029,2.9730005830806476
470,20,4.874060122931041,4.642437418030568
471,20,5.5923946874781905,7.065138388510604
472,20,4.7343833791710495,7.359452190783486
473,20,4.239122156680423,5.405334819044583
474,20,4.719291665917808,1.8421439649555396
475,20,4.164127255787207,2.819452236332836
476,20,3.5010731027032307,3.58145533984316
477,20,2.5388367501700486,3.251940404398738
478,20,2.090368232120454,2.3412135897197004
479,20,3.4442578491407403,5.728137079527187
480,20,-16.075515855512094,-16.057545804466827
481,20,-13.465729435438334,-13.309506015734769
482,20,-11.279560644601588,-9.32712902941148
483,20,-8.852454600664714,-6.961428889278068
484,20,-7.257804126404153,-5.428810150529898
485,20,-5.559970541594339,-4.261580184520426
486,20,-4.120679760946132,-2.6542427514259543
487,20,-3.2463459267214603,-0.9456600088551568
488,20,-2.0669513711418404,-3.3988180560045294
489,20,-0.05362746731543666,-5.458542539773589
490,20,1.1804823570541885,-2.2128054531731323
491,20,3.173667465278868,-4.431056192738652
492,20,6.073427565051134,-1.0434211565525402
493,20,5.053893431295364,1.2722845116022654
494,20,2.90946628487427,7.634714773867017
495,20,2.7886489541601804,6.331719449830416
496,20,3.976975630020661,5.547217526618624
497,20,4.298913889962023,4.708098894525392
498,20,3.347185179765802,6.93536291581222
499,20,4.2805960997065995,3.015380230687697
500,20,3.3576867606161613,5.830350128238933
501,20,3.551399915632828,2.604918306554282
502,20,4.249440456705088,-1.4204571529689929
503,20,3.1378019078856596,-2.5602696528576416
504,20,24.084905344755498,13.39715413959675
505,20,0.6028604758012079,-6.325917948257484
506,20,1.08205430767066,-5.519449330652606
507,20,0.2317048214690658,-5.4568619890196715
508,20,-1.783791978959016,-3.8488065526898936
509,20,-0.8911061092094315,-5.498226593497748
510,20,20.515131003613533,14.369258049629934
511,20,17.7513633895951,13.201570020313738
512,20,17.556496934715142,7.999982542468388
513,20,13.678560428416858,9.646342914140405
514,20,10.983891774223594,3.946338933282277
515,20,10.39234527586268,4.033479870367955
516,20,8.40400134986885,-1.0940851309078425
517,20,5.747794448280729,-1.0615804269909859
518,20,3.6927023881280547,-1.5738820065989785
519,20,2.2286015129857333,-3.018775924565489
520,20,0.042575096099426446,-2.1166692654787767
521,20,-0.12387935785682203,-5.504429036550391
522,20,-0.8934966934957629,-4.72918468538046
523,20,-0.506514718192193,-3.0468446406948715
524,20,-2.898155765363299,-3.667045770002005
525,20,-2.1879090553757123,-7.224673690710006
526,20,-3.399035047851612,-5.595794250674771
527,20,-4.49164013851987,-8.395491674097684
528,20,-3.847636414669978,-8.80891875575162
529,20,-3.460036969977409,-15.835281366486015
530,20,-4.460766268120096,-11.16517711798042
531,20,-5.873776186467694,-10.074935613487469
532,20,-21.333850968284423,-32.62916045401653
533,20,-18.193774361960095,-32.04350680962307
534,20,-18.76493939474676,-27.603912838219912
535,20,-17.885886910905356,-20.691833575945566
536,20,-13.085201519519615,-23.539707893354716
537,20,-11.8708581570354,-17.526474300096197
538,20,-11.399448148466945,-15.020036471452386
539,20,-12.587305444404592,-17.381043444578154
540,20,-9.367088379707184,-12.819466497149278
541,20,-6.943125207998037,-19.50857122318257
542,20,-11.837931798682348,-15.106781719000537
543,20,-8.103339209268142,-10.437194714178986
544,20,-6.2047724213543916,-3.3630216493966145
545,20,-5.179080113644886,-0.7608262030175865
546,20,-4.143238636756905,-5.053625939920039
547,20,-4.014791989328387,-3.979786233275263
548,20,-4.062101750133934,-1.1612753142744623
549,20,-2.843641031784955,2.547887736647681
550,20,-1.2266781285029538,-0.5751941543030625
551,20,-1.9658469402688752,2.017365389234783
552,20,-0.5169494243218651,-2.26373191669245
553,20,0.16418023452342823,0.7912884103579927
554,20,1.6073732205445594,-4.1280986586489234
555,20,1.773154379834068,-3.037736274850886
556,20,0.6737949865878363,1.4328056186868707
557,20,1.3712273908854513,3.412236513509015
558,20,3.0388938429473455,5.495821506746779
559,20,2.5769167236717294,7.587419238060647
560,20,2.509060007269454,5.263153398120721
561,20,2.41200229765127,0.2771745964423644
562,20,3.1163955326783253,-0.13601958068920794
563,20,2.8191466031830714,-4.108567652760939
564,20,1.476285598834238,-4.0178302769272705
565,20,2.2710278779109103,-3.667230246024701
566,20,-1.4961515447812417,-4.742169403617481
567,20,-0.6454439009048656,-4.672227087351075
568,20,-0.4004722541480987,-2.8209672185862473
569,20,0.2173707797028328,-2.100251982918053
570,20,5.146147687769371,0.3199911198103109
571,20,5.155100365195267,-1.1927712303704538
572,20,4.7584812582526865,-3.0320467729038683
573,20,4.692650760250672,-3.2944369481351714
574,20,-0.30742216721728255,-4.4209285005999845
575,20,-0.3925384327203574,-3.45053624594766
576,20,-0.057197372633709165,-3.273713053488791
577,20,-0.018295622453933902,-2.970597471295605
578,20,4.773149198633291,-2.6317268686043462
579,20,3.960010021635753,-3.58567157774678
580,20,-0.010849017493455904,-4.9766505513321135
581,20,-0.08677639889492639,-6.596113497178976
582,20,1.1282461946434523,-4.747472407470923
583,20,6.589139707173672,-2.844358276697676
584,20,6.623511196005893,-3.9419542384757733
585,20,6.8615062445041985,-2.646009709063037
586,20,7.598354195358297,-1.8576350679559255
587,20,7.622160473631084,-2.1893112517141162
588,20,6.402738309127017,0.48634575099686117
589,20,4.895421714486474,0.2389451101580562
590,20,5.049763120553507,0.7659079867230503
591,20,5.501462273010475,1.8369704687156627
592,20,4.613055236615764,3.224296247404709
593,20,3.388745347548138,3.6174206981022508
594,20,4.011180843406692,1.6942303762079973
595,20,2.7644556480863685,1.0069638685667996
596,20,3.7462330361386194,0.7233389127200098
597,20,4.970320320627252,-1.4504449787750673
598,20,4.686541169894554,-0.18710157070609057
599,20,3.195910605948484,1.9555911912138981
600,20,2.934575748613497,3.8210062867524357
601,20,3.767907525071678,2.9129051615527715
602,20,3.7447613670219653,5.846281281960273
603,20,4.324878366296616,4.335993123067055
604,20,5.07771135699295,10.60338218595416
605,20,5.901032009658593,8.329708529745858
606,20,7.061584763050632,11.356890019445018
607,20,8.119921986881309,6.977641161421616
608,20,9.88498043828713,9.194428485044227
609,20,7.494913124709456,5.438039156384548
610,20,6.549295419484224,6.234872861681197
611,20,7.579547699464456,6.48720640787451
612,20,8.40787334642846,6.484332642056415
613,20,8.19631064652367,8.160058386329183
614,20,7.016154317775545,-0.20600587308626928
615,20,7.138094146221192,0.2679081449437035
616,20,6.4509003391031,-0.23510128186717338
617,20,5.633778214056292,0.8790483397510798
618,20,6.660461098545966,2.9744624794298034
619,20,6.886301892759548,4.292211953657443
620,20,6.880163401558093,12.644837536472096
621,20,5.680968863780436,1.0137882969665952
622,20,7.378058707347918,0.39835908361010297
623,20,6.059492180595953,5.010608950120059
624,20,5.313736809637703,5.659506312696067
625,20,4.537594886983243,5.774044489945936
626,20,4.3421315346122356,6.095379298781154
627,20,5.9644047182382565,7.876131941196945
628,20,5.949313847797384,13.343907895144639
629,20,6.098628236098193,14.649191347366013
630,20,4.035946850201981,18.749564484742677
631,20,4.608218233232037,16.196158161619678
632,20,5.211597029542645,15.501795660237804
633,20,4.750761291265917,11.483088514319206
634,20,5.196550684279828,13.209142134620379
635,20,3.8027933347411818,6.18509188437929
636,20,3.660239461052697,3.124018694124061
637,20,5.585966322630156,5.16687992788593
638,20,5.009815906891163,11.161026421204951
639,20,4.458018634623841,11.473873545499373
640,20,4.9082797671608205,9.918643971848724
641,20,4.226280257026701,9.292468021180866
642,20,3.5280123662769256,10.127761385670965
643,20,2.3661295284628068,4.540863498378712
644,20,18.828587365585918,28.797344263050036
645,20,16.354452606369705,29.52740412289586
646,20,16.403508795944617,24.99326026977542
647,20,15.26761609118239,18.504250830553246
648,20,12.989779826572885,17.367897776182872
649,20,10.956048584806922,15.561010618061118
650,20,9.091320295453443,14.62765575062349
651,20,6.8841605264051395,11.839073378181638
652,20,5.662622900606948,6.028504616477221
653,20,4.000073791464274,7.2162996107772415
654,20,3.091654225525417,10.61166420214795
655,20,3.636480768299407,18.603145241558195
656,20,-20.955342383827883,-6.998760912461876
657,20,23.269093138678727,-37.099327919591815
658,20,22.407545834271332,-28.61841447226925
659,20,18.586879526664234,-22.91162041786629
660,20,15.836964204835567,-11.567492052295165
661,20,13.806589638010337,-5.143077716707921
662,20,8.33374664087205,-1.4584576583665694
663,20,-12.366194977877058,47.71045067521118
664,20,-9.991381121119048,36.094299795389816
665,20,-12.375747822723497,25.676270377528454
666,20,-12.381844668399026,22.725745305998316
667,20,-10.900797640734709,26.209100089155072
668,20,-8.105720402638326,18.819558684072945
669,20,-5.625938508348554,15.915003074775086
670,20,-4.798008442638093,17.377953177750896
671,20,-7.147195489050318,18.21698583462785
672,20,-11.739673173106894,-11.7543611846786
673,20,-10.114582631461417,-9.886945894581913
674,20,-6.926693033472475,2.8403078177680072
675,20,-7.667869862442785,8.98420079447169
676,20,-5.399496497769178,13.069586417133905
677,20,-1.4836570589377516,18.12799887392248
678,20,0.42398196208432637,17.567335555677346
679,20,1.8466476347057323,25.319834599199567
680,20,6.491923541620054,41.308020380814014
681,20,7.101110890473137,46.25150554569245
682,20,6.071470895817583,44.02301589725357
683,20,-12.149482564333994,15.667187419517177
684,20,-11.333219601452583,18.923296980330633
685,20,-10.278244508689568,16.999264543207573
686,20,-9.326425541012213,7.685263422155913
687,20,-8.589881758626689,3.1236504047928975
688,20,-7.69705488721047,2.7629130301711484
689,20,-7.406477038080993,5.523547984462311
690,20,-4.309060423770461,11.469332722509535
691,20,-3.293409195509412,13.329341563563503
692,20,-0.9518976372237375,14.293841395729942
693,20,-0.514267338900936,13.611611097631794
694,20,0.42592217630226514,15.231854949122862
695,20,-0.19147165774120367,15.525103916660555
696,20,0.3853927997643041,15.561558362495816
697,20,-0.3163333715474437,11.851385261618816
698,20,0.31208569826230814,13.320695506782613
699,20,2.100294236101945,19.912868595323744
700,20,2.7638111959740854,19.00036102593276
701,20,3.133599975070865,19.37637299239759
702,20,2.86241143604002,18.677645391092483
703,20,2.3435827009361674,16.26803758758342
704,20,1.667646460967262,13.121972608098986
705,20,0.63902926328592,11.808875096399788
706,20,-0.3127448196437399,8.725113548611262
707,20,0.8383544949483621,11.769331672717271
708,20,1.6219686305357754,14.159382074962195
709,20,2.438688147715766,17.162459261746335
710,20,0.9757064649802487,15.511388771873499
711,20,0.9291811844932454,13.673299535392289
712,20,-4.205628610111489,-2.2775430137144212
713,20,-6.0933602037148376,-5.808184987282402
714,20,-7.238376221279395,-9.763028088268584
715,20,-5.589701477647395,0.12858902233983827
716,20,-1.3037778585339765,18.50577544384487
717,20,-14.547883101066873,-19.483731825202995
718,20,-6.124050994413665,-3.1542637578986614
719,20,-4.029522166464631,2.485834852280277
720,20,-0.46140961044056894,9.008415369155955
721,20,-0.46140961043965945,9.008415369156864
722,20,1.432709952071491,26.84263387657029
723,20,16.820251951437058,54.908293138569206
724,20,14.564222110317132,53.27052117804487
725,20,10.918142506007825,43.17070747703474
726,20,-9.924121439124974,3.380756762349847
727,20,-11.9711315242821,-0.09529526448295655
728,20,4.345770889305641,21.248760849739483
729,20,4.867659655824355,28.77387991699925
730,20,7.979198524310959,39.11198672872615
731,20,6.164189355365124,37.80375416330571
732,20,5.874458971888998,36.34386595291471
733,20,1.068362758765943,43.809724545874815
734,20,-3.4452274943405428,29.820987000493915
735,20,-2.617950497363381,14.605543095012763
736,20,-7.3982056662034665,9.955846931663473
737,20,-3.728781499865363,19.061212563335175
738,20,-6.811378827828776,-1.4269230802046877
739,20,-10.918402646098002,-6.406804791785362
740,20,-7.360024094897199,2.9914542372889628
741,20,-3.474169277270448,1.8520948438044798
742,20,-4.18628412776161,6.17953072198452
743,20,-1.1532637977907143,17.62827492545057
744,20,-2.502977867122354,18.44715907203863
745,20,-1.484664827816232,21.487447027350754
746,20,-3.572683527380832,16.1806690575595
747,20,-1.2816024385110723,24.24298683588495
748,20,-1.226403054009097,29.111769194227236
749,20,-5.2606824615986625,13.373145835969808
1,22,0.07164426695999282,-0.8264853193682029
2,22,0.3134150426476481,6.817265886977566
3,22,-1.2547040556473803,-0.5020563939456224
4,22,-1.122111049526211,-4.349653930660224
5,22,-1.4491284894038472,-4.248891460026698
6,22,-0.5017051861432265,3.103718236322038
7,22,-0.49374259730211634,41.2795942800567
8,22,-2.2868918926378683,24.013679619620234
9,22,-2.295510313088016,27.312490592649283
10,22,-2.08816863994889,19.01899686309207
11,22,-4.199690468500194,22.799203342469355
12,22,-4.645845645553891,22.729480171235082
13,22,-3.5272980214676863,28.645637201562295
14,22,-2.455307768594139,24.79634579348931
15,22,-1.5922942418237653,23.708279804429367
16,22,-0.7475095538902679,19.583108527901004
17,22,-0.19820022113981395,17.111337925573935
18,22,0.6268125983478967,13.557802241239187
19,22,0.4572600290157425,10.047187448938075
20,22,0.7838017557396597,8.381700357892441
21,22,1.0327497025946286,5.367999031304862
22,22,0.8058108698423894,3.7485042185558086
23,22,0.8452213315449626,1.5049506382974869
24,22,0.8479413886852853,-0.12493257903724952
25,22,1.1056008722644037,2.6254449621869753
26,22,1.793429207707959,8.1462178891843
27,22,2.0122224573487983,10.231774441463585
28,22,2.4576319929892634,11.183024183975249
29,22,2.552222496491595,10.422024875558236
30,22,2.559949102284918,10.980998655719759
31,22,2.1505924467264776,10.049337310366354
32,22,1.2841538353404758,7.5131593614351
33,22,0.19322571369048092,5.03315248787203
34,22,-0.9357939727497069,4.463725459212583
35,22,-0.6842816607149871,6.562161830961031
36,22,-0.8901844929978324,10.877196866787017
37,22,-0.47075341778963775,11.19529865697723
38,22,-1.2253150123860905,15.896452538678204
39,22,-1.1653408210650014,17.28780316321354
40,22,-1.8554185767625313,14.377100493531543
41,22,-2.9299735021932065,9.108653718415098
42,22,-12.312706494617487,-1.1110888860443993
43,22,-11.540404168472378,-0.11800257473078091
44,22,-10.568092036151938,-1.7152150053307196
45,22,-9.505700558316676,2.407478043507581
46,22,-8.162329005748688,4.314762001478357
47,22,-7.208850795243961,6.553424614699907
48,22,-6.597557187221355,12.263019751812408
49,22,-6.606969643307821,15.506190189671088
50,22,-6.2097713649982325,12.506572572254754
51,22,-5.494515164908989,9.381446998690535
52,22,-5.946282381473793,12.083678989561577
53,22,-5.569614487452782,11.040169453163344
54,22,-5.981843109084366,13.165841955776614
55,22,-4.264017275449987,14.934702277507768
56,22,-3.3709739670275667,15.186286171867323
57,22,-2.963964914585631,13.611775793868674
58,22,-3.365316455082393,19.151916667173737
59,22,-2.941630439497203,15.602617245168858
60,22,-3.87366970128096,10.691190555035973
61,22,-3.740693305237073,8.448360348382266
62,22,-5.638382441032263,2.7741539924891185
63,22,-5.587528474119608,3.373817216851421
64,22,-4.551595668242953,4.014462098079093
65,22,-3.9158451857801992,9.43079476972116
66,22,-1.707789940258408,16.729415045087535
67,22,-3.237379713565133,18.177749207270153
68,22,-2.4200119666184037,19.36307600624241
69,22,-2.649005791725358,16.124772888751068
70,22,-3.019803069030786,12.19444867518314
71,22,-3.5565848469923367,13.0167752602556
72,22,-3.6922426343353436,9.656878901001164
73,22,-3.1294906826424267,12.42673877923744
74,22,-2.7919251135535887,14.728697676730917
75,22,-2.304028079482123,12.075930774369226
76,22,-2.513505679418813,12.241773739174278
77,22,-2.6407534497957386,9.830956859243997
78,22,-4.1629927018066155,9.821813838412709
79,22,-6.152874119719854,6.36501168871564
80,22,-6.706597706518551,0.8722265733367749
81,22,-6.769583508038522,-0.3163904019693291
82,22,-7.7078117737200955,-3.0581915167404077
83,22,-7.625736057952054,-10.15871140944364
84,22,-6.178769583943904,8.585933590907189
85,22,-5.132793286947162,11.759307512907071
86,22,-4.296314247918417,12.993279625456125
87,22,-5.776934564582007,7.1949776479441425
88,22,-6.575101411543983,10.783310676006295
89,22,-6.561897819060505,15.404576416754026
90,22,-8.45953144528994,2.524767973925009
91,22,-5.676295477653184,-0.3710271529007514
92,22,-7.3952936941295775,1.9144009395340618
93,22,-7.080961681262124,-4.854692123542918
94,22,-5.983625305178975,-5.987797104803576
95,22,-6.295172853882832,-4.702628707314034
96,22,-3.8981226123014494,12.569606131120963
97,22,-5.194455676862162,14.361015824466449
98,22,-7.26600890039299,12.17389649404231
99,22,-7.407359493305194,13.069729160582028
100,22,-7.554467871472298,5.6022892905612025
101,22,-8.265994695364498,4.549852385589475
102,22,-7.89193588177568,5.916762665557144
103,22,-6.241873849021431,11.173908413207755
104,22,-6.103953288690718,10.135377760238953
105,22,-5.82597997708217,11.531137569723796
106,22,-7.467486505657689,9.82554565553346
107,22,-8.730875530514822,1.5997815792416077
108,22,-9.181109355650733,-1.4674627242520728
109,22,-6.987053216010281,-1.2465348272089614
110,22,-6.629943194617226,-0.8307136623297993
111,22,-5.95562886564494,1.718009240599713
112,22,-5.846594208742317,5.630178367731787
113,22,-7.322608062852851,5.725277956662467
114,22,-6.687410288279352,5.617868225042912
115,22,-6.352364414509793,4.535009639238524
116,22,-5.19283425379308,10.433233946168002
117,22,-6.974131523264987,9.475642204562064
118,22,-9.0538163093388,6.798293984373231
119,22,-8.473453482502919,7.024157971443856
120,22,-8.204752889318115,3.539543506386508
121,22,-6.385142882843866,5.503819483186817
122,22,-5.744996748076119,8.002092520336191
123,22,-5.209955073711171,5.327985826294935
124,22,-3.475745793641181,9.668462897812788
125,22,-5.199094197940212,9.127276418947986
126,22,-6.502404290666163,9.736563049643337
127,22,-7.58826534680793,10.620516803897772
128,22,-4.6774894352183765,4.860102812664081
129,22,-6.211264915498759,2.8548815088324773
130,22,-6.860064285966473,2.839201205698373
131,22,-5.58866375344769,4.892126927603385
132,22,-5.911007136408443,4.767883507685838
133,22,-6.15558822795083,7.464934853603154
134,22,-7.705953634811522,10.041310857927783
135,22,-8.368338934529675,12.46643927241439
136,22,-9.710366992680065,3.9537020878988187
137,22,-10.13878233214291,2.915245447597954
138,22,-11.938631823750256,0.00979973274479562
139,22,-5.386868021752889,11.083964409270266
140,22,-6.983160201783903,12.609058401450056
141,22,-6.134344741949462,12.147130089557322
142,22,-7.081774945387224,10.037186745583313
143,22,-8.225543105833822,8.313743459900252
144,22,-9.069539977354907,3.7670064699186696
145,22,-11.317353256329625,-8.591680261054535
146,22,-12.900158472535622,-15.975500847730473
147,22,-13.671780696589849,-17.205697886356575
148,22,-9.155512957820974,1.3336962586336085
149,22,-6.923614779572745,6.771309209885658
150,22,-6.537153012634008,10.457033523039172
151,22,-5.366917027239651,10.223355571959473
152,22,-4.561937687374666,17.638726954831327
153,22,-4.34284967914391,17.526024788551695
154,22,-9.739702652783308,-1.5902524040557182
155,22,-10.71242686322148,-8.177436606461924
156,22,-9.124636759907844,-5.73471701483777
157,22,-3.3373583877446436,10.555934840943337
158,22,-0.523373744282253,6.065513253047357
159,22,-0.5233737442813435,6.065513253046447
160,22,-0.523373744282253,6.065513253047357
161,22,-1.5820626847371386,22.30205417720572
162,22,-1.9168100228198455,20.379431330963598
163,22,-0.9450142399191463,18.278119701685682
164,22,-1.3440052909136284,16.14719847212382
165,22,-1.4685598017485972,13.9780601174416
166,22,-3.1526871572268647,8.580210644056024
167,22,-3.4977447565961484,7.412886263209657
168,22,-3.153548461961691,9.070153630882487
169,22,-2.7258094027893094,9.414005640853247
170,22,-3.7776323902498916,-1.3079934777269955
171,22,-2.925389426853144,-2.2707594982812225
172,22,-2.9939764160981213,-5.161945466153156
173,22,-2.585222997926394,-6.1698884669185645
174,22,-1.6289013513614918,-2.654374043174357
175,22,-1.410576903036599,-3.42635273540418
176,22,-1.4862640356359407,-4.255116098760482
177,22,-0.6497098031459245,-4.231166583675986
178,22,-0.6861354699967706,-5.219960795449879
179,22,-0.180784668810702,-6.394048782677601
180,22,-0.11899742404330027,-5.498384201697263
181,22,0.03135405233297206,-3.2287079070374602
182,22,0.27204047799205,-1.5836154675325815
183,22,-0.10808379852005601,-2.095821151219752
184,22,-0.03909169638973253,-1.2249816270432348
185,22,0.12194615864336811,-0.1398486014586524
186,22,0.13643423048870318,-0.9938945357371267
187,22,0.876062376626578,-1.395023593669066
188,22,2.5659352294005657,0.7957202060169948
189,22,2.190267308892544,-2.349004531512037
190,22,3.129048094675454,-3.4156805016282306
191,22,2.363802001138538,-9.042320729567109
192,22,4.185021108046385,-5.568278531188298
193,22,3.345117200068671,-11.155192482347957
194,22,2.913395888346713,-13.529981354252413
195,22,3.060663037917948,-10.589974114748657
196,22,2.6432840036168272,-11.492965093637395
197,22,4.470473539841805,-4.63033999309755
198,22,6.843990424671574,-1.2672162109483907
1,23,0.051770343590760604,-0.8785010200376746
2,23,2.3166642374662842,6.351203138229266
3,23,1.376707405374873,8.803297426618883
4,23,0.015900012243037054,1.8961396055028672
5,23,0.5999896777075264,-1.4597200315793089
6,23,1.3080903350155495,4.262970623099136
7,23,-1.2257788084134518,-4.746810113917945
8,23,-1.2257788084143613,-4.746810113917945
9,23,-1.2257788084134518,-4.7468101139184
10,23,-1.2257788084134518,-4.746810113917945
11,23,-1.2257788084143613,-4.746810113917945
12,23,-1.2257788084134518,-4.746810113917945
13,23,-1.2257788084134518,-4.7468101139184
14,23,-1.2257788084143613,-4.746810113917945
15,23,-1.2257788084134518,-4.746810113917945
16,23,-9.985128026874918,-20.781794809050098
17,23,-12.241407872762466,-31.686817033774332
18,23,-11.138295503128575,-22.66328545102442
19,23,-9.386252451249675,-15.439594235557252
20,23,-7.229329524393506,-9.618880038256066
21,23,-5.757987836672328,-6.917948761082243
22,23,-4.51842129983379,-2.044340117786305
23,23,-3.795030920569843,-1.2432911517375942
24,23,-3.9168765168924438,-1.1029930112486
25,23,-4.724934001554175,-3.0806332523911806
26,23,-4.741169376185098,-0.3571610827675613
27,23,-4.605630319081683,2.530412244791478
28,23,-4.712228647782467,3.8569968422325474
29,23,-4.680154682129796,2.119942415890364
30,23,-4.292296179319237,5.131543685058659
31,23,-4.184128198851795,6.066480188440437
32,23,-4.444302624726333,6.96255599966571
33,23,-4.451478671026962,2.9307843260980917
34,23,-4.65547840814088,4.197952037287905
35,23,-4.762994223772694,2.167510737626799
36,23,-5.23632450165951,2.854530356856685
37,23,-5.283979927948167,1.4449641166529545
38,23,-6.314820604128727,2.735448782554613
39,23,-5.7212002047645,6.991254202185701
40,23,-6.011561878105567,6.665054265386061
41,23,-6.244459137416925,3.4282589168624327
42,23,-16.631701897693347,-8.743135057685322
43,23,-14.89018306129401,-7.2009766756491445
44,23,-13.117589716420298,-6.2992092012864305
45,23,-12.509180863779875,-8.295657865880457
46,23,-10.670046370659293,-8.721001653916574
47,23,-8.893315372481084,-3.94493496718178
48,23,-8.082820738290138,1.573187776253235
49,23,-8.685521643269567,1.5901744698489892
50,23,-8.43378888684947,0.129390796867483
51,23,-8.030410171611948,-2.9541007893535607
52,23,-8.110191602461782,4.728496856137099
53,23,-6.351685638263007,10.665640186248766
54,23,-8.135685666052268,6.410431109522506
55,23,-6.170937815709294,7.149368974732624
56,23,-6.217322232507286,2.1993048154477037
57,23,-5.271126185909452,6.246237797202866
58,23,-5.828793848230816,8.13799151716512
59,23,-5.11399420951966,6.68502481613541
60,23,-5.187628699170091,2.567289273784354
61,23,-4.107562246425914,3.6114217408444347
62,23,-5.759939865776687,2.1691991469447203
63,23,-6.373616837772715,-0.5753779199844757
64,23,-6.107564494244798,-2.0389285908067905
65,23,-5.7109663475876005,6.115821677766235
66,23,-5.666481966954052,11.130914975788073
67,23,-7.514800110564465,10.814860982676237
68,23,-5.752966626734633,13.074874197568533
69,23,-4.844578049746815,12.249565044397059
70,23,-5.726648468382336,8.017081015876101
71,23,-6.390901076722912,11.47232499242773
72,23,-5.460639731089941,12.04410614288372
73,23,-4.68717468288105,12.201554112038139
74,23,-4.354009235164085,13.494922476386819
75,23,-4.243876772125077,8.933965194723896
76,23,-6.482895997563901,3.825848030549878
77,23,-6.51933619200463,2.566132555788954
78,23,-9.368780021977727,0.45222079208042487
79,23,-10.89115023017348,-1.1204161564191963
80,23,-7.706335284146007,-0.8533923786071682
81,23,-5.899003700160392,1.598996658001397
82,23,-5.557835174809952,1.9586152348197174
83,23,-4.073103535442897,-4.8520952582412065
84,23,-4.9770030415566,5.12083913415745
85,23,-4.093749094729901,5.122647653066451
86,23,-3.010237434395094,4.433645879021242
87,23,-3.9836345646199334,-1.4516428206825367
88,23,-4.88850220972563,3.727696897905389
89,23,-6.141278380634503,6.235309811072057
90,23,-7.068581050836656,-5.483285544738919
91,23,-4.718258273976971,-7.646869816545859
92,23,-7.163449243312243,-4.683481028728238
93,23,-6.1589347260041905,-11.44251075903594
94,23,-4.646654638822838,-12.556537951912105
95,23,-4.971511872220617,-12.815690806251041
96,23,-4.936632153512619,10.356439337553638
97,23,-6.950802924377967,9.772580046630083
98,23,-7.898947404783939,9.699781069952223
99,23,-9.643762600290756,9.92688788732039
100,23,-9.222267633931551,4.149075653184809
101,23,-10.995787681199545,3.442181304915721
102,23,-10.770455519599636,3.7541215685532734
103,23,-9.72805695669831,5.366230299309791
104,23,-8.522119730467239,5.766066877467438
105,23,-8.17585714834604,6.410801056602395
106,23,-8.816122410906246,8.328219048529263
107,23,-8.004282115359274,4.282362385268698
108,23,-9.10980244457005,1.4833985985551408
109,23,-8.56659093086455,0.5352212662060083
110,23,-10.113960320891238,0.5579528850307724
111,23,-10.199820841536166,-1.1009321980268396
112,23,-9.532005333246161,2.391610401790331
113,23,-11.182675208991895,1.7804459848957777
114,23,-10.653909647450746,1.1560876513149196
115,23,-10.842667555937624,-0.3283525836491208
116,23,-8.894769103757426,3.9719015821583525
117,23,-9.497581349800384,4.687842262603681
118,23,-11.9413659280699,1.968451196620208
119,23,-12.008045118795053,2.1344669151121707
120,23,-11.80836137454753,2.2970134907950523
121,23,-9.833967324448167,5.09972985328568
122,23,-10.290221856286735,0.5529796418859405
123,23,-8.305289128312324,1.6482860814762716
124,23,-7.410016028214159,3.7959988100269584
125,23,-8.05695690707762,6.183181890956348
126,23,-7.864735243509131,10.220353836948107
127,23,-9.99893614348548,7.394966890524302
128,23,-7.811656528266212,5.318796510248376
129,23,-8.7747951570027,8.231459051581623
130,23,-10.556942532301036,4.893513270410494
131,23,-9.796879887585419,3.130257019697183
132,23,-9.186989730956157,1.563526198204272
133,23,-9.19822919267699,5.651979174414464
134,23,-9.769842405855343,8.29185278115392
135,23,-8.400371679143973,12.826735448833915
136,23,-7.0971677315919806,7.085792809617033
137,23,-7.26168991362556,4.995240148554785
138,23,-7.670114926298993,7.292526927009931
139,23,-2.7241191437642556,11.04904485941779
140,23,-9.373478410418102,4.259720228202241
141,23,-8.83574571423378,6.197982047410733
142,23,-8.09772022389734,6.246309906033275
143,23,-7.977694541336859,7.845641741013424
144,23,-7.7743628411508325,4.153323344930413
145,23,-7.1388531444772525,2.63936075062702
146,23,-6.4321959994604185,3.7428253659891197
147,23,-7.086205453271759,2.690854508126904
148,23,-5.289417299660272,6.3547224704307155
149,23,-4.219725561474661,1.9921828298834043
150,23,-3.939069459055645,7.609931767561193
151,23,-3.451782144057688,4.573972785549813
152,23,-3.9438908747233654,7.161483730254531
153,23,-3.636331252412674,7.288411210632148
154,23,-3.851976182283579,7.885765894381166
155,23,-3.1200845015127925,7.2273152588500125
156,23,-3.121669665381887,6.285453212199172
157,23,-3.7507129686773624,0.5852704380167779
158,23,-2.7126541581283163,0.4073738275710639
159,23,-2.724928535966683,1.3927164264018757
160,23,-1.9925015751969113,3.758744914897761
161,23,-3.4699438671532334,0.764967591104778
162,23,-3.1670391891748295,1.5743682262914263
163,23,-2.5621896103466497,2.2164471279911595
164,23,-1.8452295417773712,5.412772369141749
165,23,-2.1126999547268497,6.684045864756172
166,23,-3.351982159975705,5.0208612309265845
167,23,-3.440480205626045,7.149802199085116
168,23,-1.2590302615353721,11.094691705626246
169,23,-1.225053133702204,10.421405824903559
170,23,-3.8029481838966603,-0.14059956980781863
171,23,-2.4445111309933054,0.21858789064208395
172,23,-2.674748466737583,-2.85763972765335
173,23,-2.035184978534744,-1.1564715001468358
174,23,-1.671633779473268,2.511152525124089
175,23,-2.406194717021208,1.7248925665912793
176,23,-3.2262250531175596,0.8446016250873072
177,23,-3.186985807667952,0.9842797349137982
178,23,-3.385567351707323,1.1273922877485347
179,23,-2.601923312378858,0.9286958113107175
180,23,-2.9465422238472456,0.6620981368560024
181,23,-3.127322233644918,1.2579643333397144
182,23,-2.74373451138581,2.0698166025208593
183,23,-3.3651100000070073,0.44190711106011804
184,23,-3.350051962314865,1.585131530945091
185,23,-3.349146365989327,1.8715871537388011
186,23,-3.9135140374628463,0.3282740497652412
187,23,-3.3442719231979936,0.9696779122305088
188,23,-3.2294456163399445,2.080296415045268
189,23,-3.5582293032375674,-0.37466663338000217
190,23,-3.564051031944473,-3.1825054035375615
191,23,-3.1235279514648937,-3.1154058910037747
192,23,-0.2953147895896109,3.1775314340629848
193,23,-3.1650620062100643,-4.493025186250179
194,23,-2.724304010213018,-4.038563618268654
195,23,-3.544773598328902,-5.040686942239972
196,23,-3.357592925096469,-4.182876216763816
197,23,-3.346895157365907,-1.0819147743832218
198,23,-2.1292043085313708,-4.803932843386519
199,23,-3.0247846765632858,-5.81049846859969
200,23,-2.4880392407976615,-0.953797413119446
201,23,1.0395558556747346,-1.5478632352628665
202,23,-0.04150458294679993,0.8118347279532827
203,23,-0.18405075323880737,1.7498146545572126
204,23,-2.0821190290262166,-3.7845927479797865
205,23,-2.561282694493457,-6.431013449818693
206,23,-2.187671905479874,-3.2584863944930476
207,23,-1.817416743198919,-3.2650232001287804
208,23,-1.9356124350097161,-3.520301093841681
209,23,-1.4304422416971647,-3.1026021910793133
210,23,-1.9199012022882016,-6.054599351848083
211,23,-1.8062392527608608,-5.187505657334441
212,23,-1.7004217631474603,-4.8238768466103465
213,23,-1.6807140589035043,-5.494558102137944
214,23,-0.8112507821624604,-3.2940189242563065
215,23,-0.865234162147317,-1.3860716138174212
216,23,-0.34968280473458435,-0.5526794872353094
217,23,0.15071692256788083,-1.3543028344956838
218,23,1.699533520478326,0.11408323278374155
219,23,1.742880387090736,-0.7671239431242611
220,23,1.8060017404732207,-2.1493851157265453
221,23,1.5988514892733292,-5.326290740375953
222,23,0.9966191704297671,-9.479916818327183
223,23,1.1080076914995516,-9.691978130489588
224,23,2.139949982202779,-10.70127581401539
225,23,1.9109364906844348,-9.00081207761059
226,23,1.3977966864968039,-7.937987982064897
227,23,0.6301867318106815,-7.020273696689856
228,23,0.37240675832526904,-8.086994082098045
229,23,0.24236186651614844,-4.980487702891878
230,23,-0.6374460897422978,-3.533962242047437
231,23,-0.11436149609471613,-2.629012338211851
232,23,0.4880004660662962,-2.375006919043244
233,23,-0.7620887458588186,-5.575480253684873
234,23,2.398695818456872,-6.315917721049118
235,23,2.254631405476175,-8.696372099461769
236,23,3.0558855861054326,-5.070761959304946
237,23,2.134229175971086,-7.4376974211104425
238,23,0.5963894185579193,-11.737769435825612
239,23,-2.602522188628427,-10.192180555433424
240,23,-1.8887848551012212,-5.798978708445247
241,23,-1.9225529791892768,-6.794800080002005
242,23,-0.5527142913942953,-5.546241078350249
243,23,-0.03506914918852999,-3.6248017011675984
244,23,3.111906526560233,-0.646593380903596
245,23,2.3665348233116674,-3.3677055118114367
246,23,1.224955301031514,-7.084979982881123
247,23,2.114847989352711,-6.792161713505266
248,23,1.0507330140953854,-9.472129225609933
249,23,-4.13703818346039,-10.055014582157582
250,23,-3.7966408286802107,-15.71595300931449
251,23,-3.508229078878685,-13.850752611459939
252,23,-2.539046230036547,-12.224271439712993
253,23,-1.7654333731561564,-10.867784308904902
254,23,-0.9417608737612682,-10.039197823150062
255,23,-1.2366614054490128,-10.998236842224287
256,23,-0.18655896661857696,-9.137072685328349
257,23,0.2763423120013613,-7.470257713258434
258,23,0.6618485995122683,-5.050739470037115
259,23,0.22208278247762792,-3.46582660876129
260,23,-0.5929699723437807,-4.263189272529871
261,23,-1.08863706534612,-4.9359411527570956
262,23,-1.6356731937066797,-7.4452512134089375
263,23,-1.9807995186265543,-11.065047499339016
264,23,-2.2503362129136804,-9.804757089536452
265,23,-1.487932759123396,-9.972131662752872
266,23,-1.040928416025963,-7.692236461082302
267,23,-0.5956639056466884,-6.698291929536936
268,23,0.25702923667722644,-5.733001982850055
269,23,-0.011379532111277513,-4.090645925238732
270,23,-0.38112875437036564,-2.868215585526741
271,23,-1.4907680231617633,0.245816141342857
272,23,4.6878395403527975,3.4073456385999634
273,23,-1.5208453497143637,-3.573425504687293
274,23,-0.5564868493675021,-3.265858045738696
275,23,-1.9734179113729624,-3.2710414525399756
276,23,-3.8056945743373944,-9.237336058438359
277,23,-2.8143546499522927,-11.039846651226526
278,23,-2.0726391468360816,-11.396860764381927
279,23,-1.561545035715426,-6.029042730547644
280,23,-1.5550097905488656,-11.410450561634207
281,23,-2.1596987142529542,-9.017256623169033
282,23,-0.9095112230334053,-6.182441505479801
283,23,-1.0837354615405275,-8.272723766903255
284,23,-1.854488722710812,-8.460199611495682
285,23,-1.9797751488922586,-8.07965581800272
286,23,-1.6874371459889517,-4.394217555126488
287,23,-0.6040286324741828,-5.086801970539
288,23,-1.4943542197079296,-4.53040496775202
289,23,-2.7806726228436673,-9.290047752635019
290,23,-2.8041818502015303,-12.46381479809861
291,23,-1.644481795653519,-11.760000452610257
292,23,5.23964785753742,-0.9317587420127893
293,23,5.28408707174367,-1.5372205504504564
294,23,5.405194319396287,-2.150646876014889
295,23,-1.343782549851312,-9.759055452788289
296,23,4.302317925757052,-2.8774923433397817
297,23,-2.145606771408893,-10.365179880131109
298,23,3.723275799486146,-3.858123014405919
299,23,-2.114746961932724,-11.31441703048813
300,23,4.480604725615194,-2.6017544969754454
301,23,-0.5294002742166413,-8.912377416310846
302,23,2.3574190693425408,-6.494798155633362
303,23,-2.808499122916146,-13.699601500950394
304,23,-1.6881146479736344,-9.961355021131112
305,23,1.9382721759620836,-0.9677994002240666
306,23,2.6931419652028126,2.634362358189719
307,23,2.1808461995351536,1.3883608078444922
308,23,-1.8932490524257446,-3.2222047816244412
309,23,-2.3830285380172427,-4.5095017057287805
310,23,-1.852955769176333,-6.2212562562926905
311,23,-1.6310705344949383,-4.527508023248174
312,23,-1.9251602330623427,-6.469650551329778
313,23,-1.2465484556141746,-5.082094981189584
314,23,-1.5008336959081134,-4.106967763074408
315,23,-3.549769334543271,-9.884833774670824
316,23,-4.353130968025653,-13.762715661353923
317,23,-2.699968208798964,-10.00174306042527
318,23,-2.063355862377648,-9.265108256592157
319,23,-1.4156497136591497,-9.71250994190541
320,23,-1.2279529160878155,-8.326805731101103
321,23,-1.2431733718467513,-6.908375534977949
322,23,-0.7679963177797617,-5.5506553844165865
323,23,-1.0028515709554995,-2.5105948877812807
324,23,-2.217979036048746,-7.419548151258368
325,23,-2.500402434393436,-8.548652950069027
326,23,-3.0534077124875694,-9.142409692492038
327,23,-2.7478572756972426,-10.478374669774439
328,23,-2.2323005159305467,-8.820192403398778
329,23,-3.7255237794342975,-12.873806235068969
330,23,-1.6187305168905368,-6.34562096010859
331,23,-2.724236271913469,-10.610580379759995
332,23,-1.2537844567605134,-7.94120476199123
333,23,-0.2485377285274808,-2.294098756432959
334,23,-4.389766579712159,-17.213386032575727
335,23,-3.766746243220041,-17.049633998140962
336,23,-3.3899107916877256,-13.971266167782233
337,23,-2.5612177939847243,-10.69971423545121
338,23,-3.098923138756618,-10.828528828323215
339,23,-3.2591648321249522,-10.424347152790688
340,23,-2.576835973923153,-8.533307974281342
341,23,-1.898054004259393,-2.421450257078959
342,23,-2.1307062442137976,-4.132313500543205
343,23,-3.296970631604381,-10.926768968955457
344,23,-6.536810504636378,-20.403640511751746
345,23,-4.92172413418848,-13.777919922783894
346,23,-4.723232054176151,-12.202285883792683
347,23,-5.2223327057263305,-14.72195939510948
348,23,-5.7473238061966185,-15.507868324526498
349,23,-4.111200108070079,-10.69232615135661
350,23,-4.542544897527023,-11.745665531869236
351,23,-4.720360114356936,-12.585156244045265
352,23,-5.883347478703399,-15.327004544046758
353,23,-5.647613733584876,-10.881706223152378
354,23,-5.712616686989804,-7.027581683370499
355,23,-6.3379428030966665,-5.986296684278841
356,23,-5.437313958462255,-3.060058944549837
357,23,-4.766138077020059,-11.839275103116506
358,23,-4.953624297608258,-16.436856156534304
359,23,-7.016002967007353,-10.164321984104845
360,23,-6.186253297406438,-11.566858893999324
361,23,-2.9400141346627606,-7.227434086902122
362,23,-2.088192486293792,-5.9477252426950145
363,23,-5.444391279156662,-9.868229309231083
364,23,-5.21370080348288,-9.543377787882946
365,23,-3.6501442193462026,-8.516060155523974
366,23,-3.951793768600055,-12.56152154049687
367,23,-4.136747700389151,-8.298244701700241
368,23,-3.5155916143708055,-6.679848230819516
369,23,-4.872742621390898,-8.435242630640914
370,23,-5.163203614860777,-14.319694695389899
371,23,-7.549518915870522,-18.24987422891627
372,23,-6.510531532049299,-13.422040044206824
373,23,-8.360542302681097,-11.916688638272717
374,23,-4.078244884609376,-8.81309311459836
375,23,-5.511494249880798,-4.678978969484433
376,23,-10.369908390295222,-7.067932151072
377,23,-8.577251813111161,-9.831457608927394
378,23,-6.779147566410302,-13.70442112334058
379,23,-6.264825314583504,-19.528168501845812
380,23,-6.655943182699957,-14.894760238748859
381,23,-4.800576975943841,-12.336636877282217
382,23,-4.398643995218208,-7.757851912028855
383,23,-0.9127077473831378,-8.020830353500514
384,23,-2.511797063864833,-2.9103851649579155
385,23,-1.0942695081739657,-7.4132977602530445
386,23,1.9298755170480035,-4.940634231575132
387,23,8.366415680368391,-22.422232744183475
388,23,6.283164647256399,-18.784442812830548
389,23,4.3252864107635105,-11.462486223109408
390,23,5.272171242881086,-7.700150047792704
391,23,2.6585940500649485,-15.120815904925621
392,23,4.843467145173236,-15.176833147913385
393,23,8.865491375855527,-16.425239430061083
394,23,7.177347847788951,-20.626674487302807
395,23,10.392652314888437,-9.084682590303146
396,23,8.595753293966936,-10.073207138947964
397,23,8.375963749321272,-7.8509437487387
398,23,9.173199840401594,-7.0102334848265855
399,23,7.498229077666565,-3.559629147222495
400,23,7.258544686299956,-4.974956670193933
401,23,4.883174005103228,-4.909862303600221
402,23,3.3987117533361015,1.6844372460527666
403,23,2.3403949081825886,-0.18050003502321488
404,23,2.9546072458383605,0.08361632773176098
405,23,4.225943359388566,-4.528046281418483
406,23,8.478157753044798,-4.189590239271183
407,23,5.957665908352283,-0.931688038793709
408,23,4.176928000191765,1.2639388930670066
409,23,3.209038293458434,-0.4239039266471991
410,23,3.7836768401066365,-0.8476885488225889
411,23,4.392489843021394,-4.351980782100327
412,23,4.400611452448629,-3.980277678519087
413,23,5.005505951695795,-5.2491776143542666
414,23,6.21827780184185,-7.358563694966506
415,23,5.290012111001943,-8.871560554756343
416,23,4.406926713406847,-12.835794487074963
417,23,4.0733711289844905,-11.391590663732586
418,23,6.042047855942656,-10.160760989147093
419,23,5.114686991786584,-12.192268595108999
420,23,5.391059931426753,-9.156056618171988
421,23,7.316271776402573,-9.595657736530029
422,23,7.496357948408331,-0.3384840632134001
423,23,6.605031422693173,-0.45157040443928054
424,23,7.237749294641617,-2.159835812626625
425,23,6.626701958306512,2.187761396247879
426,23,6.6073461176729325,1.3889025320991095
427,23,7.341699761812379,-1.9982742779579894
428,23,6.496318006080401,-0.3822544840595583
429,23,7.109046979541745,1.2360913963657367
430,23,4.7809176637219934,-0.1397717016329807
431,23,4.855951413686853,-2.84622819396418
432,23,1.745730609637576,-1.7057672832929711
433,23,3.0471619172567443,-4.267949117792341
434,23,3.2830752270820085,1.3885054334737106
435,23,3.397949175121539,0.7102548230918728
436,23,5.841204316739095,2.1492344562143444
437,23,5.812471015811752,-0.4821054535159419
438,23,4.524434046303213,-1.014670261149604
439,23,4.561598743788636,-1.2662334497599659
440,23,3.914722613851154,-0.3338033173981785
441,23,3.5194127181966905,-1.9094251034102854
442,23,2.989337753863765,-0.09798298993655408
443,23,2.985639617470042,0.8972932908172879
444,23,2.778952017903066,-0.842388604957705
445,23,1.096928152827786,0.9502186020636145
446,23,2.7485430662873114,-1.5470813378287858
447,23,3.5729032376784744,-4.076485544499064
448,23,2.121074590633725,-6.806773910599986
449,23,2.0332968691081987,-1.194000332241103
450,23,3.7340483660436803,1.6656872123280664
451,23,4.4175539367324745,-3.807703381457941
452,23,20.655301563388093,10.356395640304981
453,23,18.876639632405386,14.493736297096802
454,23,2.482214454044879,2.4556392787053483
455,23,17.38976906519474,9.390489701254864
456,23,15.84913974229039,4.8623974173501665
457,23,14.840688964926812,0.7082484092416053
458,23,13.37937980190236,3.987250835191844
459,23,12.513275445860927,1.2617240289705478
460,23,11.3016326457564,-0.9313117069277723
461,23,10.737084553311433,-1.0790435595026793
462,23,8.87831068585183,3.799058429203342
463,23,7.665749618631708,2.9616555677903307
464,23,5.264842625003439,3.2074110284888775
465,23,4.634514852397842,2.596474068819134
466,23,4.687671600564499,2.1675268196490833
467,23,2.9464003258308367,4.178914554493531
468,23,2.867526552914569,1.4764183964462063
469,23,3.033061503853787,-0.5146230391792415
470,23,2.1916025802529475,3.4065187371211323
471,23,1.677897336760907,2.2376787929501916
472,23,0.23009771991746675,2.63067306196308
473,23,0.34412029208033346,4.089420648766918
474,23,0.6250946021382333,0.38325384161043985
475,23,0.9049043568929847,4.676015585173445
476,23,0.7490406579918272,8.217013134990339
477,23,-0.12119036534386396,9.193451392053248
478,23,-1.0438223535466022,6.882871231908666
479,23,-0.8973930495094464,7.489694850637989
480,23,-19.841297869616938,0.01934991774851369
481,23,-18.19585386539984,-1.4866238679264825
482,23,-17.073423128703325,0.661701515481127
483,23,-15.604271371713367,-2.9158552406975105
484,23,-13.723687007875924,-2.309372845192229
485,23,-10.762541174184662,3.191334299378468
486,23,-9.053373997629024,6.624967739132444
487,23,-8.921100766710879,6.2187315001765455
488,23,-7.781403451180267,2.5289461628326535
489,23,-6.808422164161129,2.382978966592418
490,23,-7.493464114933886,3.8510309281109585
491,23,-5.876895785029774,-0.40737824539928624
492,23,-5.120590900345633,0.5615832970256633
493,23,-7.0278457899848945,0.9978071559808086
494,23,-10.210510501725366,5.3755615332947855
495,23,-9.670718795792709,2.7452292033190133
496,23,-7.461489078513296,4.445877628813378
497,23,-7.519387836337046,3.1318797587923655
498,23,-8.554554591067244,7.047165961585051
499,23,-6.37435055716378,1.4186076818300535
500,23,-6.175627475365218,4.355903552625932
501,23,-5.900663839000117,-0.659686889400291
502,23,-5.458269655716322,-3.797455443164381
503,23,-7.946334650639983,-6.2748941128920706
504,23,12.827366999772494,-0.7181935451208119
505,23,-10.118438230573702,-7.263538756394155
506,23,-9.63716671999373,-9.653692944800696
507,23,-11.305004099750477,-13.227774295282416
508,23,-12.95121588055008,-10.458892529747118
509,23,-12.549166900129421,-13.911133567256002
510,23,7.311949192481734,-5.559754567248092
511,23,6.076710671874935,-0.47464503671108105
512,23,6.549824939259452,-6.444852661919867
513,23,2.232033967139614,-2.202570145554546
514,23,2.7682840374418447,0.8078601097186038
515,23,2.7136181284286067,0.9673438142081068
516,23,3.1107599289125574,-0.7694685224892055
517,23,-1.6018422837487378,-7.288320776433466
518,23,-5.389487351187199,-8.917800538296888
519,23,-7.0617624288324805,-7.866749750410236
520,23,-9.523374497915938,-5.913535254572707
521,23,-8.159007554238997,-6.462351689418938
522,23,-9.098133727297864,-5.143884538833845
523,23,-10.005276701616822,-9.485008998154626
524,23,-12.499586712245218,-10.299673200593134
525,23,-10.978334970590367,-13.934505513942895
526,23,-14.740085720340176,-19.534555502731337
527,23,-14.409334367503106,-14.886762076455852
528,23,-14.136155402627537,-13.187981126939803
529,23,-12.578534681237215,-22.46404616332302
530,23,-14.43809886178633,-15.652271166276478
531,23,-16.662463455069883,-16.2246145407089
532,23,-29.74067840165617,-24.672206026507865
533,23,-26.50891392013773,-27.762932636856704
534,23,-28.963948832068127,-25.790667451893114
535,23,-28.73166767256089,-17.361993082758318
536,23,-22.460219943946413,-23.81502700805254
537,23,-22.687858219961527,-15.567084478976312
538,23,-22.327831085082835,-10.382236775406
539,23,-23.06548671226119,-7.075540427282249
540,23,-20.63418611080033,-6.7823430128376
541,23,-14.922062373966583,-10.7502693821923
542,23,-19.057457206618892,0.9830707857195193
543,23,-16.313153723885534,0.17466186691012808
544,23,-16.331979534206766,9.838384128699317
545,23,-20.191417535383607,2.258740590444404
546,23,-17.825224051809982,-6.478913825114432
547,23,-14.747643849001179,-4.160306653842554
548,23,-13.880450892857425,0.796357821305719
549,23,-14.075148210126827,-2.746544670151252
550,23,-10.821845862353712,-8.073273150030445
551,23,-10.197435084377503,0.39592857554453076
552,23,-6.960116501596076,-6.065917308944563
553,23,-5.992354329525824,-2.9910281208863125
554,23,-2.7083206819465886,-7.577532904926329
555,23,-1.0734111817469056,-3.80952080234988
556,23,-2.402627948294139,1.763671063972879
557,23,-1.0475283436489917,5.427004034936772
558,23,1.4376899859244077,9.562690140238374
559,23,0.260370713930115,10.090244172997927
560,23,-0.3893692968504183,2.947557898887453
561,23,2.5183086540546356,2.913797389950332
562,23,2.971353766370612,-0.6025552251985573
563,23,3.8721737469118125,-4.074830563623891
564,23,2.4514068428757128,-2.906763145120067
565,23,3.3345981877578197,-3.00144552017764
566,23,3.2263583522394583,-0.37692736402232185
567,23,4.026421732038671,-1.1953531227068197
568,23,4.322367473601389,1.0879506077474161
569,23,3.8270795409621314,0.8883062657489518
570,23,5.7260940224564365,4.437138299528442
571,23,5.507854672233407,0.8435848051042285
572,23,5.622225149382757,-0.5957943335374694
573,23,6.304327575611296,-1.2178594260515183
574,23,3.7867715584379766,-3.8161979071774113
575,23,3.211910991919922,-5.914415356985728
576,23,4.54844800148112,-3.9777603725615336
577,23,5.10836476134682,-5.139965659050176
578,23,8.168353054766158,-4.556751094303536
579,23,8.274430501840015,-4.00089379276892
580,23,7.743701955389952,-3.8587261151528764
581,23,7.007860372784307,-6.097877071705625
582,23,7.841450928370705,-4.3823892541670375
583,23,10.320585577269867,-4.167390398828047
584,23,11.180503379329366,-2.157385935928687
585,23,9.579538486828369,-3.1549372039714854
586,23,9.2774398947995,-3.2936076709115696
587,23,8.492309714750718,-4.426063870335838
588,23,6.695055783170119,-1.001313849700182
589,23,5.941548815490023,-0.8609236778993363
590,23,5.880205237302107,-2.173359679561372
591,23,5.767254846488868,-2.791078629006279
592,23,5.794705167609209,0.5280163781569627
593,23,4.357310838668582,-2.971242729885944
594,23,7.205943349952122,-0.11159258100269653
595,23,6.790289427737207,1.9838200889364543
596,23,7.016959336799118,1.924743804591344
597,23,7.028381264438394,0.5484621417108428
598,23,6.652404231955643,2.959360920705649
599,23,4.26897518152191,5.345828142942992
600,23,3.1838772215787685,8.729501934527889
601,23,4.55324299538961,7.533480000046438
602,23,4.358565979770447,12.758013905732923
603,23,4.538679605513607,7.665882979742491
604,23,3.3071378296422154,10.060104644535159
605,23,4.031497211998612,10.102609198835353
606,23,3.283110345330442,8.674810908771633
607,23,3.0535147043178767,0.21229750069346665
608,23,4.3142653992108535,5.442395761623175
609,23,4.280325917506161,5.081282974038686
610,23,3.7907133309208803,3.7029024374166966
611,23,5.692246753280415,1.3162367036240994
612,23,6.7316631062085435,-1.6711158210614485
613,23,6.37871918844985,-1.9175274645876925
614,23,10.018764254517464,-0.23619793599323202
615,23,0.8792986300445591,0.5966650129496429
616,23,0.8792986300450139,0.5966650129498703
617,23,0.8792986300445591,0.5966650129496429
618,23,0.8792986300445591,0.5966650129496429
619,23,0.8792986300450139,0.5966650129498703
620,23,0.8792986300445591,0.5966650129496429
621,23,5.662229815884984,-25.06089963634463
622,23,7.0034443864824425,-28.18062685261316
623,23,9.58782606101795,-7.348185944242232
624,23,8.504566909293317,-3.9203823125772033
625,23,7.499618378915784,-0.8967491010619142
626,23,8.783932745613129,-0.5389767945719086
627,23,9.91408130535865,-2.709507100180872
628,23,12.017307189216353,10.403025186403966
629,23,13.160520834342606,13.902072552838263
630,23,10.567472373444161,20.141592664688233
631,23,10.082448441903125,14.960491906967718
632,23,10.21653089645497,12.70110998981363
633,23,10.313411226501103,8.515140083040023
634,23,9.907130609774867,8.838635230568343
635,23,9.43650210198075,3.513626218909394
636,23,9.640865315611336,2.572489770144557
637,23,10.298722173520673,-5.246059610753036
638,23,9.002174549744723,-0.5520140698899922
639,23,10.680121041452367,4.291714571931607
640,23,11.405276353173576,-3.1568336242603436
641,23,10.368587419230607,-2.7969184580460933
642,23,9.593885579619382,1.6854024173862854
643,23,9.352820492046703,-3.0687041914825386
644,23,24.92017711396238,13.563306379523965
645,23,21.6410591936974,15.007584855842197
646,23,22.659364706467386,6.519059579823534
647,23,22.175551415217342,1.5467791285407202
648,23,17.94551188283367,-5.867998792295111
649,23,17.946059472593333,0.5637246024273281
650,23,17.789381399293234,9.286442145938963
651,23,14.280977676631665,4.73024955738515
652,23,14.626791511883312,3.2259665765911905
653,23,11.106332191326146,0.6317264376725689
654,23,7.392209407890732,-6.180634994130969
655,23,7.266369010681046,4.320802685414719
656,23,-22.890411921900522,-8.004347052871026
657,23,34.24136745413216,-19.082173945298337
658,23,32.07726338804423,-15.811487712735698
659,23,26.532869400331947,-12.25472239620126
660,23,23.2751117124335,3.6742852880315695
661,23,19.536215461357642,6.612521368442003
662,23,11.039467079644055,-0.48641900113466363
663,23,-13.35428042386593,11.69197553774029
664,23,-11.050100408504477,-5.813212351635457
665,23,-14.449400186877028,-17.424866696293293
666,23,-13.114629843149487,-9.753224663855917
667,23,-10.128891818063494,9.594381820777699
668,23,-5.954463992491583,1.3037427561062032
669,23,-3.8654454904599334,-6.070566579352317
670,23,-3.0016084373337435,-1.9642732635225002
671,23,-6.84356414605918,2.5975864669612747
672,23,-3.053489936440201,-0.7463409115478044
673,23,-2.9534302220690734,-0.9294233296741368
674,23,-1.602943197373861,11.03256190844877
675,23,-1.854123877407801,24.83464274568837
676,23,-5.662568301268948,-3.5691464742653807
677,23,1.3317587962783364,6.495605549153879
678,23,1.3317587962783364,6.4956055491541065
679,23,1.3317587962774269,6.495605549153879
680,23,1.3317587962783364,6.495605549153879
681,23,3.1937067282242424,19.30640838816339
682,23,-3.3254807263920156,16.433769075976898
683,23,-3.3254807263920156,16.433769075977125
684,23,-3.3254807263920156,16.433769075976898
685,23,-2.0024336604628843,13.136275464595883
686,23,-2.002433660461975,13.13627546459611
687,23,-2.0024336604628843,13.136275464595883
688,23,-9.781487872099206,15.823808994031879
689,23,-9.641364381313906,18.198449929774597
690,23,-13.807602185668657,-11.624232064614716
152,94,7.990359961962895,14.336214104402188
153,94,0.6887231643427185,4.58946070945467
154,94,0.6887231643429459,4.589460709454215
155,94,1.6812740003367708,0.8675383683266773
156,94,1.6812740003365434,0.867538368327132
157,94,1.6812740003367708,0.867538368327132
158,94,1.6812740003367708,0.8675383683266773
159,94,1.6812740003365434,0.8675383683266773
160,94,1.6812740003367708,0.867538368327132
161,94,-0.04608554788615038,-0.11352656978306186
162,94,-0.04608554788615038,-0.11352656978306186
163,94,4.575358784579521,1.7748019203932017
164,94,-0.03709641993691548,-0.2879795110034138
165,94,-0.03709641993691548,-0.28797951100295904
166,94,-0.03709641993691548,-0.2879795110034138
167,94,-0.03709641993691548,-0.28797951100295904
168,94,-0.037096419937142855,-0.2879795110034138
169,94,-0.03709641993691548,-0.2879795110034138
170,94,-0.03709641993691548,-0.28797951100295904
171,94,-0.03709641993691548,-0.2879795110034138
172,94,-0.03709641993691548,-0.2879795110034138
173,94,-0.03709641993691548,-0.28797951100295904
174,94,-0.03709641993691548,-0.2879795110034138
175,94,-0.03709641993691548,-0.28797951100295904
176,94,-0.037096419937142855,-0.2879795110034138
177,94,-0.03709641993691548,-0.2879795110034138
178,94,-0.03709641993691548,-0.28797951100295904
179,94,-0.03709641993691548,-0.2879795110034138
180,94,-0.03709641993691548,-0.28797951100295904
181,94,-0.03709641993691548,-0.2879795110034138
182,94,-0.03709641993691548,-0.2879795110034138
183,94,-0.03709641993691548,-0.28797951100295904
184,94,-0.03709641993691548,-0.2879795110034138
185,94,-0.037096419937142855,-0.2879795110034138
186,94,-0.03709641993691548,-0.28797951100295904
187,94,-0.03709641993691548,-0.2879795110034138
188,94,-0.03709641993691548,-0.28797951100295904
189,94,-0.03709641993691548,-0.2879795110034138
190,94,-0.21396006862573813,-6.947137615600241
191,94,-2.5911029371598033,-3.4004525505383754
192,94,-12.101296766621772,25.141144312060078
193,94,-0.19559218559311375,-6.988407499381992
194,94,-1.1378459351781203,-11.852808603382528
195,94,1.7788127000296754,-3.8323357458280043
196,94,1.778812700029448,-3.8323357458275495
197,94,0.12936693448023107,0.38038322512829836
198,94,0.12936693448045844,0.38038322512829836
199,94,0.12936693448023107,0.3803832251278436
200,94,0.12936693448045844,0.38038322512829836
201,94,0.12936693448023107,0.38038322512829836
202,94,0.12936693448023107,0.3803832251278436
203,94,0.12936693448045844,0.38038322512829836
204,94,0.12936693448023107,0.38038322512829836
205,94,0.12936693448045844,0.38038322512829836
206,94,0.12936693448023107,0.38038322512829836
207,94,0.12936693448023107,0.3803832251278436
208,94,0.12936693448045844,0.38038322512829836
209,94,0.12936693448023107,0.38038322512829836
210,94,0.12936693448045844,0.3803832251278436
211,94,0.12936693448023107,0.38038322512829836
212,94,0.12936693448023107,0.38038322512829836
213,94,0.12936693448045844,0.38038322512829836
214,94,0.12936693448023107,0.38038322512829836
215,94,0.12936693448023107,0.3803832251278436
216,94,0.12936693448045844,0.38038322512829836
217,94,0.12936693448023107,0.38038322512829836
218,94,0.12936693448045844,0.3803832251278436
219,94,0.12936693448023107,0.38038322512829836
220,94,0.12936693448023107,0.38038322512829836
221,94,0.12936693448045844,0.38038322512829836
222,94,0.12936693448023107,0.38038322512829836
223,94,0.12936693448045844,0.3803832251278436
224,94,0.12936693448023107,0.38038322512829836
225,94,0.23068092893186076,-0.260610879124215
226,94,0.23068092893186076,-0.260610879124215
227,94,0.2306809289316334,-0.26061087912466974
228,94,0.23068092893186076,-0.260610879124215
229,94,0.23068092893186076,-0.260610879124215
230,94,0.23068092893186076,-0.260610879124215
231,94,0.2306809289316334,-0.26061087912466974
232,94,0.23068092893186076,-0.260610879124215
233,94,0.23068092893186076,-0.260610879124215
234,94,9.770830293245126,-1.217548355107283
235,94,5.048416529582937,0.37420338108722717
236,94,5.04841652958271,0.37420338108722717
237,94,5.048416529582937,0.37420338108722717
238,94,2.5170624812917595,-0.7655306588935673
239,94,2.5170624812917595,-0.7655306588935673
240,94,2.5170624812917595,-0.7655306588935673
241,94,2.5170624812917595,-0.7655306588935673
242,94,2.5170624812917595,-0.7655306588935673
243,94,11.809030990435758,-1.675904029042158
244,94,8.365558252674646,-1.131328749514978
245,94,8.365558252674646,-1.1313287495154327
246,94,4.058615097542997,-4.0676152705382265
247,94,4.05861509754277,-4.067615270537772
248,94,4.058615097542997,-4.0676152705382265
249,94,29.31494406349225,-28.49029102426175
250,94,21.790466349478038,-30.680902535736095
251,94,21.649671053892916,-25.337467276925054
252,94,18.95359088130499,-21.372218625716414
253,94,18.483805585931123,-21.14707962879538
254,94,1.4942596810735722,-2.5663592885211983
255,94,1.4942596810735722,-2.566359288521653
256,94,1.4942596810735722,-2.5663592885211983
257,94,1.4942596810735722,-2.5663592885211983
258,94,1.4942596810735722,-2.566359288521653
259,94,1.4942596810735722,-2.5663592885211983
260,94,1.4942596810737996,-2.5663592885211983
261,94,1.4942596810735722,-2.566359288521653
262,94,1.4942596810735722,-2.5663592885211983
263,94,1.4942596810735722,-2.5663592885211983
264,94,1.4942596810735722,-2.566359288521653
265,94,1.4942596810735722,-2.5663592885211983
266,94,14.147373805837788,-27.354870037790988
267,94,5.5192747407256775,-12.67864047675721
268,94,5.5192747407256775,-12.678640476756755
269,94,9.536490230631216,-20.95951591293033
270,94,8.88870734554439,-15.379923460437112
271,94,4.843147461254375,-8.396563129581864
272,94,-14.214122606261071,4.932528169028501
273,94,5.697390629692791,-9.576219844606385
274,94,4.211972209658825,-10.541478388934138
275,94,1.0098286165950867,-6.5802314195370855
276,94,-0.1766823683565235,-5.311421898625213
277,94,0.9250003370680133,-7.162606181250794
278,94,-0.8743011972971999,-10.95277086744909
279,94,-1.225492356241375,-6.855366694161148
280,94,0.8478278739710277,-9.985584446475059
281,94,-0.8226876636219913,-7.1649983019588035
282,94,1.249971017732605,-3.96173663072841
283,94,1.334477057673439,-4.808848150290942
284,94,-0.8383420562361152,-4.522322274851831
285,94,1.354809710918289,-2.030737324880647
286,94,0.75757766101583,-0.5776990314116119
287,94,0.6340128388756057,-3.3029307062774933
288,94,-0.06158460379697317,-1.0357785821383914
289,94,-1.3108842293102043,-0.8104704516185848
290,94,-0.26713212228560224,3.3117845083188513
291,94,-0.26713212228560224,3.3117845083183965
292,94,-0.26713212228537486,3.3117845083188513
293,94,-0.26713212228560224,3.3117845083183965
294,94,-0.26713212228560224,3.3117845083188513
295,94,1.5713463849322125,-4.1643875428267165
296,94,-6.395449427004451,10.471115782513152
297,94,-0.9897420168374538,-8.66404534107187
298,94,-6.620855164995419,8.206939575729848
299,94,1.0292140438334627,-9.111372571757784
300,94,-5.903224614263536,8.043354428496514
301,94,-1.9425613046657872,-5.567931809021957
302,94,-2.851812110005312,11.0036610899283
303,94,-1.8329714774220065,-7.5871670063293095
304,94,0.33308848164233495,-6.820609182726912
305,94,-2.3305863724560822,4.318930716926843
306,94,-2.3305863724563096,4.318930716926388
307,94,-4.38117367030236,6.911257337608731
308,94,-1.738368997635689,-9.424243590885453
309,94,-0.48597321304669094,-5.9355344323912504
310,94,-0.6855576834234398,-7.849613418390163
311,94,-0.021396259537596052,-5.230849196700092
312,94,-0.8406637085311104,-5.002334874991902
313,94,-0.10315117994241518,-4.882582404627556
314,94,0.2943614182051988,-3.384709589472095
315,94,0.8163802014958037,-2.3681340929774706
316,94,2.3124903481068486,-1.6730768718216495
317,94,2.993090890844087,-2.6181973039579134
318,94,3.24184156807587,-2.5992738597756215
319,94,0.40079693846223563,-7.865202297638007
320,94,2.1545857226692533,-2.5198111306799547
321,94,-0.4778577695574313,-4.163637040244339
322,94,-2.764865544760596,-7.43924661879737
323,94,-3.9365203111892697,-5.446291540316906
324,94,-3.5772905031406026,-3.5391125729970554
325,94,-5.4840385895313375,-4.870289486747424
326,94,-4.9966866569293416,-2.7192648300092515
327,94,-5.66569030409164,-4.220795811363587
328,94,-5.802950827024233,-4.728514298087248
329,94,-5.561275662336357,-4.389121833349236
330,94,-5.813871413746483,-5.327577074775945
331,94,-4.578663825732974,-5.365370624468142
332,94,-2.894495680216096,-3.6177510612678816
333,94,-0.42799947774710745,-1.0656504981352555
334,94,0.3397368992475549,-0.024131211880103365
335,94,-2.087617489452896,-5.797314342786649
336,94,-1.8779260789435739,-3.779594056197311
337,94,-1.145712713502462,-2.749406306508263
338,94,-2.327817765327154,-2.4863202635174275
339,94,-2.383092592566072,-3.263404519078449
340,94,-2.4318295113473596,-4.6573162424670045
341,94,-2.5008750719384807,-3.3453750532480626
342,94,-2.1139962919110076,-3.414788469242467
343,94,-1.7467844942511874,-3.7768421681907967
344,94,-2.4154664173195215,-3.10622551282313
345,94,-3.2039158126515304,-3.3403974686507354
346,94,-4.620633660692647,-4.8480657353593415
347,94,-5.8895895707862564,-6.8057990138522655
348,94,-5.807611987401742,-7.002086686254188
349,94,-5.554181801493087,-6.89612334076719
350,94,2.082578216154616,-5.505569050275881
351,94,-5.083350376758972,-4.835522826853321
352,94,-7.686348412886218,-6.070594504953988
353,94,-9.209256122899205,-6.092129428442149
354,94,-11.357475836465483,-3.1781553837854517
355,94,-10.401115118112557,1.9358951607232484
356,94,-10.9919509840081,-0.9839233871898614
357,94,-8.324755564904308,-7.282658059704318
358,94,-7.500675202654975,-5.910736336920763
359,94,-4.322323142714595,6.727420165316289
360,94,-0.7633606183928805,5.945588177124591
361,94,3.027386215878778,5.832761421000669
362,94,-1.360918859026242,2.4577856677951786
363,94,-1.1300179182787815,8.514699182177537
364,94,-3.9776306403211947,6.774929065387823
153,5,-3.0424277750225883,2.6447039505619614
232,125,-3.6310394066586014,-34.45573990921275
233,125,-5.075898759894699,-37.78871386794799
234,125,2.1874617371904606,-4.389078181196965
235,125,2.1874617371904606,-4.389078181196965
236,125,2.1874617371904606,-4.389078181197874
237,125,2.1874617371904606,-4.389078181196965
238,125,2.150960612439121,-3.469806448685631
239,125,2.150960612439121,-3.4698064486865405
240,125,2.150960612439121,-3.469806448685631
241,125,2.150960612439121,-3.469806448685631
242,125,7.636376991695215,-17.47895174738096
243,125,8.948709014651286,-1.415191522666646
244,125,12.62638680132477,0.7469189371258835
245,125,11.725904621680456,2.337539467453098
246,125,9.077559276710417,-4.4981827281681035
247,125,9.364584013495005,-1.7238574130878987
248,125,6.929469553535455,-1.8050015602211715
249,125,-3.181724846966972,-15.737620414781304
250,125,-3.7777022652880987,-26.993783339861693
251,125,-1.4276478612864594,-14.931813226728991
252,125,-0.08858182574749662,-12.077022024488542
253,125,0.39666965503329266,-11.16629149075743
254,125,0.15963455851942854,-14.32859671807546
255,125,-1.604238690287275,-28.30280439359649
256,125,-1.423118999723556,-31.03063905298677
257,125,-0.8406078651187272,-27.692237273538012
258,125,1.9815150195408933,-13.539320404329374
259,125,2.911507164437353,-5.743769171276199
260,125,0.6473680165081532,-13.19601417271997
261,125,-1.557789198921455,-20.233206679665273
262,125,-4.71210084257018,-34.43159465651797
263,125,-5.777701293825885,-39.733947538394204
264,125,-8.171206032821829,-46.7781919940403
265,125,-6.25793785771657,-40.05126340970355
266,125,-4.6916924883080355,-30.716958427593
267,125,-0.1252504667691028,-9.652625354524389
268,125,4.255202915413065,9.276610548527515
269,125,3.4439988419762813,8.999876165126352
270,125,0.6161942716998965,-1.641475621806876
271,125,1.6296430515840257,9.64184026752946
272,125,4.731685821500832,-1.3464557161587436
273,125,-1.4732009111967272,-3.9788566852080294
274,125,-0.8932721957971808,-4.892336528793749
275,125,-0.18763600401871372,2.878567498252778
276,125,0.1931823584054655,5.370674729118491
277,125,2.6212418508039264,11.212399527868001
278,125,2.7559096078939547,10.09493446598026
279,125,1.752386892789218,7.456964384074581
280,125,1.3886903895163414,1.7376709505347208
281,125,1.2730971284954649,2.4369765479673333
282,125,0.8897820379133918,-1.7326859237396093
283,125,-0.08317251475000376,-7.6377571726993665
284,125,-0.10290045625242783,-5.536287543968683
285,125,0.14196527226704347,-3.6576098647806248
286,125,-0.5048646298391759,-4.253517535156334
287,125,-0.3962931172527533,-5.842395154798851
288,125,-0.6754851784444327,-4.41969725890749
289,125,-0.8041945850563934,-6.264028340345703
290,125,-0.13641442530388304,-5.268189420356066
291,125,-0.3992631412420451,-7.468808059846651
292,125,5.1470882991816325,-2.3930473528675975
293,125,5.29021522227049,-0.3265854999322073
294,125,4.425998498017179,-3.087466775858502
295,125,-3.6146919420389167,-16.003191611531747
296,125,1.9048090029764353,-11.31756106782359
297,125,-4.393955595211992,-17.34142731896918
298,125,2.074105563672674,-11.1872106985943
299,125,-4.4393597926728035,-18.310789236315486
300,125,2.395747633312567,-10.54396740119364
301,125,-1.3178171931658653,-14.239777624500675
302,125,0.7790959067879157,-14.930949074775526
303,125,-2.2968863908199637,-18.48158837579831
304,125,-1.358683694004867,-15.81137426994519
305,125,2.3903802457498387,-6.113266002083492
306,125,2.803674786989177,-3.5839262268696075
307,125,2.2930733352750394,-6.174503569570788
308,125,-0.5546852671877787,-8.761092972591086
309,125,-0.34136053562724555,-8.333960494116582
310,125,-0.5773177928176665,-12.81936027534357
311,125,-1.1440664038573232,-14.701007132815903
312,125,-0.8070412713868791,-12.356642523413484
313,125,-0.40606372313595784,-12.388369380233144
314,125,-0.35211418671588035,-10.845936984072978
315,125,-0.43457203647358256,-9.276972916435625
316,125,-0.415986059620991,-8.454418709802667
317,125,-0.08670946737311169,-9.891984159385174
318,125,0.7876804627094316,-8.506604933291328
319,125,1.2340161641423038,-10.763070842808702
320,125,1.5174182909449883,-8.194977106912575
321,125,1.1588412089267877,-8.950599239319672
322,125,0.40650932432436093,-15.621620979198724
323,125,0.9999022199090177,-10.167765612689436
324,125,1.0516749866537793,-9.203391200360329
325,125,0.8895289761003369,-10.476950614227462
326,125,0.982779877484063,-7.975764465175871
327,125,1.1703503283551981,-8.43425046670609
328,125,1.5118759431188664,-5.871954548803387
329,125,0.25214375269388256,-8.965216891415821
330,125,-0.8319010470486319,-15.465921497009276
331,125,-1.2632266755945238,-18.19732363585672
332,125,0.6463263500072571,-12.96236297218229
333,125,0.8717398484195655,-8.909902848948605
334,125,0.9785258065321614,-10.544396864860119
335,125,0.9654937282339233,-12.860133678906095
336,125,0.5832378526811226,-12.760654693938704
337,125,0.9694913094217554,-13.05044049302478
338,125,1.1823789123573079,-10.584242568974787
339,125,1.1745308090894468,-12.791793073039571
340,125,0.6058624742918255,-16.783814067914136
341,125,0.47639905737742083,-13.975898989363486
342,125,1.1314498854308113,-11.641541052929824
343,125,1.743985350359253,-10.805503794735614
344,125,1.6502260107818074,-8.104264127631723
345,125,1.1633576994363466,-9.105098708297191
346,125,1.0932597203100158,-9.688762755418793
347,125,1.156641436737118,-11.503078646890117
348,125,2.0744029191000664,-5.814790568728313
349,125,-0.5441851021823823,-20.824635729090915
350,125,-2.712540119113328,-19.90288732378076
351,125,0.05419763881491235,-17.03109160946724
352,125,1.6432629182154415,-13.028627935829718
353,125,1.501801395925213,-11.450040590199478
354,125,0.8958352445552009,-10.89045222527875
355,125,-0.07836119253079232,-14.033709222218022
356,125,-0.21595698849159817,-16.184642501189956
357,125,0.7995299320837148,-20.743139567293383
358,125,1.7304394665161453,-22.457463934531916
359,125,2.4600745597927016,-13.50710825653914
360,125,4.152987035367005,-6.895573887894898
361,125,4.991764669203803,-7.75821781320019
362,125,5.322732207301669,-9.444395359940245
363,125,4.811471592073758,-6.428472945054182
364,125,4.773107373564926,-8.50781908194358
365,125,4.864284976475574,-14.705445819594388
366,125,3.449977500276873,-22.727348581875958
367,125,3.5913701222534655,-16.855681663460018
368,125,3.692922048649052,-17.10623529806844
369,125,4.139668011204776,-11.909621091827375
370,125,3.8580495609039644,-14.83280897260147
371,125,3.7645941128639606,-11.388611197462978
372,125,4.194037636470966,-11.756033325610133
373,125,3.8900334864511024,-12.134152165055184
374,125,3.1994776003803054,-21.497663089330217
375,125,0.8890256823797245,-20.511049483848637
376,125,0.48228282913078147,-18.506320404661437
377,125,3.618310077315982,-15.869221586129697
378,125,6.989264047026154,-11.518351751843056
379,125,7.57217596314058,-11.806648902590041
380,125,7.468505047609142,-8.96817390225442
381,125,8.26770207404661,-6.8237147330423795
382,125,7.680114781888733,-6.114326429860284
383,125,8.358915127128057,-9.875471204299174
384,125,7.365923083348207,-7.937848966155798
385,125,6.622174850015654,-20.407742721531577
386,125,9.022706280151397,-20.65376761240759
387,125,11.48978120792981,-38.340972174076796
388,125,11.793273291663354,-22.776124907173198
389,125,11.421782882261141,-15.497515535750154
390,125,10.716589714013935,-22.923018137025792
391,125,10.543230599452727,-20.813315983384655
392,125,12.883593990855843,-11.895153324766852
393,125,13.727852169007747,-9.613486369943985
394,125,13.040105675564519,-10.875452912260243
395,125,14.028471782369706,-6.1836766130454635
396,125,13.458253678815709,-2.8736741647749113
397,125,12.57155275221885,-2.2415930153442787
398,125,12.516480981124914,-3.0748038388405803
399,125,12.36063374852074,-0.9659183057947303
400,125,13.892653829057053,-0.05681912059617389
401,125,12.99154373019428,5.5385251825518935
402,125,10.992445902887084,4.690980045719698
403,125,10.33496796007148,2.5296508633646226
404,125,9.396931168002993,0.22613534141828495
405,125,9.130121165275341,0.3723477009434646
406,125,9.971298516434217,-0.5145300714943914
407,125,9.054595589805103,1.930977549666295
408,125,8.111723314103074,1.2528121679856667
409,125,7.953990962495482,2.8607071875385373
410,125,7.7191077898951335,2.3767436221669413
411,125,7.4780375922237,-1.8783767856375562
412,125,7.305000284639391,0.5378725683690391
413,125,8.247252184364697,-3.683962542187146
414,125,8.591905175730972,-3.4538108711835775
415,125,8.184899613272137,-3.158031517099971
416,125,7.104996325415414,-2.122099015639833
417,125,5.750951998385062,0.6343607921044168
418,125,5.050186508903607,-2.455044945330883
419,125,4.3927456451765465,-1.7556974805406753
420,125,3.268592193308905,-2.2517548357245687
421,125,2.911335350659101,-4.351079406213557
422,125,1.9288122028892758,-3.128045386721624
423,125,1.3134075275229407,-2.7212602802351284
424,125,1.192624193598931,-1.3887509448709352
425,125,0.5558687048096544,3.249413610348711
426,125,0.911910855907081,3.746758639742893
427,125,0.6685545562331754,1.299472573244202
428,125,-0.0892627265639021,0.45848004836307155
429,125,-0.5580058636405738,-1.0439794879457622
430,125,-0.06680425511694921,1.787206988276921
431,125,0.27491993858711794,2.324466164376645
432,125,-1.266746871223404,0.7609309438767013
433,125,-1.0228561476524192,0.012134586178035534
434,125,-1.3963836141838328,3.791627582629644
435,125,-1.32763451849587,2.8140166752550613
436,125,-1.1617969217913924,3.830631162589725
437,125,-0.8008967958830908,6.1133198059060305
438,125,-1.32819941872458,4.279676207409921
439,125,-1.4195838648702193,5.319112269301058
440,125,-1.6458484788090573,7.361570731001848
441,125,-1.589299848265,5.593721115331846
442,125,-1.8380677189279595,5.42666466863966
443,125,-1.8316932516827364,5.7279804122727
444,125,-1.1892918043586178,3.547194303969718
445,125,-1.6110053247384712,6.140969644804045
446,125,-0.6975536378622564,4.072564441038139
447,125,-0.04890104287642316,0.7414709788658911
448,125,-0.1399312252888194,3.4093974710713155
449,125,-0.915523813902837,4.690505520208717
450,125,-0.39298078285537485,9.104683645187379
451,125,0.3630069209411886,7.801484101833012
452,125,9.183172618722892,12.269272806896879
453,125,8.06880446759169,12.857266527559204
454,125,-0.6987261680269512,6.569276321646612
455,125,7.714751987311502,8.079435179266056
456,125,6.880423444909866,5.324824953121151
457,125,6.471636319496611,2.817627403314418
458,125,5.850648142953105,6.204089983153608
459,125,5.182399083465498,5.0122720760400625
460,125,4.456675396499122,3.196155381318931
461,125,3.9010967736703606,2.168385729582951
462,125,2.6413243878560024,4.533542533387845
463,125,1.9583715358512563,3.2525843760063253
464,125,0.9818769971716392,3.9302990534797573
465,125,0.7805740733647326,3.6100928497430687
466,125,0.8537706119514041,1.5322279824727048
467,125,-0.13929501534312294,3.5988096348082763
468,125,-0.37800342995069514,0.7553660613639295
469,125,-0.5886805647342044,-2.086292179812972
470,125,-1.1148498548127463,1.5720741833661123
471,125,-1.1447254218828675,1.9305454219606872
472,125,-1.4416068745404118,4.401467853620943
473,125,-1.5103124805846164,2.5500286939031866
474,125,-1.1201784146378486,3.9602955173008922
475,125,-1.0700296235363567,6.346959201088339
476,125,-1.2457240864878258,6.29275726496644
477,125,-1.4823408932325037,7.215110149106749
478,125,-1.499676117728086,4.792504392893079
479,125,-1.1012068893014657,5.099540119111225
480,125,-11.886097966717898,3.368029167201712
481,125,-10.703919980528553,3.182009367426417
482,125,-9.994363434139814,4.663282266080387
483,125,-8.789998359084166,3.4475429681074274
484,125,-7.209597145311818,7.137319324770488
485,125,-6.801057878577922,8.77361562064516
486,125,-6.183914138937325,8.024297659515014
487,125,-5.802657599415397,7.5726745165020475
488,125,-5.165069661732559,5.0052944075237065
489,125,-4.644930763076445,3.177001659360485
490,125,-4.420886735044405,4.134840417048963
491,125,-3.694141265489634,-0.9074318576376754
492,125,-3.1288766079333072,-2.303125086070395
493,125,-4.239950350830441,-3.645279767514694
494,125,-5.377726843990786,0.47568472285001917
495,125,-4.925806314356123,0.648027325768453
496,125,-4.015188573247542,3.2012942341743837
497,125,-3.333666903642552,4.109537504839409
498,125,-3.4785219248906287,5.680129578852302
499,125,-2.308735394530231,-0.3006565747177774
500,125,-3.0157595246855635,-2.699383455248608
501,125,-2.509691965422462,-4.650827109398051
502,125,-1.5443612287544966,-9.745530393931404
503,125,-1.4411284631805756,-11.549504663202697
504,125,10.628143893916786,-8.684343567631913
505,125,-1.419828802291704,-9.54390791799051
506,125,-0.2878591751859858,-9.04745908977975
507,125,-0.08146811361075379,-9.856200320728021
508,125,-0.6421153559995219,-10.71343438613576
509,125,-0.5185515739276525,-14.674721704480817
510,125,11.09719108200079,-11.371014604151242
511,125,8.932076542235336,-8.224084381720786
512,125,7.870075256000746,-9.263063975877685
513,125,5.513739198216172,-6.855760917854241
514,125,4.695332768134904,-8.58360060708128
515,125,4.025878766075948,-8.739518211906216
516,125,3.421300059807436,-12.167769607670834
517,125,2.074034210832906,-14.509874493001917
518,125,1.356671505284794,-11.637744814415782
519,125,0.7905731764703887,-10.246876298229836
520,125,-0.22443035652395338,-9.403734653188621
521,125,0.29985975889758265,-12.952222869073012
522,125,-0.36379902449152723,-12.78481885535848
523,125,-0.8466910108090815,-13.133333920435689
524,125,-1.2438862822400552,-10.881721775565893
525,125,-1.5562620235614304,-16.06486779986062
526,125,-3.8506679639658614,-27.15787426058614
527,125,-3.234685790259391,-19.52377911247504
528,125,-4.06341864768001,-16.74574409965635
529,125,-3.8832671559848677,-20.99521860209643
530,125,-4.920843757252442,-14.312986711041503
531,125,-5.568188143352927,-14.757903112594704
532,125,-14.254091390540452,-17.708486724312934
533,125,-13.022362217227965,-22.015873399830525
534,125,-13.654085335053423,-18.810649181027202
535,125,-13.563990866323365,-14.219003911014624
536,125,-13.126659722282056,-26.18890862030048
537,125,-13.671779162726125,-17.341431923412983
538,125,-13.594094186099937,-12.97114535908031
539,125,-13.298484760321116,-12.298086161316405
540,125,-11.90609250903799,-10.028751794344771
541,125,-8.801973681548589,-8.695224729828169
542,125,-14.912319649561141,-11.313302026684596
543,125,-10.884033246884428,-11.682271251573184
544,125,-11.015851150254093,-7.142627658872698
545,125,-14.812328344403795,-32.048783194806674
546,125,-12.906803235289772,-32.67158011980746
547,125,-9.97577022889709,-21.619582883068688
548,125,-8.97143825945841,-14.348315806078517
549,125,-7.1858290959571605,-6.870158973024445
550,125,-5.5810769336058,-3.28319413492045
551,125,-4.181836860085241,4.4601924464709555
552,125,-4.398635900509362,0.6489132953543049
553,125,-4.4561130197744205,-5.134281149660637
554,125,-1.4059120166293724,-4.227840156113416
555,125,0.38858677887765225,2.4548158795446398
556,125,0.5734865859785714,4.3967661679944285
557,125,0.5584308771058204,6.447530560950781
558,125,0.23641314905398758,-3.2624174847401264
559,125,-0.7640983828796379,-0.6674926618488826
560,125,-0.5954057976441618,-1.2505193184538257
561,125,0.3937223737948443,-3.6043662201632287
562,125,2.2924485642861328,0.254068381043453
563,125,2.578060034086775,-6.9019225446236305
564,125,2.422142854341473,-4.389216004880836
565,125,3.5433227883522704,-4.495298570202522
566,125,3.409686108621827,-8.208659282076496
567,125,4.348641652490187,-8.395960513520095
568,125,4.966171568493337,-7.045388836268103
569,125,5.685363145506926,-7.068141761334573
570,125,7.417521422695245,3.236467044300298
571,125,8.056256111652147,1.0105582397827675
572,125,8.659849270751693,-1.444581791112796
573,125,9.595165301246197,0.20190852919085955
574,125,7.84262136489815,-9.286148414184026
575,125,7.39627240788468,-8.705357692552525
576,125,7.565342683942617,-7.247215015052689
577,125,7.311066974337336,-7.546207615714138
578,125,8.012536825951429,-4.163630718690001
579,125,6.995533304901983,-7.814317410508238
580,125,5.98523194716563,-13.07247616386212
581,125,5.661249897861126,-17.54027808775004
582,125,6.269297459640256,-18.909501318198636
583,125,8.538027370836062,-4.938067260811522
584,125,8.88755997959197,-4.993177519500705
585,125,7.571740452221093,-3.9060583090047203
586,125,6.512379630361465,-4.923404942004254
587,125,5.954246648909248,-6.342647040407883
588,125,6.0806386566573565,-2.3148875731967564
589,125,5.243956837369296,-3.2456172853189855
590,125,5.450090402657224,-1.1342250632840205
591,125,4.474898908400974,-1.5222407832370664
592,125,3.5083915401119157,-2.7872815278269627
593,125,5.498859128184449,-2.526635717416866
594,125,5.654326530395338,-4.657338021838768
595,125,4.361435719840301,-3.6574639501191086
596,125,2.7231284792469523,-9.669906160940627
597,125,3.546184268813704,-3.812214074698659
598,125,3.917367514477519,2.036437558953139
599,125,3.654344487840717,7.728499285530916
600,125,3.0437823977845255,9.544346172402811
601,125,3.5756649966861005,9.917273901757653
602,125,2.6430264315358727,10.782714391719082
603,125,2.9476190089153533,11.449555256954682
604,125,2.766002188742277,15.5387531597612
605,125,2.9560487903318062,13.171248791229345
606,125,3.0641139964773174,14.546991162744007
607,125,3.455969979636393,9.355026747149168
608,125,2.8512721572324153,9.630667825045293
609,125,0.9661822982961894,5.653546027915127
610,125,0.5325734270627436,8.62344047991678
611,125,0.30430554161739565,9.772258915406383
612,125,0.8534165351593401,9.72945796294357
613,125,1.5425778939161319,14.08700568621498
614,125,0.5794013729728249,9.765506058093706
615,125,0.5836854130538995,13.141968402520888
616,125,0.15763689749292098,9.001327198886429
617,125,-0.8545420994423694,6.951619101839697
618,125,-1.0160377734237045,2.8997566327457207
619,125,-0.8858459561042764,4.7797681323131656
620,125,-1.0375761135828725,11.741273972907948
621,125,-0.5249283899756847,7.9339398105257715
622,125,0.24211386016668257,7.20339302695993
623,125,-0.1865939884673935,9.819396793933265
624,125,-0.6880606950062429,10.274145976159616
625,125,-1.192566369931228,8.612093810203987
626,125,-0.5451883552059371,8.421298818249852
627,125,-2.152055975742769,-6.951236975180109
628,125,-1.8951624761257335,-2.157529635514493
629,125,-1.708955589899233,0.41011878424433235
630,125,-3.4789024873707604,-0.42045281060154593
631,125,-2.8621118559231036,-0.3598696532117174
632,125,-1.6671722446626518,6.916561622293557
633,125,-0.1059616716202072,16.027882488822797
634,125,-1.339147875506569,12.386021639514183
635,125,-0.16858067265820864,13.934277551115429
636,125,0.12991160430010495,14.381211480596903
637,125,-0.023923430374452437,8.698583218363638
638,125,-1.282858241559552,9.041596907071835
639,125,0.026928022359243187,23.176438734975363
640,125,1.2816965592692213,27.0537816777246
641,125,1.1160620094642582,28.315737880517645
642,125,0.5608844034595677,30.6042114163738
643,125,0.5059950431723337,25.259455467326006
644,125,8.730739800436822,27.86989468889169
645,125,6.925389861527947,30.324625418645155
646,125,5.290795948413688,13.978725041611597
647,125,5.373436534899156,12.620636754075349
648,125,4.963849638085776,17.39876798699879
649,125,3.9081135530277606,12.202182045720292
650,125,2.623667281798589,13.039387846064983
651,125,1.9853514471587914,17.418784344080905
652,125,1.4956257854546493,12.464180538246183
653,125,-0.15484223994008062,12.339582400422387
654,125,-1.381346427776407,12.242426255227201
655,125,-2.86018154460362,13.49829321041534
656,125,-19.066191664703183,12.453803649938436
657,125,-0.6992225794765545,0.4750865662126671
658,125,-0.5268213001818367,2.6800288230097067
659,125,-2.0996709931969235,2.401657577845981
660,125,-2.7722438016435262,10.737672131274394
661,125,-2.46577193599569,17.93456692821337
662,125,-3.577218445470862,23.695302204838754
663,125,-5.165946855684524,21.359848097046324
664,125,-3.805372557570081,13.191288550244735
665,125,-6.381052926615666,3.5235988030540284
666,125,-6.090165854174302,11.205655002796448
667,125,-6.757321240412239,16.50845066676675
668,125,-3.9531654297597925,22.786475927324318
669,125,-3.849226772515067,16.85812478228263
670,125,-5.097108865897098,16.185079440748268
671,125,-8.61412233673218,21.772363254356605
672,125,-7.448595383592874,15.176201631407821
673,125,-8.80096746718391,6.179394706264247
674,125,-9.736593206856014,3.6338969013081623
675,125,-10.649390841611421,6.12028767798347
676,125,-11.154960031970404,-1.1127284633798808
677,125,-11.057491254840897,-1.4795188701232291
678,125,-11.628492018613542,-14.45958319016654
679,125,-10.304467143428155,2.2894614724741587
680,125,-4.9711874297381655,-3.7105261434585373
681,125,-4.971187429739075,-3.7105261434580825
682,125,-4.9711874297381655,-3.7105261434585373
683,125,-27.039647189409152,-9.313720660890795
684,125,-24.603910035821173,3.8616823200168255
685,125,-19.634543239810228,26.760498181081402
686,125,-15.802285050907813,27.363106874601726
687,125,-13.854210290021001,23.16023851105774
688,125,-12.661286078377998,25.7990228262056
689,125,-11.257626864058693,26.15886908559787
690,125,-10.19986933985183,22.388443220474528
691,125,-8.818055838161854,22.126871389566077
692,125,-7.63134446362983,16.20382844218466
693,125,-6.204113750791294,17.82811732060736
694,125,-4.229980618563786,23.325301591391508
695,125,-3.763021128300352,24.619262020855786
696,125,-2.4976916809500835,28.93568792561473
697,125,-1.7659922743314382,28.158219292112335
698,125,-1.969670210404729,23.24802033026208
699,125,-2.080393832710797,20.468377321089065
700,125,-1.6876038399532263,16.651860696440963
701,125,-2.6804872674611033,4.571563400925697
702,125,-1.9513262942746223,9.53244136775993
703,125,-1.241731167358921,9.879244754848969
704,125,-0.47481470939510473,13.893198870122887
705,125,0.2452565413141201,21.64152727938381
706,125,-0.1128640226143034,17.51843718601367
707,125,-0.5875257894304013,15.249733617847596
708,125,-1.0205316819046857,13.504824810588616
709,125,-1.8743428738080183,12.699779752952963
710,125,-2.8925693673591013,10.1334046019183
711,125,-1.7465087829550612,16.52217083833648
712,125,-1.169570843978363,18.547441550137137
713,125,-2.206845173151123,16.321396265413114
714,125,-2.1610243211825946,14.216991864461761
715,125,-2.247693296672878,16.641020260462938
716,125,-3.128146665785607,15.147904846920483
717,125,-6.540138867858332,4.000445261154255
718,125,-8.841873582496191,-14.918718022492612
719,125,-6.868559342658045,-10.080478587771722
720,125,-4.256621126366554,-2.622421838986611
721,125,-4.29238468053245,-4.821897663573509
722,125,-4.457203101779669,-8.405637019458027
723,125,10.348258461675869,11.741922176900516
724,125,6.555571655829226,9.949265687500429
725,125,3.971332269325103,12.071371889382135
726,125,-10.679746762889408,1.8405834785030493
727,125,-7.606024197779334,24.021155122615255
728,125,10.541670948069623,35.190822588824176
729,125,6.376697579476968,18.380651679182847
730,125,6.6119826006979565,26.36755691544704
731,125,3.7965330335255203,21.089442649913508
732,125,4.483754086916633,31.486005842017676
733,125,1.4610819305253244,55.574381521613304
734,125,-0.15556377503344265,46.93234697903608
735,125,1.5589214228484707,27.325967603236677
736,125,-1.4745955529242565,23.391189636618947
737,125,-3.263749963256487,8.959272181359665
738,125,-1.1377247316895591,1.5349218507117257
739,125,-1.7264194880299328,5.726772082148727
740,125,-0.9626033887861922,16.495630329507094
741,125,0.8951490867902976,11.855830574309948
742,125,-0.8291367150850419,16.310359786995832
743,125,-2.0320240632181594,20.60791301195559
744,125,-3.7814822750315216,15.661783118302083
745,125,-4.138887054798033,9.169952264787753
746,125,-4.849453961433028,7.458241216054375
747,125,-5.068899298891665,13.925837924103234
748,125,-5.578612621906359,20.98612632404911
749,125,-4.82404892899558,13.348639198150067
686,270,-12.37581104614219,11.972812044490183
706,271,-0.5559791401774419,4.775998214089441
707,271,-0.22923313153478375,8.16919313304993
708,271,-0.22923313153478375,8.169193133050157
709,271,-0.22923313153478375,8.16919313304993
710,271,-3.4270642397605116,9.168627313869592
711,271,-5.896072717612697,-7.178121906346178
712,271,-4.071889224052029,2.8120413169995118
713,271,-1.9274632694441607,10.968898337205701
714,271,-0.8973828708130895,7.707025603840748
730,273,-1.8308545207437419,-8.680978799039167
731,273,-1.8835181226822897,10.97952966889352
